depth_m,gassiness_degree,open_violations,days_since_last_inspection,ch4_pct,co_ppm,o2_pct,ventilation_velocity_ms,workers_count,equipment_faults,strata_stress_mpa,temp_c,humidity_pct,grahams_ratio,gas_dispersion_index,inspection_risk_factor,risk_level
154,1,4,16,0.04,15,20.3,0.65,38,1,31.26,31.6,78.7,2.5,0.062,11.43,Medium
278,2,0,36,0.72,4,20.5,0.89,35,5,18.24,30.4,74.1,1.0,0.809,5.14,Medium
472,1,2,14,0.25,3,20.7,2.28,53,0,38.14,23.2,58.4,1.5,0.11,6.0,Low
427,1,4,41,0.1,11,20.9,3.46,89,2,17.77,29.5,79.7,5.5,0.029,29.29,Medium
143,1,7,41,0.38,4,20.7,0.93,56,1,15.98,26.8,62.3,2.0,0.409,46.86,Medium
290,1,6,18,0.31,9,20.8,3.28,91,5,33.48,29.2,79.0,4.5,0.095,18.0,Medium
450,1,3,37,0.19,10,20.4,3.06,50,1,39.2,30.5,68.8,2.0,0.062,21.14,Low
591,1,9,28,0.2,3,20.8,0.87,84,3,24.09,26.7,89.9,1.5,0.23,40.0,Medium
203,2,6,39,1.12,4,20.4,0.72,18,3,23.77,27.0,89.9,0.8,1.556,39.0,Medium
589,2,12,42,0.86,20,20.9,3.12,53,0,20.8,25.8,60.5,10.0,0.276,78.0,Medium
559,3,10,20,1.27,10,19.9,2.11,91,4,38.28,29.9,60.3,1.0,0.602,31.43,High
154,3,12,20,1.62,18,20.7,2.27,40,0,11.74,25.1,74.9,9.0,0.714,37.14,High
168,1,7,36,0.37,8,20.7,1.78,31,2,33.34,28.9,76.2,4.0,0.208,41.14,Medium
422,1,8,29,0.1,9,20.3,2.92,25,1,30.67,24.9,66.8,1.5,0.034,37.29,Medium
100,1,0,22,0.06,20,20.6,1.2,19,4,13.64,25.1,78.4,6.667,0.05,3.14,Medium
524,3,3,7,1.61,22,18.6,2.99,22,5,30.31,27.6,69.8,0.957,0.538,4.0,High
151,1,3,35,0.37,16,20.8,3.47,67,1,15.77,27.5,64.7,8.0,0.107,20.0,Low
140,1,8,1,0.17,3,20.4,0.31,21,1,14.63,24.2,72.0,0.6,0.548,1.29,Medium
439,1,12,30,0.27,17,20.4,1.4,46,3,35.78,31.1,80.6,3.4,0.193,55.71,Medium
99,2,8,4,0.66,7,20.8,0.6,50,0,30.54,22.7,71.7,3.5,1.1,5.14,Medium
230,1,1,44,0.24,4,20.6,2.46,40,3,17.66,23.6,86.2,1.333,0.098,12.57,Low
575,1,4,14,0.26,16,20.5,3.08,95,5,23.52,26.1,64.3,4.0,0.084,10.0,Medium
114,1,9,37,0.15,4,20.8,1.67,22,0,12.03,29.0,72.7,2.0,0.09,52.86,Medium
201,1,8,46,0.27,19,20.5,2.75,48,4,23.72,34.8,83.2,4.75,0.098,59.14,Medium
177,1,1,48,0.09,10,20.6,1.23,80,1,27.65,25.5,76.2,3.333,0.073,13.71,Low
92,1,6,18,0.07,16,20.6,1.88,15,0,31.82,26.3,59.6,5.333,0.037,18.0,Medium
49,1,11,10,0.06,11,20.5,3.75,79,0,10.78,32.8,75.4,2.75,0.016,17.14,Medium
80,3,3,44,1.03,29,20.6,1.18,41,5,29.22,23.3,82.3,9.667,0.873,25.14,High
206,3,12,12,1.04,41,19.1,3.21,62,0,29.93,24.3,87.4,2.278,0.324,22.29,High
150,1,0,31,0.32,9,20.4,2.74,38,1,17.07,32.6,71.1,1.8,0.117,4.43,Low
448,1,1,50,0.22,2,20.4,3.89,45,2,40.75,30.3,69.0,0.4,0.057,14.29,Low
222,2,4,3,0.74,36,19.6,3.63,23,4,19.08,27.6,80.5,2.769,0.204,2.14,Medium
234,1,11,28,0.3,8,20.5,0.56,10,4,29.12,34.0,73.8,2.0,0.536,48.0,Medium
378,2,10,8,0.41,12,19.7,2.76,48,4,25.11,26.0,69.3,1.0,0.149,12.57,Medium
428,2,2,40,0.32,24,20.1,1.94,82,2,23.99,27.3,84.2,3.0,0.165,17.14,Medium
258,2,12,48,0.45,19,20.4,1.13,31,5,27.64,23.1,73.0,3.8,0.398,89.14,Medium
243,1,0,16,0.26,8,20.7,1.72,70,4,22.02,33.0,57.5,4.0,0.151,2.29,Low
449,1,10,45,0.28,16,20.3,1.22,10,0,36.52,32.1,62.7,2.667,0.23,70.71,Medium
164,2,12,30,1.04,36,20.0,3.66,95,4,32.9,34.8,75.8,4.0,0.284,55.71,High
496,3,11,31,1.7,72,19.9,1.32,67,2,25.06,31.8,84.4,7.2,1.288,53.14,High
119,2,3,18,0.5,13,20.5,0.54,52,2,12.59,33.6,57.8,3.25,0.926,10.29,Medium
457,1,7,27,0.38,2,20.8,3.13,17,1,35.9,32.8,68.6,1.0,0.121,30.86,Medium
429,2,5,20,1.04,35,19.7,1.91,59,3,35.92,29.0,80.7,2.917,0.545,17.14,High
69,1,10,44,0.25,2,20.8,2.49,61,5,10.79,24.1,71.4,1.0,0.1,69.14,Medium
67,1,6,9,0.14,14,20.5,3.82,69,1,12.75,22.7,68.3,3.5,0.037,9.0,Medium
471,1,1,31,0.26,3,20.8,3.81,12,5,26.17,29.0,90.0,1.5,0.068,8.86,Low
244,3,9,10,1.14,42,20.3,0.92,40,1,34.85,28.2,59.0,7.0,1.239,14.29,High
661,3,11,8,1.52,58,19.4,2.95,30,2,30.01,23.4,55.9,3.867,0.515,13.71,High
117,2,10,16,0.23,40,20.6,1.58,23,5,23.33,32.0,84.8,13.333,0.146,25.14,Medium
478,2,1,33,0.56,27,20.4,3.37,92,2,29.71,22.2,69.7,5.4,0.166,9.43,Medium
196,1,11,34,0.19,20,20.5,3.45,93,2,29.49,30.0,87.2,5.0,0.055,58.29,Medium
128,1,7,16,0.34,7,20.6,1.61,69,4,9.89,29.9,68.3,2.333,0.211,18.29,Medium
304,1,9,45,0.29,17,20.6,1.19,45,4,15.65,22.1,88.2,5.667,0.244,64.29,Medium
527,2,7,29,0.8,27,20.1,2.26,12,0,25.01,25.8,69.2,3.375,0.354,33.14,Medium
475,3,8,22,1.6,50,18.8,2.28,55,5,23.41,27.9,65.7,2.381,0.702,28.29,High
229,1,11,31,0.39,8,20.5,1.64,45,5,26.05,29.7,81.6,2.0,0.238,53.14,Medium
349,1,8,9,0.06,17,20.4,0.35,45,0,31.46,34.7,74.4,3.4,0.171,11.57,Medium
331,2,7,22,0.17,35,19.5,2.63,33,0,17.01,25.3,85.2,2.5,0.065,25.14,Medium
94,1,12,37,0.25,9,20.8,1.71,48,0,26.7,34.9,59.1,4.5,0.146,68.71,Medium
493,1,9,28,0.38,8,20.7,1.28,49,4,36.09,30.1,76.3,4.0,0.297,40.0,Medium
123,1,2,36,0.12,9,20.5,1.35,19,1,23.33,22.0,70.8,2.25,0.089,15.43,Low
504,1,3,17,0.22,6,20.8,3.36,90,4,28.8,30.6,87.7,3.0,0.065,9.71,Low
113,1,12,20,0.19,11,20.7,3.79,86,5,19.36,32.7,87.2,5.5,0.05,37.14,Medium
552,2,7,6,0.13,18,20.8,3.39,86,0,34.29,33.6,80.7,9.0,0.038,6.86,Medium
629,2,0,49,0.64,32,20.8,0.97,96,2,25.93,29.5,81.7,16.0,0.66,7.0,Medium
639,1,7,6,0.07,15,20.7,1.37,70,2,24.49,27.3,66.2,7.5,0.051,6.86,Medium
450,3,8,3,1.03,75,20.4,0.3,68,0,40.53,26.1,66.3,15.0,3.433,3.86,High
595,2,0,13,0.15,21,20.2,3.73,76,2,31.48,30.1,72.4,3.0,0.04,1.86,Medium
488,3,7,8,1.29,62,18.7,3.97,13,5,22.0,29.9,63.4,2.818,0.325,9.14,High
156,2,1,42,0.54,34,20.9,1.2,29,3,26.83,34.1,65.2,17.0,0.45,12.0,Medium
604,1,3,39,0.32,15,20.5,3.21,75,5,27.73,33.4,85.2,3.75,0.1,22.29,Low
313,3,4,47,1.1,71,19.3,2.34,48,4,34.59,29.5,78.1,4.438,0.47,33.57,High
596,1,5,13,0.03,17,20.7,3.3,99,1,39.51,29.4,63.2,8.5,0.009,11.14,Medium
435,3,12,42,0.9,22,20.5,1.93,29,3,40.04,34.5,59.4,5.5,0.466,78.0,High
578,3,0,47,1.71,43,19.3,2.86,28,3,22.25,33.3,88.9,2.688,0.598,6.71,High
122,3,10,35,1.27,18,19.0,2.83,58,2,20.76,30.1,86.1,0.947,0.449,55.0,High
334,3,11,6,0.6,48,20.6,0.47,65,0,16.76,31.9,79.6,16.0,1.277,10.29,High
97,1,5,28,0.08,4,20.7,1.72,28,1,27.45,28.9,74.8,2.0,0.047,24.0,Medium
286,2,9,10,1.04,33,20.8,2.81,39,3,29.15,30.3,71.1,16.5,0.37,14.29,High
201,1,5,38,0.13,14,20.8,0.69,48,5,21.99,34.5,79.2,7.0,0.188,32.57,Medium
430,2,9,19,0.11,7,20.8,3.06,99,2,26.25,22.3,84.1,3.5,0.036,27.14,Medium
333,2,3,39,0.86,12,20.3,3.64,55,1,30.59,30.3,76.7,2.0,0.236,22.29,Medium
80,1,7,3,0.3,7,20.4,3.21,84,2,15.08,31.5,58.2,1.4,0.093,3.43,Medium
414,2,4,11,0.94,33,20.8,0.82,42,3,37.24,34.6,65.3,16.5,1.146,7.86,Medium
271,3,11,44,1.27,68,19.3,3.07,60,4,13.11,26.8,82.7,4.25,0.414,75.43,High
308,2,10,24,0.69,18,20.4,2.65,23,5,34.92,25.0,55.9,3.6,0.26,37.71,Medium
515,3,4,42,1.19,22,19.0,2.29,62,0,26.18,23.8,88.1,1.158,0.52,30.0,High
437,2,10,48,0.54,10,20.7,2.58,99,4,20.63,27.4,81.0,5.0,0.209,75.43,Medium
326,1,5,14,0.28,19,20.8,2.69,66,3,16.53,34.4,84.9,9.5,0.104,12.0,Medium
102,1,3,8,0.02,12,20.4,0.77,68,0,22.88,30.6,77.5,2.4,0.026,4.57,Low
618,1,12,36,0.07,2,20.5,3.94,36,4,29.34,24.8,85.4,0.5,0.018,66.86,Medium
173,2,12,12,0.93,24,19.4,1.28,24,5,18.92,33.3,59.6,1.6,0.727,22.29,High
169,2,8,8,0.57,18,20.8,0.46,18,3,24.47,27.8,67.7,9.0,1.239,10.29,Medium
573,1,10,2,0.29,16,20.3,0.6,17,3,22.92,33.0,69.9,2.667,0.483,3.14,Medium
662,1,2,18,0.24,11,20.6,2.54,89,5,31.69,29.6,79.9,3.667,0.094,7.71,Low
141,2,1,42,0.34,25,20.6,1.78,93,4,20.36,31.4,62.5,8.333,0.191,12.0,Medium
137,1,5,43,0.05,4,20.4,0.66,42,2,20.81,34.4,79.0,0.8,0.076,36.86,Medium
421,3,8,4,1.87,64,20.5,2.97,85,4,26.38,29.3,78.5,16.0,0.63,5.14,High
334,2,5,7,0.21,39,20.0,3.12,83,4,19.73,24.8,78.0,4.333,0.067,6.0,Medium
627,1,6,36,0.27,10,20.3,1.31,89,4,36.29,30.8,74.5,1.667,0.206,36.0,Medium
356,3,5,1,1.44,13,18.7,2.26,33,1,18.3,29.4,69.0,0.591,0.637,0.86,High
425,1,5,11,0.04,3,20.4,3.09,57,2,30.25,31.4,82.2,0.6,0.013,9.43,Medium
90,2,4,29,0.89,11,19.9,0.71,94,3,14.81,28.3,70.5,1.1,1.254,20.71,Medium
647,2,10,20,0.42,17,20.6,3.13,15,1,22.36,27.1,76.0,5.667,0.134,31.43,Medium
336,1,0,32,0.23,13,20.3,3.49,65,1,19.92,23.7,73.6,2.167,0.066,4.57,Low
83,1,7,5,0.12,14,20.3,1.5,50,4,23.44,27.6,69.2,2.333,0.08,5.71,Medium
672,2,11,24,0.65,29,20.7,3.06,21,3,36.93,33.0,63.5,14.5,0.212,41.14,Medium
266,1,2,5,0.15,6,20.4,0.84,75,5,34.39,23.5,72.8,1.2,0.179,2.14,Low
242,1,2,49,0.3,20,20.6,3.72,93,0,23.91,24.3,82.0,6.667,0.081,21.0,Medium
618,2,9,21,0.42,21,20.3,1.6,90,2,32.06,24.0,57.4,3.5,0.262,30.0,Medium
115,1,7,3,0.34,18,20.5,2.45,17,2,29.62,32.8,57.7,4.5,0.139,3.43,Medium
82,1,12,37,0.03,5,20.8,3.4,93,1,11.67,26.2,71.6,2.5,0.009,68.71,Medium
126,2,2,3,0.27,27,20.8,1.73,41,5,21.7,27.7,70.4,13.5,0.156,1.29,Medium
386,2,0,41,0.4,13,19.9,2.46,92,2,31.93,22.9,58.3,1.3,0.163,5.86,Low
184,3,4,42,0.86,58,20.0,1.52,99,5,33.11,27.1,75.8,6.444,0.566,30.0,High
170,2,11,44,0.48,15,20.8,1.56,77,0,18.93,30.4,69.8,7.5,0.308,75.43,Medium
537,1,2,10,0.34,18,20.3,1.55,19,2,37.93,33.0,58.5,3.0,0.219,4.29,Medium
672,1,6,10,0.07,16,20.3,1.65,30,1,42.22,32.8,82.0,2.667,0.042,10.0,Medium
283,3,9,19,1.14,34,19.3,3.8,67,1,32.48,28.9,65.8,2.125,0.3,27.14,High
491,2,4,50,0.94,12,20.7,0.49,58,4,37.88,28.9,88.8,6.0,1.918,35.71,Medium
532,3,8,7,1.93,28,20.4,0.64,76,0,25.85,25.7,81.7,5.6,3.016,9.0,High
267,3,5,2,0.45,38,18.6,3.74,63,0,21.94,27.2,68.1,1.652,0.12,1.71,Medium
383,2,2,3,0.57,4,20.8,0.37,46,3,32.51,31.0,59.9,2.0,1.541,1.29,High
260,3,8,47,0.52,40,19.5,3.24,87,4,18.2,27.5,82.2,2.857,0.16,60.43,Medium
508,1,7,39,0.12,2,20.7,1.19,78,0,35.95,30.2,75.1,1.0,0.101,44.57,Medium
466,1,10,6,0.4,19,20.3,3.53,77,2,29.83,22.9,73.4,3.167,0.113,9.43,Medium
84,2,5,17,0.76,25,19.6,1.6,12,2,25.69,32.3,67.1,1.923,0.475,14.57,Medium
386,3,2,50,0.54,68,18.6,1.05,97,3,20.02,34.8,71.7,2.957,0.514,21.43,High
244,3,5,20,1.66,34,19.2,3.49,75,3,18.18,34.9,74.0,2.0,0.476,17.14,High
88,3,5,18,2.02,53,20.7,2.14,25,2,18.75,27.7,69.0,26.5,0.944,15.43,High
549,1,12,34,0.33,19,20.5,0.68,44,0,34.18,31.5,57.8,4.75,0.485,63.14,Medium
375,2,4,29,0.14,26,20.3,1.91,87,5,23.81,27.5,79.1,4.333,0.073,20.71,Medium
98,1,10,26,0.07,16,20.3,0.55,56,4,31.32,32.4,78.8,2.667,0.127,40.86,Medium
415,1,9,3,0.31,20,20.4,1.66,87,1,25.3,30.8,88.2,4.0,0.187,4.29,Medium
361,2,3,8,0.22,20,20.5,1.09,13,5,36.95,24.4,73.1,5.0,0.202,4.57,Medium
666,1,7,13,0.18,4,20.8,3.88,25,1,44.22,33.1,70.8,2.0,0.046,14.86,Medium
367,2,11,5,0.85,15,20.6,2.18,80,4,18.96,25.8,65.5,5.0,0.39,8.57,Medium
164,3,12,9,1.75,26,19.9,0.62,40,3,18.95,22.3,74.4,2.6,2.823,16.71,High
356,1,11,47,0.06,12,20.7,1.96,71,4,28.7,27.3,69.3,6.0,0.031,80.57,Medium
569,1,12,36,0.37,3,20.8,2.22,91,4,30.61,24.4,88.8,1.5,0.167,66.86,Medium
351,1,5,46,0.04,8,20.7,2.34,38,2,21.59,34.3,73.2,4.0,0.017,39.43,Medium
168,2,9,35,0.28,25,20.7,2.39,21,4,24.14,30.3,75.7,12.5,0.117,50.0,Medium
69,1,10,50,0.26,17,20.8,2.32,83,2,17.72,30.5,81.8,8.5,0.112,78.57,Medium
349,2,12,44,0.54,33,19.7,2.54,61,2,18.52,27.9,79.1,2.75,0.213,81.71,Medium
360,3,5,47,0.87,69,18.8,1.96,54,3,28.48,23.7,68.0,3.286,0.444,40.29,High
184,1,4,25,0.14,20,20.7,1.0,88,3,14.43,25.2,85.3,10.0,0.14,17.86,Medium
203,2,8,30,0.58,19,19.7,1.61,73,2,20.51,28.5,58.2,1.583,0.36,38.57,Medium
91,1,9,42,0.06,10,20.7,3.13,96,3,10.85,25.7,55.3,5.0,0.019,60.0,Medium
414,1,0,37,0.19,19,20.5,3.96,81,1,25.62,26.7,65.1,4.75,0.048,5.29,Medium
665,1,1,26,0.24,14,20.6,0.47,57,2,26.09,29.3,67.8,4.667,0.511,7.43,Medium
180,2,12,31,1.08,24,19.6,3.97,76,3,13.85,23.9,86.3,1.846,0.272,57.57,High
346,2,8,33,0.49,11,20.9,2.46,78,3,34.23,31.2,65.5,5.5,0.199,42.43,Medium
67,2,4,42,0.65,28,19.6,2.82,84,4,19.21,25.0,56.8,2.154,0.23,30.0,Medium
72,2,11,8,0.31,36,20.6,3.71,34,0,17.71,27.7,69.7,12.0,0.084,13.71,Medium
103,2,8,14,1.1,33,20.8,1.57,81,2,17.62,35.0,71.7,16.5,0.701,18.0,High
402,2,11,44,0.39,23,19.7,3.9,92,5,39.03,25.4,71.9,1.917,0.1,75.43,Medium
344,2,11,14,1.08,21,19.8,2.42,98,5,28.05,28.4,71.8,1.909,0.446,24.0,High
596,1,6,23,0.37,10,20.7,1.09,28,2,22.8,22.5,88.4,5.0,0.339,23.0,Medium
591,1,8,45,0.03,18,20.4,1.16,44,1,26.52,23.4,80.9,3.6,0.026,57.86,Medium
142,1,11,31,0.37,15,20.7,3.56,22,5,22.76,32.0,55.2,7.5,0.104,53.14,Medium
527,2,3,49,0.78,18,20.2,2.98,46,2,37.62,25.7,57.1,2.571,0.262,28.0,Medium
78,3,2,27,1.99,47,20.5,0.33,32,0,19.84,35.0,68.9,11.75,6.03,11.57,High
621,2,5,19,0.99,33,19.8,3.29,68,5,44.05,29.1,72.3,3.0,0.301,16.29,High
378,1,7,42,0.23,8,20.4,3.47,42,5,34.43,24.4,80.8,1.6,0.066,48.0,Medium
455,3,8,21,0.88,41,18.5,1.72,21,3,20.75,30.7,61.5,1.708,0.512,27.0,High
497,2,5,20,0.35,11,20.1,0.89,84,5,27.05,29.4,64.2,1.375,0.393,17.14,Medium
554,3,11,50,1.41,38,20.7,2.07,49,5,26.93,23.5,87.1,19.0,0.681,85.71,High
505,2,9,24,0.8,17,20.5,2.82,63,5,31.53,29.1,71.5,4.25,0.284,34.29,Medium
650,3,1,34,0.41,74,19.0,2.29,67,4,35.79,31.1,57.7,3.895,0.179,9.71,High
208,1,8,29,0.21,3,20.6,2.2,24,5,13.38,24.7,75.4,1.0,0.095,37.29,Medium
507,2,8,30,0.88,8,19.5,1.57,96,2,38.27,31.4,68.9,0.571,0.561,38.57,Medium
105,2,0,5,0.77,30,20.0,3.6,70,0,11.88,25.7,61.3,3.333,0.214,0.71,Medium
499,3,6,25,1.85,25,18.9,2.29,20,5,21.67,34.5,85.6,1.25,0.808,25.0,High
581,1,3,1,0.16,9,20.4,1.58,12,2,30.7,28.0,80.2,1.8,0.101,0.57,Low
322,1,11,49,0.35,2,20.4,0.55,24,0,32.44,32.5,69.7,0.4,0.636,84.0,Medium
648,1,9,44,0.22,3,20.4,3.98,100,0,32.74,25.2,56.5,0.6,0.055,62.86,Medium
279,3,11,37,0.84,28,20.8,2.23,50,4,20.67,29.8,78.5,14.0,0.377,63.43,High
463,1,0,36,0.2,13,20.9,2.78,85,5,27.83,33.9,76.9,6.5,0.072,5.14,Low
577,1,6,27,0.34,11,20.8,0.83,29,2,31.79,26.9,81.4,5.5,0.41,27.0,Medium
514,3,8,27,0.89,20,20.6,3.43,63,4,24.97,28.9,68.6,6.667,0.259,34.71,Medium
134,2,3,4,0.3,39,19.7,1.07,44,3,30.32,30.8,76.1,3.25,0.28,2.29,Medium
380,1,0,14,0.1,8,20.5,1.19,34,5,26.99,23.5,90.0,2.0,0.084,2.0,Low
369,2,6,30,0.62,10,20.6,2.97,78,5,27.53,26.7,64.2,3.333,0.209,30.0,Medium
367,3,5,21,0.77,63,19.2,1.03,62,0,18.68,29.3,62.7,3.706,0.748,18.0,High
275,1,3,32,0.2,17,20.6,3.01,80,5,31.2,34.3,66.8,5.667,0.066,18.29,Low
400,1,11,35,0.03,3,20.8,0.58,72,1,31.4,33.9,74.0,1.5,0.052,60.0,Medium
89,2,6,9,0.58,7,20.3,2.77,90,1,13.47,22.9,60.3,1.167,0.209,9.0,Medium
671,3,10,32,1.6,46,18.5,3.31,12,0,23.18,28.9,69.4,1.917,0.483,50.29,High
480,3,2,7,1.77,44,20.3,0.59,22,4,30.63,23.9,61.7,7.333,3.0,3.0,High
455,2,3,45,1.0,6,19.5,1.7,38,2,33.06,30.9,84.7,0.429,0.588,25.71,Medium
605,2,10,1,0.45,10,20.7,3.7,99,1,36.6,23.1,84.6,5.0,0.122,1.57,Medium
275,1,11,37,0.36,20,20.7,0.96,70,2,35.09,22.6,57.6,10.0,0.375,63.43,Medium
362,1,3,38,0.23,20,20.8,1.74,28,5,22.23,32.7,87.5,10.0,0.132,21.71,Medium
593,1,12,48,0.03,15,20.4,0.58,27,5,44.21,31.4,72.5,3.0,0.052,89.14,Medium
659,2,9,26,0.34,39,20.8,1.9,51,0,33.29,30.2,82.4,19.5,0.179,37.14,Medium
639,2,1,50,0.26,13,20.5,1.47,89,2,23.94,32.4,80.0,3.25,0.177,14.29,Low
149,1,4,29,0.23,18,20.5,0.4,56,2,20.07,23.3,58.1,4.5,0.575,20.71,Medium
402,2,9,39,0.86,39,20.8,3.92,51,3,34.75,22.2,69.5,19.5,0.219,55.71,High
625,2,10,25,0.28,21,20.0,2.09,31,1,25.13,25.5,64.4,2.333,0.134,39.29,Medium
118,1,3,47,0.13,14,20.5,2.59,90,3,11.52,29.7,61.8,3.5,0.05,26.86,Low
377,1,6,42,0.2,7,20.9,3.88,86,1,32.11,25.9,76.1,3.5,0.052,42.0,Medium
338,2,10,32,0.48,40,19.7,3.99,83,1,33.31,26.2,64.8,3.333,0.12,50.29,Medium
224,2,8,2,0.17,30,20.4,0.81,69,5,31.55,24.7,82.9,6.0,0.21,2.57,Medium
350,1,10,10,0.17,18,20.9,3.52,64,3,26.25,23.0,89.7,9.0,0.048,15.71,Medium
468,2,12,24,0.36,26,19.6,2.57,99,4,20.32,29.7,87.0,2.0,0.14,44.57,Medium
616,3,10,42,0.77,75,20.2,2.36,61,2,21.65,34.6,70.1,10.714,0.326,66.0,High
629,1,5,26,0.02,5,20.5,3.71,69,5,30.0,29.7,72.5,1.25,0.005,22.29,Medium
127,1,11,10,0.15,5,20.6,2.88,54,2,21.68,26.5,82.4,1.667,0.052,17.14,Medium
366,1,0,46,0.07,9,20.6,2.34,24,0,31.4,33.0,77.7,3.0,0.03,6.57,Low
378,2,7,15,0.13,16,20.1,1.89,61,5,25.82,24.4,77.4,2.0,0.069,17.14,Medium
44,2,3,18,0.48,16,20.1,1.27,100,0,19.99,29.5,83.0,2.0,0.378,10.29,Medium
541,2,10,21,0.99,15,20.6,2.91,86,3,27.88,29.9,75.5,5.0,0.34,33.0,Medium
344,3,9,6,0.97,28,19.7,1.85,96,1,17.41,26.1,63.4,2.333,0.524,8.57,High
181,2,6,12,0.28,14,20.1,0.82,72,5,32.86,29.0,87.2,1.75,0.341,12.0,Medium
362,3,9,4,1.31,73,19.4,2.12,55,0,24.26,28.3,61.8,4.867,0.618,5.71,High
494,2,1,37,0.28,33,20.2,3.16,13,1,31.25,25.8,64.6,4.714,0.089,10.57,Medium
547,2,1,37,0.96,6,20.5,1.93,24,2,28.48,32.1,83.8,1.5,0.497,10.57,Medium
263,3,1,48,0.93,21,19.5,3.98,93,1,23.37,25.9,90.0,1.5,0.234,13.71,Medium
282,1,11,38,0.25,8,20.8,3.28,98,2,23.33,33.2,76.4,4.0,0.076,65.14,Medium
623,1,4,39,0.11,18,20.9,2.81,78,1,28.52,26.2,79.6,9.0,0.039,27.86,Medium
137,1,12,27,0.11,12,20.8,3.12,17,2,30.21,33.3,59.4,6.0,0.035,50.14,Medium
442,2,9,41,1.02,9,20.0,3.07,44,5,32.26,27.4,70.8,1.0,0.332,58.57,Medium
417,2,7,21,1.12,26,20.7,3.24,84,0,18.66,33.3,84.7,13.0,0.346,24.0,High
447,1,6,14,0.06,17,20.8,3.61,73,2,30.31,26.2,64.9,8.5,0.017,14.0,Medium
89,1,10,30,0.4,15,20.4,2.85,12,0,19.18,34.1,60.5,3.0,0.14,47.14,Medium
175,3,4,11,1.93,31,18.6,2.61,45,0,19.3,30.5,63.8,1.348,0.739,7.86,High
279,1,1,46,0.21,16,20.3,2.87,22,0,27.22,24.8,57.7,2.667,0.073,13.14,Low
163,3,6,45,0.48,50,19.3,1.41,26,3,27.61,22.9,68.4,3.125,0.34,45.0,High
431,2,12,9,0.78,32,19.9,1.09,92,5,16.98,23.9,73.6,3.2,0.716,16.71,High
195,3,9,44,1.36,59,19.3,1.89,66,1,28.93,23.1,58.5,3.688,0.72,62.86,High
183,1,10,6,0.38,2,20.8,2.74,41,4,17.41,29.8,80.2,1.0,0.139,9.43,Medium
348,1,9,33,0.32,9,20.6,0.72,34,5,33.51,27.1,77.6,3.0,0.444,47.14,Medium
551,2,1,34,0.7,27,20.2,0.94,11,2,40.43,34.1,59.6,3.857,0.745,9.71,Medium
522,3,12,5,0.41,60,19.7,2.63,12,4,20.01,22.9,64.2,5.0,0.156,9.29,High
553,2,6,45,0.19,9,20.2,1.05,61,0,23.49,30.3,73.8,1.286,0.181,45.0,Medium
199,2,6,38,0.87,19,19.5,0.62,91,5,27.74,30.9,57.3,1.357,1.403,38.0,Medium
484,1,9,39,0.01,6,20.7,0.91,17,2,22.32,30.7,78.0,3.0,0.011,55.71,Medium
395,2,12,47,0.87,11,20.6,0.41,43,1,36.84,26.8,81.2,3.667,2.122,87.29,High
479,1,1,17,0.2,20,20.4,0.88,83,5,26.62,23.0,70.9,4.0,0.227,4.86,Medium
145,3,10,47,0.32,15,19.6,1.72,24,1,30.23,31.6,55.1,1.154,0.186,73.86,Medium
193,1,0,36,0.13,4,20.6,0.74,93,3,32.81,24.9,63.7,1.333,0.176,5.14,Medium
93,1,12,34,0.34,12,20.4,1.99,15,3,15.1,22.9,71.3,2.4,0.171,63.14,Medium
417,1,9,20,0.31,8,20.7,2.32,89,1,28.27,28.0,75.7,4.0,0.134,28.57,Medium
291,1,6,2,0.38,2,20.8,1.69,39,4,34.33,26.5,84.4,1.0,0.225,2.0,Medium
354,1,8,16,0.12,3,20.9,3.62,63,3,18.27,34.5,89.0,1.5,0.033,20.57,Medium
572,1,5,30,0.04,20,20.3,2.75,20,4,39.98,23.2,59.7,3.333,0.015,25.71,Medium
173,1,4,21,0.1,8,20.4,3.15,60,5,21.19,32.8,66.4,1.6,0.032,15.0,Medium
151,1,2,29,0.09,11,20.6,3.45,69,2,32.93,27.3,73.8,3.667,0.026,12.43,Low
132,1,10,20,0.07,9,20.9,1.77,100,5,29.86,29.8,62.5,4.5,0.04,31.43,Medium
90,2,4,12,0.2,10,20.6,0.82,13,3,21.45,33.1,74.5,3.333,0.244,8.57,Medium
52,1,12,15,0.26,20,20.7,3.69,26,1,22.43,32.7,68.0,10.0,0.07,27.86,Medium
116,1,1,13,0.33,5,20.3,2.01,92,3,29.23,32.5,58.2,0.833,0.164,3.71,Low
212,3,6,47,0.69,33,19.1,1.95,60,3,15.45,22.4,78.9,1.833,0.354,47.0,Medium
192,1,9,40,0.03,10,20.5,1.85,41,5,24.02,25.8,69.4,2.5,0.016,57.14,Medium
578,1,12,35,0.2,20,20.6,1.74,12,3,33.52,32.2,67.6,6.667,0.115,65.0,Medium
224,1,9,15,0.31,9,20.9,0.67,13,2,24.31,22.8,89.7,4.5,0.463,21.43,Medium
286,1,12,48,0.37,7,20.4,2.49,17,1,22.47,29.5,89.4,1.4,0.149,89.14,Medium
407,3,0,46,0.64,73,19.7,0.95,99,2,29.69,34.3,74.7,6.083,0.674,6.57,High
78,1,3,39,0.09,6,20.5,0.96,38,0,29.98,28.8,55.0,1.5,0.094,22.29,Low
371,1,2,38,0.38,13,20.7,2.75,100,1,35.93,32.1,84.6,6.5,0.138,16.29,Low
640,1,4,21,0.2,12,20.4,3.88,27,1,37.34,31.5,70.3,2.4,0.052,15.0,Medium
668,2,3,43,0.29,4,20.8,3.81,85,1,29.77,26.9,80.7,2.0,0.076,24.57,Low
440,3,12,37,0.7,23,20.7,0.82,14,1,40.22,29.8,87.2,11.5,0.854,68.71,Medium
119,1,5,11,0.14,2,20.5,1.22,91,0,26.48,32.7,78.5,0.5,0.115,9.43,Medium
109,1,12,7,0.35,17,20.8,1.6,10,0,31.98,27.0,80.6,8.5,0.219,13.0,Medium
424,1,7,37,0.02,2,20.5,3.82,93,5,35.78,24.9,70.8,0.5,0.005,42.29,Medium
115,1,6,11,0.39,17,20.7,1.9,19,4,16.99,34.2,89.2,8.5,0.205,11.0,Medium
208,2,6,11,0.68,38,19.8,1.34,16,0,21.02,26.3,89.1,3.455,0.507,11.0,Medium
283,1,6,37,0.12,17,20.4,0.4,80,3,23.34,24.0,67.6,3.4,0.3,37.0,Medium
214,2,1,31,0.38,38,20.0,1.67,24,2,32.83,32.2,71.5,4.222,0.228,8.86,Medium
430,1,7,3,0.03,5,20.4,1.57,43,3,23.2,28.0,62.9,1.0,0.019,3.43,Medium
594,1,12,38,0.39,17,20.6,1.17,39,4,33.39,22.8,68.5,5.667,0.333,70.57,Medium
346,1,11,3,0.25,5,20.9,1.96,74,4,30.91,33.7,83.0,2.5,0.128,5.14,Medium
211,3,12,13,2.1,28,20.4,1.25,26,0,21.72,27.5,89.6,5.6,1.68,24.14,High
108,1,8,26,0.01,20,20.6,1.85,80,2,30.71,33.1,73.2,6.667,0.005,33.43,Medium
464,1,9,38,0.12,19,20.8,3.55,84,0,20.02,34.0,74.7,9.5,0.034,54.29,Medium
310,1,7,37,0.25,14,20.3,3.59,87,3,17.2,22.5,64.6,2.333,0.07,42.29,Medium
379,2,0,48,0.42,21,20.7,3.48,70,2,35.09,33.7,55.7,10.5,0.121,6.86,Medium
140,3,3,9,1.05,21,18.9,1.08,48,5,15.97,27.8,83.9,1.05,0.972,5.14,Medium
456,2,12,34,0.63,12,20.6,2.24,57,0,24.87,28.7,60.6,4.0,0.281,63.14,Medium
622,1,3,13,0.09,13,20.8,2.17,17,1,30.2,22.4,56.8,6.5,0.041,7.43,Low
166,2,3,24,0.68,26,19.6,3.61,72,4,21.54,27.8,88.6,2.0,0.188,13.71,Medium
132,1,6,4,0.1,8,20.5,1.82,30,4,14.61,32.1,62.5,2.0,0.055,4.0,Medium
60,3,12,44,0.32,42,19.9,3.79,11,3,21.93,33.8,77.7,4.2,0.084,81.71,Medium
321,1,6,23,0.25,20,20.4,2.19,68,2,26.52,24.8,65.6,4.0,0.114,23.0,Medium
423,2,9,39,0.39,24,20.7,1.27,46,2,24.65,30.9,71.9,12.0,0.307,55.71,Medium
345,1,8,49,0.27,6,20.7,2.72,40,0,29.03,32.5,83.1,3.0,0.099,63.0,Medium
342,1,6,26,0.08,9,20.7,2.66,59,5,28.28,22.5,79.8,4.5,0.03,26.0,Medium
527,3,10,23,0.63,22,19.6,3.04,74,2,40.21,33.0,84.4,1.692,0.207,36.14,Medium
612,2,2,44,0.42,25,20.0,2.47,52,5,39.16,23.2,67.4,2.778,0.17,18.86,Medium
514,3,7,4,0.65,25,20.5,1.71,91,4,30.18,29.5,76.7,6.25,0.38,4.57,Medium
345,1,2,9,0.19,12,20.8,0.97,35,2,36.38,27.3,74.9,6.0,0.196,3.86,Low
122,2,10,12,0.91,40,20.5,2.11,50,5,14.08,22.8,70.8,10.0,0.431,18.86,High
130,1,6,41,0.22,13,20.9,3.6,64,3,9.36,27.6,71.7,6.5,0.061,41.0,Medium
583,1,10,1,0.06,14,20.6,1.43,90,5,28.84,25.2,79.3,4.667,0.042,1.57,Medium
106,3,4,19,1.54,27,19.3,3.64,68,5,19.06,28.8,73.3,1.688,0.423,13.57,High
407,2,2,26,0.12,36,19.7,1.66,12,1,21.24,24.9,89.5,3.0,0.072,11.14,Medium
78,1,10,17,0.26,2,20.3,0.73,78,4,23.84,22.6,89.8,0.333,0.356,26.71,Medium
494,1,8,17,0.13,5,20.7,1.3,70,5,33.48,24.0,79.3,2.5,0.1,21.86,Medium
660,2,6,7,0.62,16,20.6,3.38,75,5,41.33,30.0,64.9,5.333,0.183,7.0,Medium
246,1,6,19,0.2,9,20.3,2.79,30,0,28.67,29.1,86.9,1.5,0.072,19.0,Medium
153,3,10,32,1.93,39,19.6,3.92,29,0,27.19,32.1,57.6,3.0,0.492,50.29,High
310,2,1,12,0.22,6,19.4,0.81,15,2,23.97,26.7,78.7,0.4,0.272,3.43,Low
214,1,7,40,0.17,16,20.5,1.73,44,5,15.74,23.2,83.5,4.0,0.098,45.71,Medium
529,2,10,11,0.27,30,20.8,2.09,24,1,41.84,31.1,57.1,15.0,0.129,17.29,Medium
622,2,2,40,0.86,12,20.1,2.11,58,2,42.67,29.9,85.2,1.5,0.408,17.14,Medium
461,1,1,17,0.3,20,20.4,3.84,93,2,30.12,22.2,85.4,4.0,0.078,4.86,Medium
386,2,11,45,0.8,28,19.6,3.36,89,0,27.22,27.6,80.4,2.154,0.238,77.14,High
667,1,10,11,0.2,9,20.5,1.33,74,3,24.47,33.1,85.4,2.25,0.15,17.29,Medium
559,1,10,25,0.04,17,20.6,0.74,61,1,33.73,23.0,70.5,5.667,0.054,39.29,Medium
549,2,0,7,0.93,23,20.7,2.38,61,3,39.55,22.5,74.2,11.5,0.391,1.0,Medium
507,3,5,4,1.59,56,20.1,0.72,38,3,33.07,26.3,81.9,7.0,2.208,3.43,High
267,1,5,41,0.07,6,20.8,3.05,47,4,13.77,28.8,79.6,3.0,0.023,35.14,Medium
459,1,9,13,0.31,12,20.4,1.83,34,0,28.44,34.1,68.8,2.4,0.169,18.57,Medium
642,1,7,30,0.22,3,20.6,1.9,94,4,34.02,34.4,59.7,1.0,0.116,34.29,Medium
639,2,8,50,0.51,24,20.2,1.72,32,5,25.06,29.5,80.6,3.429,0.297,64.29,Medium
663,3,12,16,0.54,62,19.9,3.58,45,3,33.44,34.5,89.0,6.2,0.151,29.71,High
564,1,11,36,0.09,11,20.7,3.71,50,5,25.32,31.6,74.4,5.5,0.024,61.71,Medium
175,3,10,12,0.93,71,19.8,3.79,74,4,13.14,31.0,66.3,6.455,0.245,18.86,High
467,2,8,19,0.8,16,19.8,3.21,64,0,21.16,28.8,55.9,1.455,0.249,24.43,Medium
333,2,2,4,0.58,39,20.7,3.05,98,2,22.93,24.7,73.9,19.5,0.19,1.71,Medium
614,1,8,45,0.38,12,20.9,0.5,46,5,30.65,30.6,87.4,6.0,0.76,57.86,Medium
297,1,12,29,0.22,8,20.8,3.87,38,5,31.55,31.2,77.7,4.0,0.057,53.86,Medium
341,1,10,5,0.12,10,20.4,2.46,33,1,15.5,31.6,59.2,2.0,0.049,7.86,Medium
301,1,7,46,0.37,11,20.6,2.42,29,0,14.75,24.0,66.3,3.667,0.153,52.57,Medium
406,1,11,21,0.07,19,20.6,0.64,77,1,35.02,34.4,73.2,6.333,0.109,36.0,Medium
266,3,10,22,1.15,11,18.8,1.58,52,2,27.49,25.8,88.3,0.524,0.728,34.57,Medium
286,3,9,40,2.0,59,19.1,2.98,41,0,35.13,30.9,66.2,3.278,0.671,57.14,High
65,3,12,24,0.65,75,18.7,0.66,75,4,29.18,27.8,56.5,3.409,0.985,44.57,High
590,2,10,5,0.98,17,20.2,2.9,36,5,37.2,30.2,62.5,2.429,0.338,7.86,Medium
485,2,1,48,0.18,15,20.6,2.36,97,1,19.03,22.3,80.1,5.0,0.076,13.71,Low
628,3,4,27,1.51,10,20.0,2.59,59,3,22.11,30.2,70.2,1.111,0.583,19.29,High
639,1,1,23,0.12,16,20.5,3.34,74,0,36.53,25.8,79.0,4.0,0.036,6.57,Low
71,2,8,15,1.11,13,19.8,3.58,27,5,20.87,27.1,82.9,1.182,0.31,19.29,Medium
422,3,0,36,1.27,20,19.2,3.07,81,1,30.87,23.6,55.2,1.176,0.414,5.14,High
392,1,10,33,0.05,20,20.8,3.45,28,1,21.87,24.4,76.6,10.0,0.014,51.86,Medium
602,2,8,5,0.61,25,19.9,2.78,47,5,38.46,22.9,58.4,2.5,0.219,6.43,Medium
280,1,9,5,0.28,6,20.6,1.65,34,2,28.83,28.3,66.5,2.0,0.17,7.14,Medium
363,3,2,1,0.8,56,18.8,3.01,50,1,30.46,32.2,79.9,2.667,0.266,0.43,High
531,2,5,50,0.98,12,20.7,1.03,49,3,33.83,29.2,61.2,6.0,0.951,42.86,Medium
118,2,0,33,0.32,6,20.2,2.31,90,0,27.41,32.6,75.3,0.857,0.139,4.71,Low
592,2,12,10,0.41,33,20.2,0.64,56,3,38.4,24.9,82.0,4.714,0.641,18.57,Medium
412,2,10,16,0.29,40,20.4,3.88,88,5,27.01,24.2,73.0,8.0,0.075,25.14,Medium
535,3,0,15,0.67,56,19.4,3.7,72,1,20.4,22.8,67.9,3.733,0.181,2.14,High
87,1,10,21,0.3,20,20.6,0.94,23,5,14.74,34.6,77.2,6.667,0.319,33.0,Medium
427,1,10,5,0.15,13,20.6,2.08,76,2,29.07,26.9,86.8,4.333,0.072,7.86,Medium
658,1,2,29,0.08,13,20.7,3.32,31,1,27.53,23.0,77.5,6.5,0.024,12.43,Low
275,1,5,47,0.26,15,20.3,0.46,24,3,27.05,30.8,71.8,2.5,0.565,40.29,Medium
627,2,2,41,1.07,37,20.8,2.52,75,0,25.67,33.6,60.1,18.5,0.425,17.57,High
617,2,11,47,0.59,34,19.7,3.37,94,2,35.98,34.3,62.6,2.833,0.175,80.57,High
655,1,9,50,0.14,16,20.7,0.55,33,4,39.76,30.6,64.3,8.0,0.255,71.43,Medium
427,1,1,2,0.07,5,20.4,3.64,35,4,26.75,33.2,72.7,1.0,0.019,0.57,Low
654,1,12,35,0.22,2,20.8,3.17,74,0,44.0,23.2,78.1,1.0,0.069,65.0,Medium
481,2,5,3,0.91,26,20.3,3.04,99,4,29.6,27.6,87.8,4.333,0.299,2.57,Medium
629,1,2,17,0.22,10,20.4,2.92,71,1,36.08,33.8,57.9,2.0,0.075,7.29,Low
47,2,1,34,0.48,13,20.0,2.47,10,3,14.76,30.5,79.1,1.444,0.194,9.71,Low
307,3,6,37,1.04,71,18.9,2.37,56,4,31.79,25.6,78.8,3.55,0.439,37.0,High
535,1,4,37,0.06,9,20.6,2.89,54,5,40.11,27.2,59.8,3.0,0.021,26.43,Medium
205,1,8,26,0.16,2,20.8,3.35,53,4,12.37,30.0,79.0,1.0,0.048,33.43,Medium
522,3,6,6,0.99,61,19.9,2.23,18,2,19.96,24.9,57.8,6.1,0.444,6.0,High
651,1,12,12,0.32,11,20.4,3.2,91,3,38.04,27.7,62.1,2.2,0.1,22.29,Medium
562,2,3,40,0.27,21,20.6,1.61,31,5,20.06,22.5,63.4,7.0,0.168,22.86,Medium
444,1,3,34,0.29,19,20.8,1.59,11,5,30.29,31.1,87.2,9.5,0.182,19.43,Medium
323,1,3,30,0.23,18,20.5,3.8,61,4,26.22,22.1,61.1,4.5,0.061,17.14,Medium
565,3,8,37,0.74,53,20.7,2.0,42,5,31.73,27.8,68.2,26.5,0.37,47.57,High
511,3,0,31,1.52,39,20.3,1.83,24,2,42.64,22.9,77.2,6.5,0.831,4.43,High
401,2,0,45,0.46,39,20.8,2.06,43,1,34.0,25.7,69.0,19.5,0.223,6.43,Medium
402,1,9,18,0.09,9,20.8,1.07,33,5,28.03,30.9,86.8,4.5,0.084,25.71,Medium
247,3,9,23,1.19,10,20.3,2.3,29,0,35.11,23.6,57.7,1.667,0.517,32.86,Medium
83,3,5,40,0.79,33,20.8,3.69,50,3,21.86,33.7,85.8,16.5,0.214,34.29,Medium
326,1,12,37,0.02,13,20.5,2.84,26,0,36.7,28.8,69.8,3.25,0.007,68.71,Medium
218,2,1,45,0.5,10,19.9,2.57,76,3,27.63,26.1,55.3,1.0,0.195,12.86,Low
305,1,4,16,0.18,15,20.7,1.68,44,3,18.04,34.5,67.0,7.5,0.107,11.43,Medium
450,1,2,37,0.32,19,20.6,1.71,26,4,34.55,30.9,83.5,6.333,0.187,15.86,Medium
189,3,11,10,1.83,50,20.3,1.41,70,0,34.62,24.3,72.5,8.333,1.298,17.14,High
615,3,0,26,1.81,22,19.5,1.54,22,5,27.48,24.1,62.5,1.571,1.175,3.71,High
409,1,8,17,0.25,20,20.6,2.7,54,0,32.54,27.4,67.3,6.667,0.093,21.86,Medium
218,3,4,23,0.44,46,19.6,3.84,51,5,22.18,28.6,82.1,3.538,0.115,16.43,High
211,2,5,27,0.27,18,19.9,2.72,90,4,12.99,29.4,84.7,1.8,0.099,23.14,Medium
313,2,6,18,0.28,5,19.6,1.17,66,2,24.63,31.7,73.2,0.385,0.239,18.0,Medium
297,3,11,48,1.88,16,18.6,1.77,20,1,14.96,24.2,58.6,0.696,1.062,82.29,High
125,1,9,10,0.3,16,20.7,0.79,20,5,14.63,34.1,68.6,8.0,0.38,14.29,Medium
214,1,10,23,0.22,6,20.9,2.88,51,3,33.79,28.1,85.5,3.0,0.076,36.14,Medium
221,2,7,41,1.05,34,20.2,3.28,91,4,24.34,27.7,77.4,4.857,0.32,46.86,High
492,1,6,17,0.06,11,20.6,0.33,29,2,36.5,22.1,73.3,3.667,0.182,17.0,Medium
543,3,7,20,1.29,34,19.4,2.37,11,3,38.7,32.4,75.9,2.267,0.544,22.86,High
444,1,11,48,0.25,18,20.8,3.67,92,3,19.0,32.8,62.7,9.0,0.068,82.29,Medium
318,1,11,35,0.05,16,20.7,1.31,44,3,17.23,24.4,57.4,8.0,0.038,60.0,Medium
677,2,5,2,0.4,12,20.5,2.99,29,0,46.26,34.6,55.8,3.0,0.134,1.71,Medium
278,1,0,32,0.15,3,20.5,3.42,37,2,24.91,27.5,82.5,0.75,0.044,4.57,Low
189,1,12,26,0.33,2,20.4,3.14,19,4,30.92,28.1,61.7,0.4,0.105,48.29,Medium
294,1,7,16,0.39,17,20.5,3.86,14,1,25.86,28.0,82.0,4.25,0.101,18.29,Medium
370,1,11,3,0.15,3,20.8,1.11,80,4,22.42,23.6,71.8,1.5,0.135,5.14,Medium
155,1,6,21,0.1,3,20.6,2.86,11,1,19.37,32.3,75.5,1.0,0.035,21.0,Medium
650,1,12,6,0.39,3,20.3,2.68,41,1,30.37,28.5,79.0,0.5,0.146,11.14,Medium
589,2,2,32,0.95,32,20.5,0.38,39,2,38.89,34.8,82.6,8.0,2.5,13.71,High
426,1,2,17,0.2,20,20.4,1.59,15,3,29.68,31.2,74.6,4.0,0.126,7.29,Medium
519,1,9,36,0.22,16,20.3,2.66,30,0,38.64,28.9,70.7,2.667,0.083,51.43,Medium
428,2,0,40,0.67,28,19.7,2.83,56,4,32.5,25.1,80.2,2.333,0.237,5.71,Medium
604,1,4,21,0.03,6,20.4,0.42,62,5,36.91,26.2,58.4,1.2,0.071,15.0,Medium
149,2,1,3,0.84,20,19.5,1.12,83,5,22.34,32.9,78.0,1.429,0.75,0.86,Medium
112,1,3,42,0.3,15,20.8,3.24,72,0,17.46,28.1,77.4,7.5,0.093,24.0,Low
99,3,4,34,2.03,22,18.7,1.15,15,5,31.15,22.9,65.6,1.0,1.765,24.29,High
434,1,8,43,0.17,5,20.8,2.43,41,4,34.83,30.1,61.3,2.5,0.07,55.29,Medium
509,2,6,7,0.66,32,20.8,3.64,31,1,34.51,29.1,72.7,16.0,0.181,7.0,Medium
603,3,5,24,1.31,37,19.4,2.34,62,5,35.68,27.6,80.4,2.467,0.56,20.57,High
300,1,7,29,0.21,11,20.3,3.94,60,0,27.8,31.4,89.4,1.833,0.053,33.14,Medium
259,3,0,50,1.33,22,18.6,1.62,98,2,26.17,33.9,72.9,0.957,0.821,7.14,High
181,1,9,16,0.37,4,20.7,3.23,39,2,20.12,32.5,58.2,2.0,0.115,22.86,Medium
217,2,11,45,0.71,9,20.6,3.71,83,0,28.96,29.7,65.5,3.0,0.191,77.14,Medium
382,1,6,27,0.26,14,20.3,2.24,25,1,37.84,31.7,84.7,2.333,0.116,27.0,Medium
366,2,2,21,0.51,32,20.5,2.43,74,5,32.71,24.9,56.8,8.0,0.21,9.0,Medium
132,1,4,26,0.22,10,20.4,2.16,28,1,27.19,26.4,71.7,2.0,0.102,18.57,Medium
173,2,7,36,1.15,37,19.8,0.57,35,3,23.79,27.1,75.0,3.364,2.018,41.14,High
480,1,9,6,0.14,2,20.8,0.93,24,5,22.57,27.4,67.8,1.0,0.151,8.57,Medium
398,2,12,29,0.82,13,20.5,3.46,89,1,21.55,27.7,87.3,3.25,0.237,53.86,Medium
155,2,3,40,0.57,5,19.9,3.04,28,2,12.55,22.2,79.3,0.5,0.187,22.86,Medium
256,1,8,49,0.28,2,20.5,3.65,43,4,15.79,28.3,80.5,0.5,0.077,63.0,Medium
579,1,2,4,0.27,2,20.3,2.74,46,1,21.75,32.3,76.6,0.333,0.099,1.71,Low
408,3,0,19,0.48,50,19.6,2.51,93,3,39.64,25.0,68.3,3.846,0.191,2.71,High
130,1,8,30,0.14,14,20.7,0.37,81,5,21.96,22.3,63.7,7.0,0.378,38.57,Medium
400,1,4,16,0.36,2,20.9,3.81,74,2,37.09,32.6,76.9,1.0,0.094,11.43,Medium
270,1,6,43,0.35,9,20.6,2.42,27,0,29.02,31.5,73.2,3.0,0.145,43.0,Medium
476,3,9,22,1.53,35,20.5,1.44,67,4,31.84,23.7,77.8,8.75,1.062,31.43,High
576,3,6,50,1.3,25,18.9,3.41,28,5,28.02,34.1,87.1,1.25,0.381,50.0,High
189,2,12,21,0.77,21,19.6,1.0,62,3,30.45,25.9,81.1,1.615,0.77,39.0,Medium
174,1,12,40,0.1,2,20.5,2.85,88,2,24.66,29.9,76.4,0.5,0.035,74.29,Medium
528,1,9,31,0.07,9,20.3,3.13,93,2,30.57,24.4,68.6,1.5,0.022,44.29,Medium
55,3,6,15,2.07,72,20.1,3.51,95,1,29.63,31.9,57.3,9.0,0.59,15.0,High
292,1,12,3,0.38,20,20.7,2.24,87,5,22.76,32.7,80.2,10.0,0.17,5.57,Medium
79,2,7,30,0.69,37,20.5,3.86,15,1,25.62,28.7,68.8,9.25,0.179,34.29,Medium
234,1,6,20,0.28,6,20.6,2.69,46,3,33.91,24.2,65.3,2.0,0.104,20.0,Medium
132,2,1,12,0.13,33,20.3,2.94,84,5,17.06,29.1,68.8,5.5,0.044,3.43,Medium
246,3,1,17,1.62,21,18.8,1.96,51,5,16.09,30.4,79.9,1.0,0.827,4.86,High
411,1,11,25,0.31,12,20.6,2.74,75,4,25.41,34.3,68.3,4.0,0.113,42.86,Medium
193,1,2,12,0.12,7,20.4,0.79,16,3,33.89,26.0,80.6,1.4,0.152,5.14,Low
247,1,12,17,0.25,17,20.4,2.48,11,3,31.55,28.5,72.5,3.4,0.101,31.57,Medium
527,2,7,6,0.76,17,19.5,0.85,86,4,25.85,22.1,85.9,1.214,0.894,6.86,Medium
397,1,0,43,0.17,7,20.4,1.35,83,4,17.1,25.9,87.2,1.4,0.126,6.14,Low
649,2,8,12,0.41,27,20.7,3.33,68,5,24.46,29.5,87.6,13.5,0.123,15.43,Medium
477,3,1,19,1.04,36,20.1,2.56,70,1,25.83,23.6,85.1,4.5,0.406,5.43,High
151,2,10,34,0.84,31,20.3,1.47,21,3,28.69,31.4,76.2,5.167,0.571,53.43,High
578,2,9,23,0.62,15,20.7,1.16,26,4,35.61,29.3,73.2,7.5,0.534,32.86,Medium
337,3,0,8,1.74,63,19.5,1.54,13,3,34.78,30.1,59.1,4.5,1.13,1.14,High
613,3,3,1,0.84,51,20.3,0.72,91,1,22.95,31.0,63.9,8.5,1.167,0.57,High
381,1,11,37,0.37,17,20.8,3.25,88,0,35.54,32.8,61.8,8.5,0.114,63.43,Medium
179,2,10,30,0.16,37,19.8,2.98,78,2,32.74,28.0,83.5,3.364,0.054,47.14,Medium
363,2,0,14,0.17,13,19.8,0.42,83,5,34.17,26.3,87.1,1.182,0.405,2.0,High
424,2,2,37,0.42,24,20.5,1.3,87,3,35.38,24.4,59.1,6.0,0.323,15.86,Medium
128,2,3,24,0.92,16,20.8,1.94,67,2,11.89,24.8,65.6,8.0,0.474,13.71,Medium
65,2,8,10,0.91,13,20.6,0.66,34,2,20.19,34.0,80.6,4.333,1.379,12.86,Medium
568,2,2,14,0.43,6,20.4,2.5,14,3,22.98,27.0,85.3,1.2,0.172,6.0,Low
129,1,0,7,0.26,8,20.5,1.01,76,5,27.43,31.7,55.8,2.0,0.257,1.0,Low
323,2,12,29,1.11,39,20.2,1.06,95,0,16.82,25.5,60.5,5.571,1.047,53.86,High
398,2,4,10,1.04,38,20.1,0.78,100,2,23.42,29.5,61.0,4.75,1.333,7.14,High
522,3,0,7,1.9,67,19.9,1.46,59,0,35.96,23.1,68.7,6.7,1.301,1.0,High
242,2,10,35,0.83,10,20.1,2.83,20,3,31.31,29.4,58.3,1.25,0.293,55.0,Medium
516,2,3,10,0.8,24,20.1,0.41,88,2,35.69,33.9,68.7,3.0,1.951,5.71,High
526,1,7,30,0.05,5,20.5,2.7,31,2,22.21,32.0,76.2,1.25,0.019,34.29,Medium
349,2,6,38,0.5,25,19.7,2.87,62,1,38.1,30.1,74.2,2.083,0.174,38.0,Medium
481,2,6,37,0.88,40,20.7,0.72,53,4,34.1,31.0,61.1,20.0,1.222,37.0,High
650,2,8,7,0.82,28,19.9,2.69,66,1,36.61,26.0,69.2,2.8,0.305,9.0,Medium
102,1,2,38,0.12,20,20.6,1.06,91,0,19.42,31.8,78.1,6.667,0.113,16.29,Medium
364,1,12,44,0.24,18,20.5,0.77,48,3,38.87,31.3,87.0,4.5,0.312,81.71,Medium
341,1,8,4,0.12,2,20.4,2.9,10,5,17.16,29.3,89.3,0.4,0.041,5.14,Medium
443,2,11,25,0.25,39,20.0,3.72,61,3,21.24,27.7,62.4,4.333,0.067,42.86,Medium
467,1,10,9,0.2,15,20.9,0.8,27,0,34.99,22.9,55.5,7.5,0.25,14.14,Medium
180,2,6,30,0.55,32,20.0,1.14,99,4,21.41,34.1,76.8,3.556,0.482,30.0,Medium
474,2,9,32,0.49,6,20.3,2.91,40,5,30.96,28.5,69.4,1.0,0.168,45.71,Medium
155,2,11,6,0.92,33,20.2,2.24,28,5,33.48,31.5,89.4,4.714,0.411,10.29,High
664,1,7,41,0.13,3,20.8,2.28,94,5,41.75,23.0,77.2,1.5,0.057,46.86,Medium
51,2,8,31,0.41,14,19.5,3.71,83,5,30.74,26.3,67.4,1.0,0.111,39.86,Medium
351,2,9,17,1.14,5,19.8,0.61,17,5,16.01,28.2,60.9,0.455,1.869,24.29,Medium
557,1,12,18,0.3,7,20.8,3.03,42,1,26.09,30.0,64.6,3.5,0.099,33.43,Medium
497,1,2,17,0.14,4,20.9,2.5,99,1,39.11,28.3,83.0,2.0,0.056,7.29,Low
197,3,12,27,1.34,54,18.6,1.28,59,1,14.94,30.6,80.4,2.348,1.047,50.14,High
158,1,7,26,0.1,14,20.6,0.84,70,2,32.09,28.2,88.2,4.667,0.119,29.71,Medium
485,1,12,29,0.05,19,20.7,3.84,58,5,41.07,26.1,73.6,9.5,0.013,53.86,Medium
482,2,10,18,0.51,19,20.5,2.48,52,2,33.75,25.5,58.4,4.75,0.206,28.29,Medium
239,2,10,45,0.11,10,20.2,2.84,33,2,31.94,29.1,78.5,1.429,0.039,70.71,Medium
399,1,4,17,0.27,8,20.9,2.66,34,0,38.5,22.3,58.2,4.0,0.102,12.14,Medium
162,1,9,9,0.08,5,20.7,1.24,58,5,29.33,31.9,77.7,2.5,0.065,12.86,Medium
518,2,1,41,0.91,20,19.6,0.57,68,2,34.97,32.0,79.2,1.538,1.596,11.71,Medium
103,1,5,4,0.09,14,20.4,2.12,43,2,32.08,24.3,57.4,2.8,0.042,3.43,Medium
187,2,6,14,0.14,8,20.3,1.23,88,5,16.89,23.4,70.5,1.333,0.114,14.0,Medium
496,1,7,10,0.07,12,20.8,2.43,93,5,27.77,22.0,56.3,6.0,0.029,11.43,Medium
567,2,12,32,0.17,18,19.4,3.83,71,3,39.67,27.3,80.5,1.2,0.044,59.43,Medium
533,1,8,23,0.26,13,20.6,3.86,52,5,43.25,25.9,56.9,4.333,0.067,29.57,Medium
122,3,12,50,1.49,48,20.1,3.62,47,5,32.27,24.6,74.4,6.0,0.412,92.86,High
407,2,10,29,0.35,28,19.5,2.3,34,1,40.09,22.5,55.9,2.0,0.152,45.57,Medium
355,2,12,29,0.53,17,20.6,2.77,12,0,32.18,26.4,66.8,5.667,0.191,53.86,Medium
509,3,8,10,1.48,70,20.6,2.59,84,1,22.12,34.0,56.3,23.333,0.571,12.86,High
288,2,2,1,0.58,14,20.7,0.54,32,5,32.25,22.6,65.8,7.0,1.074,0.43,Medium
148,1,9,40,0.39,14,20.5,3.91,38,0,29.18,32.5,69.9,3.5,0.1,57.14,Medium
629,2,5,14,0.9,14,20.4,2.35,15,4,28.3,24.3,57.2,2.8,0.383,12.0,Medium
489,1,9,3,0.07,17,20.3,0.33,27,0,27.25,32.3,77.1,2.833,0.212,4.29,Medium
131,2,9,19,0.32,21,20.2,1.82,63,5,25.89,32.5,82.0,3.0,0.176,27.14,Medium
218,2,0,39,0.92,26,20.0,2.36,33,5,26.5,28.5,88.3,2.889,0.39,5.57,Medium
236,1,8,7,0.19,8,20.5,1.02,89,2,24.08,33.2,89.5,2.0,0.186,9.0,Medium
192,2,7,32,0.4,31,19.8,2.58,32,1,26.28,30.7,56.5,2.818,0.155,36.57,Medium
504,1,11,4,0.04,9,20.7,2.49,78,1,30.96,24.1,56.0,4.5,0.016,6.86,Medium
373,1,11,44,0.3,8,20.5,1.12,51,1,17.68,32.1,66.4,2.0,0.268,75.43,Medium
522,2,0,28,0.24,16,20.3,3.91,28,1,28.35,34.1,70.9,2.667,0.061,4.0,Low
247,1,0,45,0.17,12,20.4,1.39,82,0,23.35,25.6,58.9,2.4,0.122,6.43,Low
200,2,10,40,1.0,35,20.7,1.1,31,4,13.08,34.6,84.9,17.5,0.909,62.86,High
524,3,4,1,0.7,29,20.6,3.62,64,5,29.52,33.3,63.7,9.667,0.193,0.71,Medium
467,3,0,31,1.55,22,19.5,1.19,74,0,37.11,27.5,68.8,1.571,1.303,4.43,High
611,2,11,47,0.2,34,20.4,0.9,62,1,36.82,23.7,65.4,6.8,0.222,80.57,Medium
510,3,11,38,0.63,57,19.9,2.9,13,3,35.63,28.0,59.9,5.7,0.217,65.14,High
41,3,1,25,1.56,36,20.3,0.6,98,2,25.09,28.9,65.4,6.0,2.6,7.14,High
383,2,0,33,0.75,27,19.9,2.7,96,2,24.35,33.5,58.9,2.7,0.278,4.71,Medium
108,2,12,14,1.09,17,20.5,3.12,27,2,20.18,25.1,59.0,4.25,0.349,26.0,High
368,1,4,33,0.2,18,20.8,2.04,97,3,23.49,25.6,57.2,9.0,0.098,23.57,Medium
584,2,8,19,1.13,8,19.7,3.57,67,4,37.24,26.8,78.6,0.667,0.317,24.43,Medium
129,1,2,19,0.07,8,20.6,2.62,19,0,12.78,24.1,58.9,2.667,0.027,8.14,Low
340,1,10,35,0.12,4,20.3,3.27,26,3,29.97,26.5,70.5,0.667,0.037,55.0,Medium
572,2,6,38,0.83,39,20.1,1.43,53,5,34.54,30.4,66.4,4.875,0.58,38.0,High
175,3,4,11,0.39,55,19.2,3.84,43,1,28.85,28.3,89.0,3.235,0.102,7.86,High
673,3,11,35,1.5,29,18.9,0.73,46,1,39.45,34.7,84.4,1.45,2.055,60.0,High
364,2,7,17,1.13,13,20.0,2.3,57,1,31.07,24.7,79.7,1.444,0.491,19.43,Medium
206,2,1,2,0.26,38,20.9,1.53,61,3,33.42,32.0,88.2,19.0,0.17,0.57,Medium
342,2,4,49,0.56,11,20.5,3.63,83,5,36.32,23.9,74.8,2.75,0.154,35.0,Medium
182,2,1,20,0.44,16,20.3,1.12,13,3,19.13,30.0,62.7,2.667,0.393,5.71,Low
324,1,1,35,0.09,12,20.7,2.19,67,5,26.38,30.7,58.1,6.0,0.041,10.0,Low
97,3,5,26,0.81,54,19.2,1.95,28,5,17.37,33.1,67.9,3.176,0.415,22.29,High
614,1,11,29,0.18,15,20.4,2.47,63,3,44.64,25.8,83.2,3.0,0.073,49.71,Medium
128,1,4,31,0.04,15,20.7,1.31,77,2,27.35,22.9,88.6,7.5,0.031,22.14,Medium
219,2,11,37,0.14,23,20.7,1.42,27,1,24.77,24.4,68.4,11.5,0.099,63.43,Medium
612,2,3,2,0.6,22,20.0,2.12,10,1,41.32,25.4,88.5,2.444,0.283,1.14,Medium
290,1,12,18,0.18,10,20.7,2.06,73,0,24.78,29.8,67.7,5.0,0.087,33.43,Medium
162,1,11,37,0.35,6,20.5,0.5,12,2,17.72,24.1,57.0,1.5,0.7,63.43,Medium
409,1,5,4,0.31,7,20.8,2.52,47,2,28.56,28.9,87.8,3.5,0.123,3.43,Medium
211,2,5,44,0.71,13,19.4,2.22,48,2,13.58,30.9,79.1,0.867,0.32,37.71,Medium
421,2,6,22,0.93,39,20.3,3.38,30,0,36.48,24.8,72.6,6.5,0.275,22.0,High
578,3,11,36,0.54,12,19.6,1.45,99,0,23.25,27.4,87.1,0.923,0.372,61.71,Medium
411,1,7,39,0.06,6,20.8,0.83,76,2,34.14,24.2,65.7,3.0,0.072,44.57,Medium
272,1,3,9,0.31,15,20.3,0.7,20,3,14.67,31.0,82.4,2.5,0.443,5.14,Medium
565,2,7,8,0.92,17,20.3,1.04,42,0,38.23,22.9,78.4,2.833,0.885,9.14,Medium
399,1,2,48,0.29,9,20.6,0.55,45,4,27.99,26.5,60.6,3.0,0.527,20.57,Medium
632,2,8,14,0.86,17,20.8,3.45,34,2,21.9,24.2,81.4,8.5,0.249,18.0,Medium
526,1,9,12,0.16,8,20.6,1.81,66,5,27.67,34.5,61.3,2.667,0.088,17.14,Medium
361,1,1,34,0.03,12,20.6,1.72,27,3,28.4,31.9,79.7,4.0,0.017,9.71,Low
507,2,4,44,0.3,8,20.7,3.27,66,1,39.2,29.2,65.2,4.0,0.092,31.43,Medium
416,1,10,32,0.06,14,20.5,2.49,96,0,32.64,27.2,73.3,3.5,0.024,50.29,Medium
144,2,2,5,0.23,31,20.5,1.33,56,1,33.38,26.4,75.8,7.75,0.173,2.14,Medium
635,2,12,42,0.61,21,19.6,1.98,61,2,31.58,28.2,76.1,1.615,0.308,78.0,Medium
165,1,7,15,0.2,2,20.9,1.72,90,1,30.05,22.4,80.8,1.0,0.116,17.14,Medium
374,1,9,40,0.19,11,20.7,2.11,22,0,27.16,30.6,73.2,5.5,0.09,57.14,Medium
307,2,12,35,1.06,28,20.1,3.46,79,0,24.0,34.4,56.1,3.5,0.306,65.0,High
493,2,0,12,0.62,12,19.9,1.74,81,5,35.27,33.2,65.6,1.2,0.356,1.71,Medium
152,2,7,43,0.26,7,20.0,2.13,80,5,23.29,29.0,71.4,0.778,0.122,49.14,Medium
426,2,5,50,0.48,5,20.5,2.61,46,2,19.73,22.8,75.7,1.25,0.184,42.86,Medium
429,1,5,23,0.13,4,20.8,0.54,62,2,22.36,22.7,63.5,2.0,0.241,19.71,Medium
352,1,2,2,0.21,15,20.5,2.88,78,2,24.94,22.5,78.0,3.75,0.073,0.86,Low
642,1,5,25,0.28,8,20.5,2.16,83,3,33.77,26.2,58.4,2.0,0.13,21.43,Medium
387,1,4,24,0.34,19,20.4,1.28,65,1,34.57,28.5,84.7,3.8,0.266,17.14,Medium
344,3,6,15,1.37,44,18.7,3.26,89,5,28.48,34.5,80.1,2.0,0.42,15.0,High
526,1,5,5,0.13,15,20.5,2.61,93,2,35.07,28.6,65.5,3.75,0.05,4.29,Medium
504,2,8,12,0.32,33,19.8,2.66,12,5,32.44,31.1,85.2,3.0,0.12,15.43,Medium
669,3,6,37,0.57,48,20.4,1.82,90,0,26.27,28.8,67.7,9.6,0.313,37.0,High
105,2,6,18,0.35,13,19.7,1.21,46,5,14.29,24.1,79.0,1.083,0.289,18.0,Medium
357,2,8,28,0.13,21,20.4,0.95,64,5,21.47,33.8,62.1,4.2,0.137,36.0,Medium
83,3,7,2,2.02,56,20.0,3.58,17,0,9.6,26.1,65.4,6.222,0.564,2.29,High
446,3,11,9,1.5,42,19.6,0.63,40,0,20.05,29.4,72.5,3.231,2.381,15.43,High
654,1,12,21,0.37,8,20.4,0.95,52,4,40.21,31.6,83.2,1.6,0.389,39.0,Medium
321,1,4,38,0.22,17,20.7,3.86,17,3,16.74,28.9,79.5,8.5,0.057,27.14,Medium
188,1,11,24,0.3,3,20.7,3.22,49,0,11.54,30.4,86.7,1.5,0.093,41.14,Medium
285,1,6,20,0.35,16,20.5,3.67,91,5,16.05,26.7,83.4,4.0,0.095,20.0,Medium
442,3,4,20,1.09,50,20.5,3.14,21,1,20.9,25.9,85.1,12.5,0.347,14.29,High
456,2,4,6,0.54,10,20.6,2.88,72,3,25.39,31.6,87.4,3.333,0.188,4.29,Medium
558,1,6,39,0.26,7,20.7,3.23,80,5,38.24,26.2,79.3,3.5,0.08,39.0,Medium
179,1,3,41,0.29,6,20.8,2.84,49,2,16.47,29.5,58.9,3.0,0.102,23.43,Low
367,2,11,9,0.31,30,20.0,1.76,43,1,34.36,30.9,83.9,3.333,0.176,15.43,Medium
426,3,9,15,1.93,69,19.0,2.89,12,0,31.69,34.0,77.6,3.632,0.668,21.43,High
212,1,9,28,0.23,2,20.7,1.91,86,2,15.38,23.9,88.5,1.0,0.12,40.0,Medium
504,3,7,8,0.78,73,19.4,1.9,38,5,38.12,24.6,88.1,4.867,0.411,9.14,High
251,2,4,47,0.4,20,19.8,1.97,96,1,15.78,27.4,69.3,1.818,0.203,33.57,Medium
294,1,10,42,0.28,8,20.7,2.92,68,0,21.11,22.1,59.7,4.0,0.096,66.0,Medium
651,1,1,36,0.4,3,20.3,2.17,17,0,44.07,26.3,63.2,0.5,0.184,10.29,Low
430,1,6,43,0.11,18,20.6,1.55,57,1,30.68,34.6,74.6,6.0,0.071,43.0,Medium
519,1,5,46,0.06,10,20.7,3.73,77,3,20.03,23.8,59.1,5.0,0.016,39.43,Medium
329,3,4,40,2.09,29,19.8,3.71,43,4,21.8,26.1,86.2,2.636,0.563,28.57,High
490,1,2,4,0.18,17,20.3,1.62,39,1,35.19,22.5,64.1,2.833,0.111,1.71,Low
614,2,7,8,0.98,36,20.6,2.38,28,0,28.17,26.5,62.1,12.0,0.412,9.14,High
639,1,0,34,0.27,12,20.3,2.82,83,1,40.41,27.4,57.7,2.0,0.096,4.86,Low
164,1,9,7,0.2,10,20.7,0.32,51,1,27.08,22.4,71.1,5.0,0.625,10.0,Medium
84,2,7,21,0.44,7,20.5,2.32,82,1,23.55,24.7,56.7,1.75,0.19,24.0,Medium
656,1,6,17,0.34,7,20.5,1.79,32,1,24.54,34.5,85.3,1.75,0.19,17.0,Medium
197,1,7,28,0.15,8,20.6,3.58,49,5,13.23,29.8,67.6,2.667,0.042,32.0,Medium
527,1,9,28,0.18,3,20.6,3.9,21,3,29.59,32.5,76.5,1.0,0.046,40.0,Medium
269,2,11,10,0.56,34,19.9,3.94,73,4,19.7,30.2,73.4,3.4,0.142,17.14,Medium
347,3,8,28,0.49,64,19.4,2.02,47,4,15.76,22.6,57.7,4.267,0.243,36.0,High
622,3,5,17,1.13,33,20.4,0.47,84,0,39.32,32.0,55.6,6.6,2.404,14.57,High
466,3,4,21,0.78,33,19.0,0.59,85,5,32.62,27.9,78.5,1.737,1.322,15.0,High
658,1,10,7,0.27,16,20.7,3.51,65,4,22.77,22.2,68.8,8.0,0.077,11.0,Medium
656,2,4,40,0.94,9,19.6,0.35,88,2,38.6,31.0,88.7,0.692,2.686,28.57,High
154,3,11,13,1.82,34,18.7,3.15,13,1,15.65,28.3,60.1,1.545,0.578,22.29,High
191,2,0,8,0.12,32,20.3,1.04,31,1,22.42,31.6,70.6,5.333,0.115,1.14,Medium
623,3,6,4,1.05,73,20.2,2.5,52,0,31.94,23.3,84.7,10.429,0.42,4.0,High
607,3,0,32,1.93,72,19.0,0.52,61,3,43.62,28.7,80.4,3.789,3.712,4.57,High
59,1,5,36,0.2,13,20.6,1.91,18,2,18.84,33.6,69.6,4.333,0.105,30.86,Medium
205,1,3,31,0.14,16,20.4,1.39,54,3,32.94,25.0,62.7,3.2,0.101,17.71,Low
439,3,10,42,0.81,21,20.0,0.78,56,3,31.9,32.4,84.6,2.333,1.038,66.0,Medium
244,1,7,7,0.02,10,20.5,0.89,63,3,13.23,25.9,62.3,2.5,0.022,8.0,Medium
555,1,1,22,0.11,12,20.8,3.15,65,0,25.25,30.0,59.2,6.0,0.035,6.29,Low
610,1,2,45,0.18,16,20.9,3.1,75,4,43.49,30.7,79.7,8.0,0.058,19.29,Low
148,2,9,7,0.32,27,19.6,1.38,81,0,12.53,28.6,60.8,2.077,0.232,10.0,Medium
492,2,7,47,0.99,32,20.9,3.15,22,1,21.61,30.4,66.7,16.0,0.314,53.71,High
46,1,12,31,0.3,13,20.7,1.21,53,2,16.09,28.6,58.0,6.5,0.248,57.57,Medium
582,1,3,9,0.21,13,20.9,1.94,64,3,43.39,33.9,86.4,6.5,0.108,5.14,Low
50,2,8,5,0.16,6,20.4,2.67,20,2,11.19,26.1,89.4,1.2,0.06,6.43,Medium
628,1,10,46,0.28,11,20.7,1.46,94,4,42.96,34.6,69.7,5.5,0.192,72.29,Medium
392,1,4,34,0.22,16,20.7,3.58,88,1,20.72,31.1,70.6,8.0,0.061,24.29,Medium
454,2,4,6,0.23,38,19.8,0.64,14,4,35.11,26.3,80.4,3.455,0.359,4.29,Medium
605,1,5,49,0.11,11,20.7,3.95,91,1,34.08,22.3,86.2,5.5,0.028,42.0,Medium
153,2,5,17,0.23,23,20.3,0.32,90,4,25.45,26.6,56.7,3.833,0.719,14.57,High
387,3,12,48,1.82,39,19.3,1.35,84,4,31.65,31.3,87.8,2.438,1.348,89.14,High
626,2,11,25,0.96,27,20.1,0.84,76,5,35.63,25.2,66.5,3.375,1.143,42.86,High
475,3,1,6,0.96,61,19.9,2.22,17,3,28.58,33.6,71.7,6.1,0.432,1.71,High
444,3,9,32,1.62,63,20.4,0.83,91,3,39.85,35.0,79.1,12.6,1.952,45.71,High
170,2,7,9,0.6,14,20.8,1.67,100,4,15.35,33.2,59.1,7.0,0.359,10.29,Medium
161,2,6,8,0.49,27,19.9,2.1,25,2,13.7,29.4,56.4,2.7,0.233,8.0,Medium
186,1,9,27,0.2,5,20.6,0.55,16,2,30.31,33.6,62.5,1.667,0.364,38.57,Medium
85,1,9,20,0.29,6,20.8,2.17,82,3,19.53,33.7,82.3,3.0,0.134,28.57,Medium
511,2,10,29,0.53,18,20.8,1.55,29,5,34.72,26.2,83.0,9.0,0.342,45.57,Medium
86,3,7,48,1.43,49,19.8,0.76,45,5,8.75,23.2,60.8,4.455,1.882,54.86,High
612,1,9,35,0.21,2,20.4,3.76,83,0,39.31,34.4,73.3,0.4,0.056,50.0,Medium
224,3,4,14,1.26,51,19.4,0.47,41,5,13.63,32.9,75.3,3.4,2.681,10.0,High
63,1,2,27,0.05,7,20.5,0.98,13,4,10.33,26.1,64.0,1.75,0.051,11.57,Low
131,1,6,44,0.03,14,20.4,0.83,31,0,9.93,30.0,66.4,2.8,0.036,44.0,Medium
371,1,1,4,0.3,14,20.9,1.3,35,1,27.11,31.8,75.5,7.0,0.231,1.14,Low
365,2,6,5,0.38,10,19.8,2.35,71,0,36.39,27.3,63.2,0.909,0.162,5.0,Medium
168,1,6,29,0.22,7,20.8,2.29,20,5,13.62,28.5,82.4,3.5,0.096,29.0,Medium
473,3,8,29,1.48,31,18.5,3.75,15,0,32.72,32.6,88.6,1.292,0.395,37.29,High
533,1,4,44,0.12,7,20.7,2.38,58,2,39.5,33.0,62.4,3.5,0.05,31.43,Medium
347,1,11,8,0.25,12,20.8,3.8,27,5,25.04,29.2,64.8,6.0,0.066,13.71,Medium
307,3,11,29,2.03,52,18.5,2.86,44,1,18.73,30.6,66.3,2.167,0.71,49.71,High
42,2,0,1,0.9,38,19.5,3.54,96,1,23.93,27.4,86.3,2.714,0.254,0.14,Medium
119,2,10,29,0.48,15,20.7,3.3,96,0,28.83,26.6,83.4,7.5,0.145,45.57,Medium
48,1,5,13,0.37,13,20.4,3.32,66,0,13.95,24.9,55.7,2.6,0.111,11.14,Medium
680,1,11,15,0.28,8,20.3,3.94,39,3,34.83,34.6,56.3,1.333,0.071,25.71,Medium
445,1,4,37,0.27,20,20.4,2.48,74,3,34.86,24.2,61.8,4.0,0.109,26.43,Medium
106,1,9,15,0.4,19,20.7,2.82,76,5,24.92,32.2,61.7,9.5,0.142,21.43,Medium
504,1,6,42,0.4,10,20.4,2.22,96,5,28.98,22.7,87.9,2.0,0.18,42.0,Medium
547,1,12,3,0.01,8,20.5,3.56,38,0,30.45,25.6,69.7,2.0,0.003,5.57,Medium
65,3,3,45,0.41,22,18.6,1.9,64,0,15.53,33.9,61.9,0.957,0.216,25.71,Medium
64,2,10,22,0.16,25,20.2,1.18,42,1,15.78,23.4,63.3,3.571,0.136,34.57,Medium
114,2,9,29,1.06,28,19.9,3.44,22,5,32.24,27.8,59.4,2.8,0.308,41.43,High
106,2,0,29,0.16,7,19.8,1.71,17,2,11.09,29.9,70.1,0.636,0.094,4.14,Low
138,2,6,15,0.55,10,19.9,3.77,86,5,20.59,30.1,70.9,1.0,0.146,15.0,Medium
66,2,5,38,0.93,16,20.8,0.77,34,0,9.27,23.3,75.8,8.0,1.208,32.57,Medium
561,1,6,31,0.06,20,20.6,3.85,89,3,21.08,24.4,59.8,6.667,0.016,31.0,Medium
406,1,8,50,0.39,18,20.7,2.81,28,1,23.14,28.1,76.1,9.0,0.139,64.29,Medium
98,1,8,4,0.32,12,20.4,2.06,64,2,30.25,24.5,62.0,2.4,0.155,5.14,Medium
518,2,5,38,0.58,6,20.1,3.7,82,2,22.84,30.0,69.7,0.75,0.157,32.57,Medium
268,2,7,40,0.95,28,19.7,0.98,37,1,32.25,28.2,81.9,2.333,0.969,45.71,High
46,1,1,23,0.24,13,20.3,0.41,13,4,11.82,23.5,65.2,2.167,0.585,6.57,Medium
242,1,3,17,0.08,10,20.8,0.38,32,2,16.75,33.0,63.6,5.0,0.211,9.71,Medium
180,1,12,8,0.27,18,20.9,3.99,53,1,29.93,26.0,63.4,9.0,0.068,14.86,Medium
484,3,1,8,0.97,64,20.7,1.2,28,1,27.18,32.3,61.7,32.0,0.808,2.29,High
87,2,9,13,0.94,12,20.7,3.88,78,2,9.45,32.3,66.5,6.0,0.242,18.57,Medium
540,1,1,31,0.26,18,20.5,2.22,94,4,37.53,22.8,72.8,4.5,0.117,8.86,Medium
223,1,5,34,0.17,20,20.7,1.07,98,3,18.02,31.3,72.3,10.0,0.159,29.14,Medium
247,2,3,26,0.98,20,20.2,0.8,37,2,15.95,27.5,68.2,2.857,1.225,14.86,Medium
126,1,8,23,0.19,15,20.5,3.28,39,4,17.22,22.5,72.9,3.75,0.058,29.57,Medium
364,1,0,12,0.12,18,20.6,2.68,66,1,36.74,25.5,57.7,6.0,0.045,1.71,Medium
323,3,1,8,0.89,48,20.2,3.14,19,2,18.79,22.5,62.0,6.857,0.283,2.29,High
321,1,9,9,0.32,14,20.9,3.34,79,2,33.76,22.1,65.5,7.0,0.096,12.86,Medium
52,2,8,49,0.35,39,20.5,2.97,29,3,12.34,25.0,80.3,9.75,0.118,63.0,Medium
512,1,1,21,0.19,19,20.3,0.81,34,3,23.83,32.0,79.4,3.167,0.235,6.0,Medium
171,1,11,1,0.28,14,20.8,2.85,73,5,20.33,32.8,66.9,7.0,0.098,1.71,Medium
346,1,0,37,0.26,20,20.8,3.93,14,1,22.58,24.0,88.3,10.0,0.066,5.29,Medium
249,3,1,35,1.45,48,18.7,0.69,59,1,35.31,28.2,66.5,2.182,2.101,10.0,High
606,1,11,39,0.12,9,20.5,2.24,72,0,44.26,24.4,57.4,2.25,0.054,66.86,Medium
505,1,8,1,0.05,19,20.6,3.05,31,2,22.39,33.2,69.4,6.333,0.016,1.29,Medium
438,3,3,9,1.39,49,19.9,2.16,36,2,28.34,27.6,79.8,4.9,0.644,5.14,High
509,1,0,10,0.14,20,20.8,2.0,67,0,24.65,32.7,76.2,10.0,0.07,1.43,Medium
629,1,1,19,0.16,7,20.5,0.96,92,3,40.74,26.5,84.5,1.75,0.167,5.43,Low
672,2,7,25,0.15,14,19.8,2.62,94,1,39.57,31.1,58.3,1.273,0.057,28.57,Medium
338,2,1,45,0.49,10,20.2,3.18,37,3,17.36,27.3,81.7,1.429,0.154,12.86,Low
459,2,4,14,0.89,28,19.9,1.78,74,0,34.14,28.0,57.6,2.8,0.5,10.0,Medium
239,1,0,17,0.2,4,20.3,2.73,24,5,29.94,33.9,66.4,0.667,0.073,2.43,Low
488,1,4,11,0.3,7,20.3,3.13,31,0,21.18,29.9,61.2,1.167,0.096,7.86,Medium
319,1,5,12,0.28,18,20.7,2.95,37,5,19.16,22.4,78.6,9.0,0.095,10.29,Medium
145,1,4,29,0.37,13,20.8,1.04,16,4,28.04,22.1,82.0,6.5,0.356,20.71,Medium
56,1,0,22,0.32,7,20.7,0.46,34,5,28.57,30.7,62.7,3.5,0.696,3.14,Medium
564,1,5,21,0.38,5,20.4,0.69,81,5,33.1,24.5,62.2,1.0,0.551,18.0,Medium
371,1,6,42,0.33,13,20.3,3.58,50,0,16.86,27.1,71.1,2.167,0.092,42.0,Medium
460,1,9,32,0.08,5,20.7,3.93,23,5,37.91,29.0,89.7,2.5,0.02,45.71,Medium
437,2,12,45,1.13,34,19.5,0.37,27,2,33.43,24.3,81.7,2.429,3.054,83.57,High
639,1,8,41,0.25,5,20.5,3.03,39,4,27.56,29.6,89.6,1.25,0.083,52.71,Medium
289,2,0,9,0.14,32,20.5,1.52,57,3,18.13,25.9,60.3,8.0,0.092,1.29,Medium
324,1,12,49,0.3,9,20.8,1.53,15,4,33.61,32.3,69.5,4.5,0.196,91.0,Medium
288,1,0,43,0.21,7,20.6,0.32,41,5,34.14,31.1,62.8,2.333,0.656,6.14,Medium
543,1,3,4,0.22,8,20.4,0.59,91,1,23.74,34.2,59.4,1.6,0.373,2.29,Medium
518,1,11,13,0.18,8,20.5,3.19,41,3,25.8,24.3,63.7,2.0,0.056,22.29,Medium
121,3,5,26,1.08,29,20.4,3.24,58,1,23.65,28.1,69.8,5.8,0.333,22.29,High
60,2,6,6,0.5,23,20.1,1.69,48,4,11.72,29.0,74.3,2.875,0.296,6.0,Medium
660,2,5,9,0.63,27,20.1,3.73,70,1,22.81,24.0,61.6,3.375,0.169,7.71,Medium
444,3,5,25,0.37,25,19.4,2.39,72,2,26.91,30.3,75.6,1.667,0.155,21.43,Medium
238,2,4,50,0.16,28,20.8,3.02,54,4,20.79,31.2,77.2,14.0,0.053,35.71,Medium
288,2,5,41,0.74,13,19.8,2.53,100,5,16.75,22.4,78.3,1.182,0.292,35.14,Medium
205,1,12,6,0.36,18,20.8,3.54,92,5,25.19,33.9,68.9,9.0,0.102,11.14,Medium
209,3,4,45,0.85,62,20.2,3.72,48,4,20.41,34.6,78.0,8.857,0.228,32.14,High
131,1,9,50,0.28,2,20.9,3.32,54,1,27.23,25.5,62.3,1.0,0.084,71.43,Medium
41,1,12,45,0.08,7,20.7,1.03,63,4,17.37,27.4,65.1,3.5,0.078,83.57,Medium
226,2,1,29,0.9,20,20.9,3.52,82,1,16.04,24.4,57.1,10.0,0.256,8.29,Medium
491,2,9,7,0.17,5,20.3,2.07,91,1,21.27,23.0,58.0,0.833,0.082,10.0,Medium
143,1,4,49,0.21,2,20.5,2.22,10,5,11.9,29.6,89.6,0.5,0.095,35.0,Medium
312,3,7,49,2.1,40,20.7,2.76,53,4,35.16,27.6,68.0,20.0,0.761,56.0,High
427,2,5,22,1.03,12,19.4,0.75,22,0,34.08,27.9,79.4,0.8,1.373,18.86,Medium
583,1,11,49,0.21,8,20.3,2.66,41,2,41.45,27.9,79.0,1.333,0.079,84.0,Medium
369,1,5,3,0.25,4,20.5,3.77,51,5,24.83,27.8,76.2,1.0,0.066,2.57,Medium
527,3,11,7,1.88,74,18.6,2.14,59,2,40.05,29.9,79.9,3.217,0.879,12.0,High
129,1,10,36,0.22,9,20.4,3.09,69,1,20.8,33.7,88.4,1.8,0.071,56.57,Medium
131,1,11,2,0.11,17,20.9,2.78,30,2,14.56,33.7,81.8,8.5,0.04,3.43,Medium
179,3,10,47,1.34,18,20.0,1.69,72,0,15.85,32.3,66.6,2.0,0.793,73.86,High
430,2,12,36,0.19,16,20.5,0.73,65,1,18.85,24.9,59.0,4.0,0.26,66.86,Medium
416,1,5,25,0.34,15,20.5,1.65,83,5,29.25,22.0,57.2,3.75,0.206,21.43,Medium
169,2,9,38,0.25,22,20.7,2.15,38,0,21.28,27.1,73.8,11.0,0.116,54.29,Medium
506,1,4,10,0.28,10,20.9,2.91,95,5,30.71,22.4,66.2,5.0,0.096,7.14,Medium
529,2,3,32,0.26,17,20.7,3.76,47,5,38.67,34.6,57.1,8.5,0.069,18.29,Low
270,2,0,50,1.06,14,20.9,2.33,32,3,32.31,31.5,65.5,7.0,0.455,7.14,Medium
385,1,7,23,0.37,19,20.5,0.78,60,3,22.4,22.9,80.4,4.75,0.474,26.29,Medium
634,3,0,46,1.17,28,19.0,3.28,48,3,32.46,30.5,75.2,1.474,0.357,6.57,High
240,2,0,24,1.1,31,20.4,0.92,83,0,15.54,30.8,89.6,6.2,1.196,3.43,Medium
97,1,7,12,0.39,14,20.4,0.74,16,0,22.67,34.7,77.8,2.8,0.527,13.71,Medium
446,2,11,39,0.8,9,20.6,3.5,32,5,40.94,31.7,82.2,3.0,0.229,66.86,Medium
431,1,10,29,0.27,18,20.4,2.47,57,0,28.52,23.6,57.9,3.6,0.109,45.57,Medium
626,2,11,48,0.56,40,19.6,1.5,22,4,37.12,24.4,71.9,3.077,0.373,82.29,High
590,1,11,2,0.03,20,20.6,3.33,60,4,33.47,32.6,82.4,6.667,0.009,3.43,Medium
167,2,3,43,0.57,24,19.6,0.78,25,1,10.3,33.2,79.3,1.846,0.731,24.57,Medium
251,2,1,36,1.11,14,20.0,3.8,42,0,19.44,23.1,59.4,1.556,0.292,10.29,Medium
40,1,0,34,0.13,13,20.7,2.19,47,5,18.77,28.9,59.9,6.5,0.059,4.86,Low
141,2,0,16,0.24,39,19.7,1.63,14,1,14.69,23.8,85.0,3.25,0.147,2.29,Medium
171,2,6,5,0.58,20,20.4,3.78,80,2,14.19,25.4,77.7,4.0,0.153,5.0,Medium
186,2,1,41,0.79,36,20.3,1.85,44,5,19.58,31.1,61.7,6.0,0.427,11.71,Medium
197,1,12,28,0.22,19,20.5,1.52,58,0,17.41,34.5,63.7,4.75,0.145,52.0,Medium
131,1,5,50,0.16,9,20.5,0.69,44,1,9.51,33.3,62.9,2.25,0.232,42.86,Medium
166,1,11,20,0.12,10,20.7,3.62,85,3,23.88,23.2,67.2,5.0,0.033,34.29,Medium
214,1,12,25,0.23,14,20.6,0.77,33,2,30.28,32.5,78.7,4.667,0.299,46.43,Medium
49,2,11,10,1.06,27,20.5,1.22,94,1,13.64,23.9,74.9,6.75,0.869,17.14,High
663,1,7,12,0.18,9,20.5,3.47,66,2,29.19,32.4,72.6,2.25,0.052,13.71,Medium
352,1,5,6,0.23,4,20.7,2.35,91,0,17.05,23.0,63.4,2.0,0.098,5.14,Medium
544,3,0,28,1.53,25,19.4,2.58,96,4,31.55,34.1,59.8,1.667,0.593,4.0,High
47,2,11,35,1.15,37,20.4,0.46,54,1,29.27,34.9,78.1,7.4,2.5,60.0,High
499,3,10,49,0.94,16,19.5,1.7,77,1,21.67,24.3,67.8,1.143,0.553,77.0,Medium
422,3,5,44,1.17,43,19.0,3.03,41,4,23.51,33.1,85.0,2.263,0.386,37.71,High
622,1,4,42,0.03,2,20.7,1.52,75,0,41.91,34.2,86.2,1.0,0.02,30.0,Medium
402,1,5,47,0.04,18,20.8,1.82,33,3,27.86,26.6,58.5,9.0,0.022,40.29,Medium
539,1,12,43,0.36,19,20.8,0.7,42,1,28.22,28.1,68.1,9.5,0.514,79.86,Medium
489,2,7,11,0.84,11,19.7,0.45,27,2,39.43,31.7,55.2,0.917,1.867,12.57,Medium
444,1,5,3,0.11,15,20.6,2.13,30,5,33.07,24.6,71.8,5.0,0.052,2.57,Medium
170,1,12,50,0.06,5,20.8,0.77,61,4,30.07,31.4,81.0,2.5,0.078,92.86,Medium
392,2,12,44,0.87,31,20.1,1.34,40,0,39.23,30.8,67.0,3.875,0.649,81.71,High
124,2,3,40,1.01,19,20.4,1.89,29,5,27.5,28.6,63.7,3.8,0.534,22.86,Medium
525,2,12,7,0.72,13,19.7,0.79,99,5,42.95,28.5,61.3,1.083,0.911,13.0,Medium
79,1,3,10,0.17,11,20.7,3.93,64,0,9.2,30.0,58.2,5.5,0.043,5.71,Low
267,1,7,4,0.12,13,20.7,1.21,75,3,19.14,30.4,65.7,6.5,0.099,4.57,Medium
88,1,0,4,0.25,15,20.4,3.81,94,5,14.92,26.2,65.0,3.0,0.066,0.57,Low
412,1,1,7,0.15,13,20.7,2.48,95,0,19.43,30.9,82.0,6.5,0.06,2.0,Low
659,1,10,18,0.3,5,20.3,3.88,36,4,25.61,27.0,86.1,0.833,0.077,28.29,Medium
235,1,7,7,0.31,19,20.7,0.46,19,4,23.26,30.0,65.6,9.5,0.674,8.0,Medium
236,1,11,17,0.37,4,20.6,2.24,81,2,29.12,33.6,70.7,1.333,0.165,29.14,Medium
555,2,2,39,0.16,16,20.5,1.77,45,5,42.81,34.6,65.1,4.0,0.09,16.71,Low
585,3,1,11,0.79,33,18.5,2.42,66,4,30.25,27.0,82.3,1.375,0.326,3.14,Medium
646,2,12,33,0.33,21,20.2,0.93,68,4,29.43,31.2,73.4,3.0,0.355,61.29,Medium
86,2,4,3,1.02,7,20.4,1.22,91,1,11.34,34.2,64.7,1.4,0.836,2.14,Medium
255,2,0,42,0.84,39,19.8,0.79,54,5,14.37,29.9,67.9,3.545,1.063,6.0,Medium
666,1,0,41,0.39,19,20.7,3.51,11,2,26.89,24.9,88.8,9.5,0.111,5.86,Medium
637,1,11,45,0.09,16,20.4,1.29,58,5,36.43,25.3,76.9,3.2,0.07,77.14,Medium
635,2,12,26,1.05,9,20.1,2.0,29,3,30.72,25.0,80.4,1.125,0.525,48.29,Medium
220,1,7,47,0.33,8,20.3,0.57,33,5,32.75,25.7,65.9,1.333,0.579,53.71,Medium
291,2,10,26,0.73,28,20.0,0.71,22,5,32.67,28.8,80.4,3.111,1.028,40.86,Medium
53,2,10,3,0.73,4,20.8,0.69,26,1,29.85,32.0,64.4,2.0,1.058,4.71,Medium
386,3,1,13,0.85,71,18.9,0.51,27,3,35.22,31.9,86.2,3.55,1.667,3.71,High
313,2,1,2,0.54,4,20.8,0.39,15,0,35.1,29.1,58.6,2.0,1.385,0.57,High
477,1,5,42,0.29,5,20.6,3.97,46,1,34.41,34.0,79.0,1.667,0.073,36.0,Medium
269,1,4,23,0.04,3,20.7,0.96,19,4,34.92,26.3,67.6,1.5,0.042,16.43,Medium
583,1,2,44,0.12,5,20.5,2.15,64,1,35.57,33.6,79.1,1.25,0.056,18.86,Low
417,3,12,46,0.56,28,19.4,2.97,19,0,35.09,33.2,89.2,1.867,0.189,85.43,Medium
529,3,1,37,0.63,59,19.3,2.13,64,5,43.1,25.6,58.2,3.688,0.296,10.57,High
532,2,6,39,0.5,39,20.1,2.27,91,2,41.42,23.8,88.0,4.875,0.22,39.0,Medium
585,2,3,25,0.95,18,20.5,1.17,20,4,39.26,31.3,73.4,4.5,0.812,14.29,Medium
42,1,0,24,0.15,6,20.5,0.83,81,3,8.48,34.4,87.2,1.5,0.181,3.43,Low
604,3,6,16,1.57,58,20.2,2.88,36,1,44.19,22.7,59.8,8.286,0.545,16.0,High
474,1,11,7,0.02,13,20.4,1.21,94,4,38.74,23.0,84.3,2.6,0.017,12.0,Medium
52,2,6,10,0.41,30,20.5,1.94,33,3,24.07,31.7,81.2,7.5,0.211,10.0,Medium
53,1,2,4,0.16,15,20.7,3.54,92,0,11.17,29.9,61.1,7.5,0.045,1.71,Low
607,2,4,37,1.12,37,20.0,3.82,74,2,24.94,31.2,69.8,4.111,0.293,26.43,High
256,1,0,15,0.04,16,20.6,2.71,60,1,26.92,32.7,89.2,5.333,0.015,2.14,Low
454,3,2,4,0.95,52,18.6,1.34,57,5,19.86,27.5,64.4,2.261,0.709,1.71,High
594,1,3,39,0.1,4,20.9,2.39,11,2,43.15,24.4,62.1,2.0,0.042,22.29,Low
617,3,7,3,1.65,60,19.7,1.46,16,2,44.96,23.2,65.8,5.0,1.13,3.43,High
440,2,2,45,0.63,13,19.4,3.25,96,0,29.09,26.3,86.4,0.867,0.194,19.29,Medium
528,2,0,19,1.1,18,20.7,3.29,30,1,34.22,30.9,57.8,9.0,0.334,2.71,Medium
184,2,2,33,0.57,12,19.9,1.63,76,5,29.05,29.9,73.3,1.2,0.35,14.14,Medium
481,1,11,50,0.38,20,20.7,2.14,97,3,32.59,25.1,89.9,10.0,0.178,85.71,Medium
55,1,4,36,0.07,10,20.6,1.61,21,3,29.79,23.2,66.0,3.333,0.043,25.71,Medium
112,1,12,30,0.37,5,20.9,2.11,43,3,19.41,34.7,81.7,2.5,0.175,55.71,Medium
412,3,6,27,2.01,57,18.7,1.83,89,5,36.58,23.7,67.8,2.591,1.098,27.0,High
500,1,10,3,0.23,6,20.8,1.38,89,5,35.29,22.7,82.7,3.0,0.167,4.71,Medium
202,2,1,15,0.66,33,19.6,0.97,59,3,22.29,30.7,67.2,2.538,0.68,4.29,Medium
150,3,6,50,1.39,37,20.1,2.06,65,1,17.97,27.2,57.3,4.625,0.675,50.0,High
325,2,8,10,0.73,28,19.5,3.29,70,1,14.88,30.3,66.2,2.0,0.222,12.86,Medium
480,3,3,4,1.44,20,18.8,1.31,37,0,24.48,34.4,78.9,0.952,1.099,2.29,High
123,1,11,29,0.03,15,20.5,3.09,63,4,13.49,24.8,86.3,3.75,0.01,49.71,Medium
208,1,6,31,0.15,20,20.5,0.34,70,4,27.92,31.0,60.6,5.0,0.441,31.0,Medium
651,1,11,43,0.3,12,20.3,3.62,84,4,42.04,23.9,78.2,2.0,0.083,73.71,Medium
191,2,5,8,1.09,12,20.4,2.66,96,3,34.49,25.4,80.3,2.4,0.41,6.86,Medium
632,1,3,48,0.09,8,20.9,3.9,34,3,36.22,31.1,82.1,4.0,0.023,27.43,Low
630,3,5,24,1.56,68,19.5,1.6,12,2,42.58,33.7,72.6,4.857,0.975,20.57,High
595,1,12,22,0.07,15,20.5,3.43,24,1,34.14,28.0,68.1,3.75,0.02,40.86,Medium
487,2,11,40,0.75,30,19.6,3.07,22,0,33.77,32.5,58.6,2.308,0.244,68.57,High
678,3,1,41,1.06,38,20.3,2.34,66,4,29.91,29.6,56.1,6.333,0.453,11.71,High
157,1,7,8,0.3,2,20.9,3.19,54,3,26.82,27.4,83.7,1.0,0.094,9.14,Medium
559,1,10,17,0.02,2,20.4,1.69,49,3,41.79,30.8,55.1,0.4,0.012,26.71,Medium
571,3,9,21,2.05,34,19.9,1.76,52,1,26.08,34.5,89.7,3.4,1.165,30.0,High
92,3,9,28,0.87,30,19.5,0.67,26,5,17.97,27.1,80.5,2.143,1.299,40.0,High
169,2,10,37,0.44,9,19.5,1.92,60,5,14.04,33.9,84.3,0.643,0.229,58.14,Medium
647,1,9,46,0.39,13,20.4,2.71,79,0,39.8,29.4,55.9,2.6,0.144,65.71,Medium
267,1,8,16,0.25,20,20.8,0.71,58,2,35.11,30.6,64.6,10.0,0.352,20.57,Medium
650,1,2,19,0.34,14,20.4,3.24,43,1,30.92,23.2,72.3,2.8,0.105,8.14,Low
463,1,10,5,0.19,7,20.4,0.34,36,5,32.78,27.5,86.1,1.4,0.559,7.86,Medium
222,2,10,39,0.74,38,19.4,2.23,14,0,23.16,34.7,89.8,2.533,0.332,61.29,High
300,3,3,39,1.86,24,20.6,0.41,13,4,17.16,22.3,72.9,8.0,4.537,22.29,High
181,1,11,45,0.29,11,20.6,3.29,26,2,12.73,25.6,62.0,3.667,0.088,77.14,Medium
486,2,6,13,1.11,10,20.3,3.14,42,1,35.37,24.6,84.6,1.667,0.354,13.0,Medium
359,1,3,47,0.33,5,20.7,1.89,72,3,32.9,33.5,69.8,2.5,0.175,26.86,Low
620,1,10,5,0.17,18,20.5,0.41,67,1,27.57,33.6,88.5,4.5,0.415,7.86,Medium
224,3,6,12,1.7,25,18.5,2.85,55,1,20.53,22.9,78.0,1.042,0.596,12.0,High
376,1,9,21,0.09,19,20.5,2.55,39,4,20.49,22.9,64.9,4.75,0.035,30.0,Medium
116,2,10,27,0.94,35,19.5,1.32,97,3,13.63,26.1,66.2,2.5,0.712,42.43,High
162,1,2,39,0.26,20,20.9,3.67,51,4,16.89,27.0,75.2,10.0,0.071,16.71,Medium
331,1,6,3,0.05,15,20.7,1.32,78,4,15.94,22.5,77.6,7.5,0.038,3.0,Medium
394,1,8,50,0.19,5,20.8,3.77,50,3,32.56,30.0,68.8,2.5,0.05,64.29,Medium
145,1,0,1,0.1,4,20.4,3.64,27,0,27.01,34.9,85.1,0.8,0.027,0.14,Low
417,3,8,1,2.0,19,19.1,2.85,98,0,19.08,25.4,82.5,1.056,0.702,1.29,High
428,1,2,9,0.24,15,20.7,2.77,84,3,20.25,23.6,66.2,7.5,0.087,3.86,Low
574,2,9,31,0.34,20,20.5,2.93,94,3,37.89,34.7,66.3,5.0,0.116,44.29,Medium
401,2,3,43,0.62,17,19.4,1.1,92,5,17.83,33.1,79.3,1.133,0.564,24.57,Medium
434,1,1,22,0.38,16,20.7,3.44,36,4,24.37,31.9,73.0,8.0,0.11,6.29,Low
148,3,3,24,0.64,45,19.5,2.84,59,3,28.42,33.3,73.0,3.214,0.225,13.71,High
631,2,2,30,0.38,34,20.4,1.97,23,5,32.84,23.4,55.6,6.8,0.193,12.86,Medium
311,1,8,6,0.14,16,20.5,0.66,55,3,24.12,24.8,68.9,4.0,0.212,7.71,Medium
431,2,6,13,0.62,31,19.6,0.48,47,1,29.48,27.2,75.8,2.385,1.292,13.0,Medium
294,3,3,8,0.8,61,19.4,0.67,16,0,26.12,29.5,63.4,4.067,1.194,4.57,High
314,2,2,14,0.2,36,20.8,2.6,54,5,31.46,25.7,75.9,18.0,0.077,6.0,Medium
352,3,11,16,1.12,11,20.0,1.88,31,2,22.77,30.9,60.8,1.222,0.596,27.43,Medium
61,1,4,5,0.19,2,20.6,1.22,31,5,15.98,31.9,55.3,0.667,0.156,3.57,Medium
152,1,0,37,0.07,5,20.4,3.27,97,2,13.82,32.9,73.4,1.0,0.021,5.29,Low
383,2,11,23,0.97,23,20.5,3.6,79,2,26.59,30.6,63.9,5.75,0.269,39.43,High
650,2,4,44,0.33,13,19.9,0.41,76,5,32.1,30.3,60.2,1.3,0.805,31.43,High
631,2,6,24,0.21,21,20.7,2.81,36,5,30.84,23.2,87.2,10.5,0.075,24.0,Medium
500,3,8,12,2.0,45,19.2,0.45,43,5,32.64,26.5,66.6,2.647,4.444,15.43,High
572,2,9,8,0.22,4,20.1,2.84,65,3,28.63,29.4,82.7,0.5,0.077,11.43,Medium
517,2,8,19,0.94,4,20.1,1.1,89,4,25.84,30.6,65.6,0.5,0.855,24.43,Medium
647,1,7,20,0.06,11,20.8,2.16,10,3,23.37,26.6,84.2,5.5,0.028,22.86,Medium
614,1,1,46,0.04,9,20.3,3.75,44,1,35.4,34.9,61.9,1.5,0.011,13.14,Low
294,3,10,25,0.84,49,18.9,1.91,64,3,19.62,34.6,58.4,2.45,0.44,39.29,High
370,3,2,44,0.45,69,19.8,1.69,35,2,22.48,23.8,74.4,6.273,0.266,18.86,High
487,1,8,29,0.15,16,20.6,1.82,98,2,26.76,28.5,79.0,5.333,0.082,37.29,Medium
68,3,0,50,0.74,75,19.4,2.6,63,0,14.96,31.8,76.5,5.0,0.285,7.14,High
619,3,0,49,1.87,68,20.4,0.61,60,1,40.85,27.2,55.2,13.6,3.066,7.0,High
316,3,10,7,0.9,17,18.8,2.46,52,4,25.46,23.3,65.2,0.81,0.366,11.0,Medium
563,2,0,45,0.33,13,19.9,1.45,36,4,31.96,23.9,80.9,1.3,0.228,6.43,Low
46,3,9,45,1.24,41,19.0,2.05,35,0,28.27,22.9,60.4,2.158,0.605,64.29,High
557,1,0,8,0.34,10,20.8,2.82,48,3,25.56,28.3,61.4,5.0,0.121,1.14,Low
671,1,2,41,0.21,19,20.4,2.08,12,1,28.55,23.8,81.1,3.8,0.101,17.57,Medium
336,2,9,32,0.59,31,19.6,1.35,57,5,33.6,25.6,68.5,2.385,0.437,45.71,Medium
163,2,0,38,0.14,26,20.8,2.03,48,0,24.95,30.4,86.3,13.0,0.069,5.43,Medium
509,1,2,23,0.21,7,20.7,1.6,74,4,31.33,24.7,86.6,3.5,0.131,9.86,Low
616,1,11,9,0.26,14,20.9,2.54,45,5,43.39,25.9,68.8,7.0,0.102,15.43,Medium
224,2,8,50,0.71,29,19.5,0.41,94,4,25.73,25.4,79.4,2.071,1.732,64.29,High
202,1,10,7,0.33,9,20.4,3.56,73,5,34.6,28.2,81.6,1.8,0.093,11.0,Medium
433,2,6,5,0.56,27,20.3,3.41,17,4,34.82,25.3,56.3,4.5,0.164,5.0,Medium
218,1,11,29,0.11,16,20.7,1.13,58,1,16.24,34.9,75.1,8.0,0.097,49.71,Medium
205,1,8,13,0.02,6,20.8,1.63,21,4,13.43,22.3,88.6,3.0,0.012,16.71,Medium
457,2,1,22,0.62,17,20.3,2.05,33,5,32.84,31.5,86.9,2.833,0.302,6.29,Medium
400,1,8,9,0.04,18,20.5,0.74,18,3,17.7,27.6,68.2,4.5,0.054,11.57,Medium
276,1,8,22,0.16,13,20.3,3.52,12,1,32.78,32.7,65.1,2.167,0.045,28.29,Medium
334,1,9,16,0.28,5,20.6,3.77,76,4,15.71,28.5,69.0,1.667,0.074,22.86,Medium
309,2,0,22,0.31,25,20.8,2.75,63,2,15.15,24.6,86.1,12.5,0.113,3.14,Medium
103,1,1,37,0.04,15,20.7,2.57,88,5,16.88,32.9,83.3,7.5,0.016,10.57,Low
122,3,7,9,1.47,65,19.6,3.19,44,5,21.23,22.5,56.2,5.0,0.461,10.29,High
273,1,0,2,0.02,17,20.3,3.13,35,4,29.23,29.9,68.3,2.833,0.006,0.29,Low
168,1,6,36,0.15,8,20.5,3.7,27,0,33.78,27.7,86.4,2.0,0.041,36.0,Medium
283,1,9,1,0.23,2,20.8,1.22,39,3,32.11,31.7,86.1,1.0,0.189,1.43,Medium
98,1,2,29,0.11,11,20.4,1.77,33,2,24.18,22.6,67.2,2.2,0.062,12.43,Low
165,2,1,17,1.06,18,20.1,1.42,79,1,18.69,28.4,80.7,2.25,0.746,4.86,Medium
415,2,4,42,0.21,26,20.8,2.91,41,4,29.37,33.6,66.2,13.0,0.072,30.0,Medium
676,2,1,14,0.49,13,19.5,1.17,27,4,27.96,25.0,81.0,0.929,0.419,4.0,Low
490,2,7,8,0.42,9,19.5,3.46,12,3,32.37,32.9,64.5,0.643,0.121,9.14,Medium
433,2,6,25,0.66,23,19.4,3.12,66,0,32.66,24.9,68.3,1.533,0.212,25.0,Medium
66,3,12,22,1.42,64,20.3,3.74,43,4,25.07,24.8,56.0,10.667,0.38,40.86,High
98,3,8,25,1.33,43,18.9,1.71,96,2,19.57,33.2,87.8,2.15,0.778,32.14,High
283,1,0,18,0.14,14,20.3,1.31,97,2,26.1,23.1,63.7,2.333,0.107,2.57,Low
315,2,12,42,0.38,15,20.1,0.36,87,0,21.58,23.6,74.9,1.875,1.056,78.0,High
49,2,5,31,0.39,39,19.9,0.54,91,4,29.76,24.8,57.1,3.9,0.722,26.57,Medium
224,1,12,18,0.25,3,20.4,2.72,43,3,15.13,23.7,77.1,0.6,0.092,33.43,Medium
228,2,7,38,1.14,20,19.4,3.43,50,0,34.54,29.2,63.0,1.333,0.332,43.43,High
401,2,0,39,0.18,17,19.9,1.67,40,2,18.74,23.4,72.7,1.7,0.108,5.57,Low
465,1,6,19,0.17,13,20.6,3.9,28,0,25.66,26.2,82.6,4.333,0.044,19.0,Medium
676,1,5,3,0.33,18,20.7,3.05,47,1,37.52,33.9,55.9,9.0,0.108,2.57,Medium
635,2,3,25,0.78,8,20.8,3.97,84,0,40.18,30.5,60.3,4.0,0.196,14.29,Medium
618,2,9,41,0.65,7,20.3,2.74,80,5,41.79,27.4,80.7,1.167,0.237,58.57,Medium
572,1,4,13,0.39,9,20.6,3.07,83,2,39.48,33.8,66.5,3.0,0.127,9.29,Medium
158,2,7,47,0.48,34,20.3,1.96,62,2,11.78,23.0,74.6,5.667,0.245,53.71,Medium
468,1,2,35,0.32,12,20.5,0.6,41,3,32.23,30.8,78.3,3.0,0.533,15.0,Medium
471,2,2,37,0.58,14,19.6,1.27,73,5,22.09,33.5,61.9,1.077,0.457,15.86,Medium
607,2,7,48,0.28,8,19.6,3.51,22,1,21.75,33.3,84.2,0.615,0.08,54.86,Medium
437,3,5,9,1.92,53,19.9,2.58,61,5,19.78,29.2,79.9,5.3,0.744,7.71,High
86,1,5,29,0.2,6,20.7,2.98,62,5,15.09,27.8,84.2,3.0,0.067,24.86,Medium
643,3,8,6,0.98,66,18.9,2.97,29,0,37.66,29.7,67.9,3.3,0.33,7.71,High
326,3,1,15,1.34,64,19.2,1.72,48,3,35.69,26.4,74.7,3.765,0.779,4.29,High
222,3,0,48,0.48,46,18.9,1.37,36,3,26.32,28.7,75.1,2.3,0.35,6.86,High
538,1,2,19,0.06,8,20.6,2.18,43,4,35.44,31.8,87.4,2.667,0.028,8.14,Low
212,1,0,35,0.09,20,20.6,1.95,78,1,11.92,22.1,84.1,6.667,0.046,5.0,Medium
169,3,4,8,1.86,45,20.2,0.73,100,0,16.54,27.8,70.1,6.429,2.548,5.71,High
402,3,11,15,1.62,19,20.1,1.46,19,2,26.93,24.0,66.7,2.375,1.11,25.71,High
79,1,11,34,0.02,2,20.4,2.47,50,1,29.04,32.9,78.1,0.4,0.008,58.29,Medium
265,2,4,31,0.31,9,20.8,3.47,29,3,19.41,32.6,80.7,4.5,0.089,22.14,Medium
259,1,1,32,0.11,14,20.7,1.17,81,4,22.51,24.7,61.2,7.0,0.094,9.14,Low
397,2,10,12,0.76,26,20.2,1.39,48,1,27.69,33.4,78.4,3.714,0.547,18.86,Medium
264,1,12,49,0.06,16,20.9,2.74,46,3,28.5,34.6,66.4,8.0,0.022,91.0,Medium
395,2,11,9,0.38,17,20.7,3.2,71,3,16.57,29.8,79.1,8.5,0.119,15.43,Medium
102,2,5,17,0.37,7,19.8,2.99,96,2,18.75,27.3,83.3,0.636,0.124,14.57,Medium
387,2,0,20,0.92,11,20.8,2.57,67,3,28.54,24.9,85.6,5.5,0.358,2.86,Medium
377,1,8,2,0.31,19,20.3,0.48,12,3,37.32,23.2,79.7,3.167,0.646,2.57,Medium
255,1,3,11,0.37,12,20.5,2.35,78,3,31.61,33.2,63.0,3.0,0.157,6.29,Low
294,3,0,2,0.81,13,19.0,3.16,77,0,14.36,28.5,82.7,0.684,0.256,0.29,Medium
293,1,11,8,0.35,4,20.3,2.97,58,5,34.36,27.2,83.6,0.667,0.118,13.71,Medium
465,1,11,35,0.33,11,20.8,1.87,87,1,27.01,23.2,75.6,5.5,0.176,60.0,Medium
63,1,7,13,0.18,9,20.9,2.38,22,2,16.61,34.6,75.2,4.5,0.076,14.86,Medium
534,1,11,35,0.38,19,20.7,1.97,74,1,36.81,27.0,89.8,9.5,0.193,60.0,Medium
631,3,6,50,0.9,20,18.7,0.93,39,3,37.2,26.8,74.7,0.909,0.968,50.0,Medium
541,2,1,10,0.9,7,20.6,1.23,61,4,39.68,32.9,73.3,2.333,0.732,2.86,Medium
358,2,2,3,0.82,39,20.6,2.32,51,5,15.08,29.3,69.2,13.0,0.353,1.29,Medium
360,3,3,21,1.62,23,19.5,0.59,69,5,32.75,28.3,74.4,1.643,2.746,12.0,High
170,2,2,34,1.03,35,19.7,3.27,25,1,12.98,24.6,85.4,2.917,0.315,14.57,High
538,1,8,27,0.37,10,20.6,2.58,61,0,26.51,25.9,70.2,3.333,0.143,34.71,Medium
420,2,2,10,0.49,20,20.1,1.08,47,4,39.35,30.9,83.1,2.5,0.454,4.29,Medium
378,3,11,9,0.62,70,18.7,3.91,31,4,23.07,31.3,71.6,3.182,0.159,15.43,High
359,2,3,45,0.72,8,19.9,2.37,22,4,29.97,28.0,58.3,0.8,0.304,25.71,Medium
271,1,0,13,0.13,14,20.9,2.38,45,2,26.8,32.7,85.4,7.0,0.055,1.86,Low
247,1,2,7,0.21,14,20.5,3.16,37,2,15.22,24.3,74.7,3.5,0.066,3.0,Low
646,2,12,48,0.34,17,19.5,3.27,88,5,22.21,33.8,62.3,1.214,0.104,89.14,Medium
190,1,7,1,0.18,17,20.5,2.15,51,0,23.03,33.6,56.8,4.25,0.084,1.14,Medium
160,1,6,25,0.22,8,20.9,3.8,59,5,22.53,28.2,65.9,4.0,0.058,25.0,Medium
324,2,6,36,1.04,26,19.7,3.5,66,3,16.99,31.0,63.8,2.167,0.297,36.0,High
517,2,5,47,0.3,27,19.7,3.07,64,1,41.02,30.0,85.7,2.25,0.098,40.29,Medium
50,1,5,34,0.37,18,20.9,2.55,34,0,29.11,29.6,66.5,9.0,0.145,29.14,Medium
74,2,10,31,0.16,40,20.6,3.49,60,0,14.43,34.9,79.6,13.333,0.046,48.71,Medium
522,3,10,30,1.75,14,19.3,2.57,72,1,37.06,28.2,85.6,0.875,0.681,47.14,High
196,2,2,9,0.85,24,19.5,2.31,20,3,21.54,32.8,59.2,1.714,0.368,3.86,Medium
238,2,11,2,1.05,27,20.2,3.78,52,5,28.97,33.0,66.1,3.857,0.278,3.43,High
452,1,10,43,0.11,7,20.6,1.32,17,0,20.84,24.5,81.6,2.333,0.083,67.57,Medium
243,2,6,12,0.69,11,19.9,2.4,91,5,19.54,32.9,87.9,1.1,0.287,12.0,Medium
128,2,7,6,0.76,5,20.6,3.22,24,0,16.82,24.4,58.0,1.667,0.236,6.86,Medium
262,2,7,6,0.3,12,19.9,1.7,41,2,34.19,32.9,77.5,1.2,0.176,6.86,Medium
333,1,2,37,0.08,11,20.5,1.93,50,3,35.53,24.9,61.6,2.75,0.041,15.86,Low
134,2,9,24,0.28,28,19.6,2.4,54,5,25.84,28.8,84.0,2.154,0.117,34.29,Medium
484,1,12,44,0.3,10,20.4,3.16,46,1,31.34,26.4,88.9,2.0,0.095,81.71,Medium
304,1,4,3,0.24,13,20.6,2.74,24,4,16.96,30.6,61.5,4.333,0.088,2.14,Medium
74,1,1,41,0.36,7,20.8,1.43,55,0,15.93,24.1,71.6,3.5,0.252,11.71,Low
518,2,12,2,0.52,19,19.8,1.68,66,4,29.39,27.9,75.2,1.727,0.31,3.71,Medium
385,2,6,20,0.54,21,20.8,1.78,15,1,27.79,31.9,86.5,10.5,0.303,20.0,Medium
69,1,2,20,0.3,6,20.7,3.22,86,5,31.06,34.3,61.9,3.0,0.093,8.57,Low
95,3,4,50,0.57,32,19.2,0.6,28,2,8.4,28.0,60.8,1.882,0.95,35.71,Medium
281,3,6,6,1.16,54,18.7,2.33,41,1,22.01,30.9,84.6,2.455,0.498,6.0,High
443,2,7,43,0.23,12,20.0,1.51,58,3,19.37,31.2,81.7,1.333,0.152,49.14,Medium
329,3,11,28,2.05,13,19.0,2.55,86,3,30.3,28.9,67.1,0.684,0.804,48.0,High
280,1,5,33,0.1,17,20.4,1.08,10,4,14.85,29.8,68.9,3.4,0.093,28.29,Medium
485,1,6,42,0.2,10,20.9,1.86,33,3,34.33,24.0,65.9,5.0,0.108,42.0,Medium
207,1,8,7,0.17,2,20.4,0.78,69,0,26.92,26.5,80.6,0.4,0.218,9.0,Medium
559,1,7,1,0.13,10,20.7,0.73,72,5,38.49,34.5,69.1,5.0,0.178,1.14,Medium
501,2,12,31,0.55,28,20.7,0.6,52,4,22.82,34.6,58.9,14.0,0.917,57.57,Medium
47,1,11,38,0.18,16,20.5,0.75,43,1,28.11,28.7,76.5,4.0,0.24,65.14,Medium
541,2,0,39,0.96,38,19.8,1.38,97,2,26.63,25.3,66.8,3.455,0.696,5.57,High
467,1,5,20,0.3,9,20.4,2.28,91,0,18.55,29.7,67.5,1.8,0.132,17.14,Medium
169,2,10,32,1.06,37,20.3,0.45,65,2,25.04,26.5,71.0,6.167,2.356,50.29,High
374,1,2,39,0.37,11,20.6,0.38,91,0,17.24,27.0,89.3,3.667,0.974,16.71,Medium
303,2,11,6,0.75,38,20.7,1.2,65,0,37.45,32.3,75.0,19.0,0.625,10.29,High
90,1,7,14,0.27,14,20.8,2.81,65,2,14.89,31.7,82.2,7.0,0.096,16.0,Medium
319,1,3,2,0.39,12,20.4,1.13,63,5,28.35,23.7,64.3,2.4,0.345,1.14,Low
372,1,9,19,0.16,19,20.3,1.56,87,3,23.19,29.6,77.2,3.167,0.103,27.14,Medium
394,3,2,30,1.03,20,20.0,2.38,73,1,25.21,28.9,61.0,2.222,0.433,12.86,Medium
393,1,11,34,0.02,20,20.4,1.6,57,2,32.01,25.8,66.0,4.0,0.012,58.29,Medium
481,1,12,2,0.22,14,20.7,3.44,46,4,27.03,31.7,89.6,7.0,0.064,3.71,Medium
139,1,3,8,0.3,14,20.6,1.6,83,2,28.14,24.3,60.6,4.667,0.187,4.57,Low
262,1,9,18,0.26,12,20.6,2.27,50,2,29.03,30.2,78.2,4.0,0.115,25.71,Medium
270,3,7,49,0.62,46,18.5,3.37,69,2,34.92,32.7,70.7,1.917,0.184,56.0,High
515,2,10,7,0.77,18,19.6,2.59,59,4,28.72,30.5,89.1,1.385,0.297,11.0,Medium
122,2,11,27,0.82,27,19.4,2.52,12,2,24.06,29.9,60.8,1.8,0.325,46.29,Medium
438,2,3,11,0.85,16,19.9,1.38,68,2,28.28,31.4,63.4,1.6,0.616,6.29,Medium
71,1,7,30,0.39,18,20.7,3.27,41,5,26.9,29.8,89.6,9.0,0.119,34.29,Medium
379,3,2,16,1.52,70,20.5,0.56,69,5,16.25,34.5,55.2,17.5,2.714,6.86,High
467,3,11,35,0.34,71,20.4,0.52,25,5,30.5,32.1,77.6,14.2,0.654,60.0,High
447,3,11,50,1.09,25,18.7,3.43,15,2,32.28,27.2,87.5,1.136,0.318,85.71,High
633,2,1,47,0.94,17,19.8,1.52,31,2,43.74,27.4,66.9,1.545,0.618,13.43,Medium
115,2,11,32,0.57,20,20.3,2.5,41,2,16.81,26.5,79.1,3.333,0.228,54.86,Medium
183,1,4,2,0.29,20,20.7,2.06,38,2,17.93,29.3,80.0,10.0,0.141,1.43,Medium
490,2,2,48,0.77,5,20.7,2.46,98,1,27.47,23.9,65.2,2.5,0.313,20.57,Medium
191,2,4,24,1.05,26,20.4,2.47,75,5,22.22,33.3,73.1,5.2,0.425,17.14,Medium
553,1,5,25,0.36,2,20.7,0.54,72,5,24.03,24.2,73.4,1.0,0.667,21.43,Medium
270,1,3,10,0.15,16,20.6,2.66,45,4,28.35,32.1,82.6,5.333,0.056,5.71,Low
52,3,12,34,0.48,52,19.7,1.3,39,5,16.86,24.6,78.2,4.333,0.369,63.14,High
587,3,8,6,1.63,41,19.0,2.95,17,3,26.82,29.4,63.7,2.158,0.553,7.71,High
221,1,9,18,0.03,6,20.6,0.53,80,2,31.46,23.2,61.7,2.0,0.057,25.71,Medium
273,1,12,38,0.32,4,20.4,0.73,71,3,14.05,23.3,85.9,0.8,0.438,70.57,Medium
125,2,1,35,0.55,11,20.5,1.94,85,1,9.36,29.8,65.5,2.75,0.284,10.0,Medium
239,2,10,40,0.76,25,20.2,2.2,68,0,18.47,25.3,69.3,3.571,0.345,62.86,Medium
346,1,8,16,0.05,7,20.6,1.48,53,2,29.67,30.8,72.6,2.333,0.034,20.57,Medium
561,2,2,12,0.46,38,20.6,1.02,18,3,40.71,30.7,58.3,12.667,0.451,5.14,Medium
151,2,3,20,0.42,17,20.3,0.87,74,2,12.25,26.2,73.6,2.833,0.483,11.43,Medium
200,1,6,11,0.19,15,20.8,1.3,30,4,23.4,30.6,66.4,7.5,0.146,11.0,Medium
309,2,4,24,0.57,31,20.2,3.12,28,2,31.61,26.3,67.4,4.429,0.183,17.14,Medium
45,2,6,4,0.39,16,19.7,2.95,62,2,18.09,30.4,59.9,1.333,0.132,4.0,Medium
341,3,0,21,0.69,74,19.5,1.31,64,3,19.31,26.2,74.6,5.286,0.527,3.0,High
116,1,5,47,0.31,14,20.7,3.66,71,5,31.62,29.7,88.3,7.0,0.085,40.29,Medium
538,1,9,38,0.15,11,20.4,0.8,58,0,26.08,23.3,77.4,2.2,0.187,54.29,Medium
115,1,12,47,0.23,16,20.4,2.42,62,1,22.65,33.4,75.6,3.2,0.095,87.29,Medium
306,2,4,45,0.85,24,20.8,1.64,12,1,32.51,32.0,57.4,12.0,0.518,32.14,Medium
496,2,3,12,1.12,20,19.8,3.07,51,3,23.18,25.0,67.7,1.818,0.365,6.86,Medium
63,1,10,27,0.03,18,20.5,2.39,64,3,27.54,32.5,82.9,4.5,0.013,42.43,Medium
72,3,12,21,0.44,21,20.7,3.19,78,3,9.41,25.7,66.7,10.5,0.138,39.0,Medium
584,1,8,6,0.31,15,20.8,2.02,83,3,38.65,29.9,89.8,7.5,0.153,7.71,Medium
195,2,1,12,0.96,31,20.7,1.79,92,4,27.5,26.4,73.5,15.5,0.536,3.43,Medium
340,1,6,2,0.24,12,20.6,2.72,11,1,35.03,26.2,60.3,4.0,0.088,2.0,Medium
245,2,9,23,0.21,38,20.3,3.43,83,1,19.53,24.5,60.2,6.333,0.061,32.86,Medium
170,2,1,21,1.14,18,20.8,1.1,50,1,14.17,30.6,62.1,9.0,1.036,6.0,Medium
403,1,7,8,0.16,16,20.6,1.03,58,0,33.83,27.8,81.0,5.333,0.155,9.14,Medium
429,2,1,6,0.89,11,20.8,3.04,32,4,19.65,33.9,80.4,5.5,0.293,1.71,Medium
406,2,5,27,0.37,11,20.8,0.36,34,1,24.79,34.8,83.0,5.5,1.028,23.14,High
429,3,6,7,1.83,48,19.0,2.89,55,2,27.14,34.3,84.3,2.526,0.633,7.0,High
439,3,0,18,0.32,29,18.8,2.04,92,2,21.23,22.6,84.7,1.381,0.157,2.57,Medium
79,1,12,14,0.08,18,20.9,3.05,94,2,11.75,26.8,69.5,9.0,0.026,26.0,Medium
225,1,1,11,0.34,12,20.3,0.4,13,3,20.58,24.7,69.1,2.0,0.85,3.14,Medium
69,3,0,48,1.25,30,18.7,1.59,28,3,22.09,22.6,68.2,1.364,0.786,6.86,High
268,1,1,8,0.06,2,20.5,2.04,70,3,25.58,34.8,85.0,0.5,0.029,2.29,Low
303,1,10,35,0.33,20,20.4,1.11,56,4,25.4,30.7,58.4,4.0,0.297,55.0,Medium
172,3,2,15,1.41,41,19.0,0.98,94,0,17.08,31.7,80.1,2.158,1.439,6.43,High
348,1,7,43,0.36,12,20.6,2.75,85,4,21.1,28.7,89.6,4.0,0.131,49.14,Medium
633,2,0,48,0.25,6,20.7,1.18,59,5,26.2,22.6,61.9,3.0,0.212,6.86,Low
446,1,9,31,0.17,8,20.6,1.27,71,2,40.45,24.4,85.4,2.667,0.134,44.29,Medium
490,1,4,42,0.32,17,20.8,1.99,75,2,24.38,26.4,86.2,8.5,0.161,30.0,Medium
138,2,5,49,1.11,12,19.5,3.91,76,2,24.87,22.8,67.8,0.857,0.284,42.0,Medium
153,1,11,19,0.04,18,20.4,3.33,26,2,33.45,26.0,70.3,3.6,0.012,32.57,Medium
563,1,10,15,0.07,18,20.6,3.26,12,1,34.5,31.5,67.4,6.0,0.021,23.57,Medium
411,2,11,34,1.0,18,20.7,3.08,31,2,31.51,24.1,78.8,9.0,0.325,58.29,Medium
195,2,9,28,0.51,37,20.9,3.61,35,2,20.5,22.6,88.9,18.5,0.141,40.0,Medium
519,1,11,20,0.37,4,20.3,1.82,10,0,26.45,25.3,74.5,0.667,0.203,34.29,Medium
187,2,2,49,0.3,26,19.5,3.86,41,3,20.06,32.2,77.6,1.857,0.078,21.0,Medium
322,1,6,8,0.31,2,20.7,2.23,84,5,30.18,24.0,70.5,1.0,0.139,8.0,Medium
576,1,10,39,0.3,16,20.4,3.56,70,1,23.4,30.6,65.5,3.2,0.084,61.29,Medium
389,3,0,25,1.58,72,20.2,1.13,42,0,19.77,30.1,69.9,10.286,1.398,3.57,High
145,1,11,39,0.28,15,20.6,2.66,86,2,21.49,25.1,84.7,5.0,0.105,66.86,Medium
326,3,11,18,2.07,20,18.5,2.94,42,5,34.22,28.6,69.7,0.833,0.704,30.86,High
537,1,7,15,0.29,19,20.7,2.39,85,3,38.17,30.7,58.6,9.5,0.121,17.14,Medium
661,2,10,25,0.2,10,19.6,3.13,15,4,37.95,23.4,84.3,0.769,0.064,39.29,Medium
409,2,11,39,0.56,33,20.3,2.23,63,3,31.76,31.3,56.4,5.5,0.251,66.86,Medium
448,3,10,48,1.43,52,18.7,3.71,65,5,21.54,33.8,62.6,2.364,0.385,75.43,High
69,2,4,23,0.92,24,20.1,3.97,97,2,14.36,26.6,88.8,3.0,0.232,16.43,Medium
309,2,2,14,0.92,15,20.7,3.47,81,4,31.8,30.4,80.9,7.5,0.265,6.0,Medium
381,1,8,48,0.26,12,20.7,2.67,39,2,32.85,32.8,58.5,6.0,0.097,61.71,Medium
431,1,11,32,0.38,12,20.3,1.0,54,2,34.89,32.5,86.4,2.0,0.38,54.86,Medium
357,3,11,42,1.55,35,18.7,2.93,81,2,24.48,31.8,73.8,1.591,0.529,72.0,High
454,3,2,46,1.82,47,19.9,3.89,53,4,26.6,26.6,59.7,4.7,0.468,19.71,High
371,3,7,3,0.7,38,19.1,1.14,41,4,15.91,24.0,89.7,2.111,0.614,3.43,Medium
261,1,4,16,0.4,8,20.5,3.44,12,4,25.88,28.3,70.4,2.0,0.116,11.43,Medium
634,1,9,25,0.18,13,20.8,3.77,43,5,41.09,32.4,67.7,6.5,0.048,35.71,Medium
367,2,1,45,0.67,12,19.5,3.69,27,2,21.1,33.2,89.5,0.857,0.182,12.86,Medium
559,2,8,21,1.13,18,20.1,2.42,23,4,36.83,25.0,67.2,2.25,0.467,27.0,Medium
94,2,7,32,0.57,7,20.7,2.06,85,3,8.88,22.8,89.9,3.5,0.277,36.57,Medium
191,1,5,5,0.24,15,20.7,3.79,45,4,11.44,25.3,86.4,7.5,0.063,4.29,Medium
445,1,7,20,0.35,15,20.4,2.3,78,5,30.8,30.8,66.6,3.0,0.152,22.86,Medium
640,1,0,40,0.04,4,20.6,3.0,16,5,40.59,31.8,75.6,1.333,0.013,5.71,Low
239,1,9,50,0.14,5,20.9,2.42,32,1,29.46,22.4,87.5,2.5,0.058,71.43,Medium
436,3,6,45,0.62,65,20.5,2.15,70,1,24.37,33.0,61.4,16.25,0.288,45.0,High
228,1,3,15,0.21,2,20.8,0.53,54,5,29.74,30.2,66.9,1.0,0.396,8.57,Medium
610,1,5,7,0.16,2,20.8,2.4,31,0,21.36,34.5,73.5,1.0,0.067,6.0,Medium
423,3,2,13,0.47,29,19.9,2.42,91,4,39.99,28.5,73.7,2.9,0.194,5.57,Medium
491,2,12,12,1.08,11,20.6,1.45,74,1,33.2,32.6,70.6,3.667,0.745,22.29,Medium
338,1,10,12,0.07,12,20.9,3.74,85,4,19.09,24.2,58.5,6.0,0.019,18.86,Medium
601,3,12,29,0.73,72,18.9,1.8,24,5,29.8,29.2,66.8,3.6,0.406,53.86,High
406,1,7,43,0.14,18,20.6,2.9,100,4,32.07,23.3,73.2,6.0,0.048,49.14,Medium
574,1,8,42,0.38,15,20.5,1.7,35,2,25.1,26.2,70.7,3.75,0.224,54.0,Medium
542,1,1,21,0.31,3,20.6,0.45,81,3,43.36,29.9,65.7,1.0,0.689,6.0,Medium
131,1,9,48,0.02,11,20.5,1.6,83,4,10.43,24.3,66.0,2.75,0.012,68.57,Medium
590,1,10,28,0.03,8,20.4,3.81,75,4,37.1,33.0,72.8,1.6,0.008,44.0,Medium
266,2,1,46,1.07,17,20.8,0.73,36,3,13.02,24.7,77.4,8.5,1.466,13.14,Medium
337,1,3,43,0.34,3,20.4,2.52,52,1,23.35,34.8,83.9,0.6,0.135,24.57,Low
676,2,6,44,1.02,21,20.0,0.34,83,5,27.82,33.2,76.9,2.333,3.0,44.0,High
463,1,3,50,0.28,16,20.4,2.85,72,2,27.07,29.8,76.9,3.2,0.098,28.57,Low
112,2,1,11,0.37,29,19.8,1.36,72,0,31.44,24.4,66.5,2.636,0.272,3.14,Medium
623,1,12,8,0.06,3,20.6,0.7,60,1,33.53,34.4,74.4,1.0,0.086,14.86,Medium
274,1,6,12,0.18,6,20.6,3.15,20,5,27.62,32.5,63.5,2.0,0.057,12.0,Medium
555,2,3,50,0.46,20,20.8,1.6,36,5,42.64,26.1,74.9,10.0,0.287,28.57,Medium
245,3,0,26,1.43,52,20.0,1.92,58,1,17.53,34.3,72.7,5.778,0.745,3.71,High
491,1,3,39,0.03,4,20.5,2.28,77,2,41.42,29.2,60.0,1.0,0.013,22.29,Low
673,2,11,21,0.5,40,19.5,1.73,57,0,28.43,23.9,58.6,2.857,0.289,36.0,Medium
620,1,3,49,0.37,20,20.7,1.35,90,0,37.07,29.3,57.6,10.0,0.274,28.0,Medium
670,1,11,16,0.19,6,20.6,3.55,97,3,46.46,30.0,67.1,2.0,0.054,27.43,Medium
269,1,10,47,0.02,11,20.4,2.0,32,3,21.56,35.0,85.9,2.2,0.01,73.86,Medium
594,3,6,9,1.13,67,19.5,1.74,90,2,42.06,24.7,69.2,4.786,0.649,9.0,High
412,1,10,26,0.23,13,20.8,2.33,27,5,33.4,28.9,63.6,6.5,0.099,40.86,Medium
458,1,4,14,0.36,15,20.3,1.1,60,1,28.31,28.1,74.0,2.5,0.327,10.0,Medium
604,3,10,25,0.99,32,19.1,3.06,76,3,37.76,24.3,70.5,1.778,0.324,39.29,High
616,2,10,26,0.88,35,19.9,3.75,83,1,27.3,24.0,66.1,3.5,0.235,40.86,High
667,2,10,3,1.01,7,19.9,0.63,96,0,22.88,32.2,58.0,0.7,1.603,4.71,Medium
405,1,2,14,0.33,17,20.5,0.95,49,0,30.13,26.7,86.8,4.25,0.347,6.0,Low
350,1,8,11,0.07,19,20.7,2.89,29,1,29.59,27.4,73.6,9.5,0.024,14.14,Medium
327,2,3,8,1.02,34,20.0,0.93,94,1,15.12,33.8,58.4,3.778,1.097,4.57,High
60,2,5,29,1.09,40,19.9,1.56,84,4,30.79,24.4,86.3,4.0,0.699,24.86,High
127,3,1,12,2.09,35,20.7,1.49,27,4,12.76,25.9,68.8,17.5,1.403,3.43,High
125,1,12,32,0.34,8,20.6,3.93,12,4,13.18,33.6,69.6,2.667,0.087,59.43,Medium
64,2,2,4,0.45,21,20.5,3.11,93,1,31.51,31.1,64.2,5.25,0.145,1.71,Medium
509,2,5,36,0.7,23,20.0,3.65,14,1,18.98,33.3,87.4,2.556,0.192,30.86,Medium
429,1,11,44,0.4,15,20.5,1.57,44,5,29.03,26.9,67.8,3.75,0.255,75.43,Medium
394,2,8,13,0.19,24,20.7,3.61,72,2,37.9,25.5,87.0,12.0,0.053,16.71,Medium
63,3,12,49,1.74,21,20.5,0.34,23,1,11.27,23.0,68.1,5.25,5.118,91.0,High
53,2,5,40,0.76,25,20.6,0.69,19,1,30.58,29.6,88.8,8.333,1.101,34.29,Medium
164,1,2,13,0.32,9,20.4,2.95,20,1,10.19,23.2,88.3,1.8,0.108,5.57,Low
436,1,8,13,0.19,20,20.8,0.53,70,1,33.85,31.2,72.3,10.0,0.358,16.71,Medium
229,2,1,12,0.83,8,19.7,3.44,35,2,35.07,23.9,74.0,0.667,0.241,3.43,Medium
273,1,10,38,0.11,13,20.7,2.26,47,4,18.06,27.4,77.4,6.5,0.049,59.71,Medium
297,1,2,5,0.3,15,20.3,3.13,17,0,14.87,28.4,86.6,2.5,0.096,2.14,Low
496,1,11,44,0.28,4,20.6,2.99,21,2,27.08,29.6,87.1,1.333,0.094,75.43,Medium
366,2,11,31,0.88,18,20.3,0.46,57,3,28.25,25.9,72.1,3.0,1.913,53.14,High
401,1,7,21,0.3,14,20.6,0.39,61,3,19.69,33.3,71.3,4.667,0.769,24.0,Medium
182,2,6,41,1.05,13,20.3,0.98,29,3,30.17,26.8,70.2,2.167,1.071,41.0,Medium
137,1,7,10,0.33,19,20.5,1.0,44,2,13.22,24.6,72.4,4.75,0.33,11.43,Medium
661,2,6,28,0.17,24,20.5,2.55,30,3,45.6,34.6,57.1,6.0,0.067,28.0,Medium
184,1,7,14,0.26,15,20.7,2.52,63,3,14.41,22.2,65.8,7.5,0.103,16.0,Medium
582,1,11,24,0.18,15,20.4,3.79,98,1,22.06,26.8,89.0,3.0,0.047,41.14,Medium
279,3,5,41,0.65,26,20.7,3.19,70,2,20.92,29.2,75.2,13.0,0.204,35.14,Medium
626,3,3,46,1.15,12,19.2,3.56,85,4,33.38,25.1,83.7,0.706,0.323,26.29,Medium
433,2,9,21,1.11,21,19.5,1.74,20,4,38.21,28.4,76.1,1.5,0.638,30.0,High
237,2,4,46,0.76,24,19.9,2.6,28,2,17.84,33.0,57.1,2.4,0.292,32.86,Medium
615,1,4,21,0.26,5,20.5,0.52,72,2,41.15,29.9,73.8,1.25,0.5,15.0,Medium
239,2,8,19,0.37,13,19.8,0.41,41,3,12.24,27.5,83.7,1.182,0.902,24.43,High
471,1,7,50,0.31,5,20.9,1.99,28,3,32.03,30.1,74.4,2.5,0.156,57.14,Medium
242,2,7,19,1.01,39,20.1,0.82,30,4,15.02,23.7,88.5,4.875,1.232,21.71,High
424,2,10,28,0.14,22,19.9,3.1,92,2,36.67,27.1,66.4,2.2,0.045,44.0,Medium
80,3,0,47,1.24,40,18.7,1.63,26,3,11.64,22.8,57.4,1.818,0.761,6.71,High
405,1,6,22,0.32,6,20.6,0.63,18,3,26.12,27.2,57.2,2.0,0.508,22.0,Medium
252,1,1,49,0.03,9,20.6,0.46,43,1,25.68,25.1,77.6,3.0,0.065,14.0,Medium
278,3,2,33,1.22,47,19.6,2.78,50,2,22.45,27.0,77.2,3.615,0.439,14.14,High
464,2,0,13,0.84,27,20.2,3.37,85,0,17.77,24.7,75.4,3.857,0.249,1.86,Medium
446,1,8,1,0.16,8,20.8,1.25,90,5,26.13,30.1,64.3,4.0,0.128,1.29,Medium
240,1,4,26,0.26,18,20.8,1.06,25,5,26.48,25.7,56.0,9.0,0.245,18.57,Medium
155,1,12,7,0.28,8,20.8,3.33,36,1,17.04,31.9,80.7,4.0,0.084,13.0,Medium
409,2,10,41,0.13,4,19.7,0.97,39,4,21.43,33.6,84.5,0.333,0.134,64.43,Medium
381,1,11,25,0.2,19,20.7,3.24,51,3,19.49,34.8,76.1,9.5,0.062,42.86,Medium
294,1,1,1,0.01,16,20.5,2.4,13,4,19.93,22.7,55.4,4.0,0.004,0.29,Low
203,1,5,14,0.12,2,20.5,0.43,92,1,20.02,34.6,81.0,0.5,0.279,12.0,Medium
162,1,4,30,0.02,17,20.4,0.72,36,0,26.41,34.0,81.0,3.4,0.028,21.43,Medium
280,2,9,45,0.87,13,19.7,1.77,81,2,24.51,25.5,79.6,1.083,0.492,64.29,Medium
426,1,7,28,0.27,10,20.7,2.96,69,3,38.19,24.3,55.5,5.0,0.091,32.0,Medium
247,3,0,43,1.47,65,19.8,2.9,44,1,12.22,25.1,70.7,5.909,0.507,6.14,High
277,2,11,4,0.67,27,20.4,1.67,46,2,32.62,23.1,67.9,5.4,0.401,6.86,Medium
604,2,5,48,1.13,22,19.6,2.79,91,2,30.03,27.3,75.3,1.692,0.405,41.14,High
546,2,6,24,0.48,33,20.1,2.3,65,0,27.64,29.8,86.0,4.125,0.209,24.0,Medium
208,3,5,33,0.59,27,20.7,3.23,90,1,31.17,29.8,73.9,13.5,0.183,28.29,Medium
445,1,6,8,0.37,7,20.7,2.83,74,4,17.22,22.5,58.6,3.5,0.131,8.0,Medium
382,2,5,47,0.33,26,20.5,2.84,57,4,35.21,34.2,73.3,6.5,0.116,40.29,Medium
148,1,10,30,0.32,18,20.8,2.13,29,5,9.71,33.6,61.6,9.0,0.15,47.14,Medium
113,2,4,16,0.96,5,19.4,1.39,61,2,11.14,32.7,74.0,0.333,0.691,11.43,Medium
252,1,12,44,0.15,14,20.3,2.51,19,0,22.43,25.3,88.3,2.333,0.06,81.71,Medium
391,1,3,20,0.03,17,20.9,2.15,64,4,30.53,29.7,71.7,8.5,0.014,11.43,Low
399,1,11,31,0.35,17,20.9,1.71,59,4,30.07,32.0,69.8,8.5,0.205,53.14,Medium
539,2,1,31,0.76,10,20.1,3.07,42,4,39.41,23.2,63.6,1.25,0.248,8.86,Medium
287,2,7,3,0.74,10,19.4,0.78,51,2,24.0,29.2,79.6,0.667,0.949,3.43,Medium
68,3,7,5,1.96,16,19.1,0.74,74,1,17.02,28.0,79.4,0.889,2.649,5.71,High
569,2,7,19,0.26,8,19.7,2.1,30,0,22.86,25.8,66.6,0.667,0.124,21.71,Medium
45,1,11,42,0.28,17,20.4,1.95,32,3,15.29,22.6,61.4,3.4,0.144,72.0,Medium
158,1,2,9,0.18,18,20.8,1.66,87,4,29.01,22.3,72.4,9.0,0.108,3.86,Medium
596,1,7,3,0.11,13,20.6,2.18,45,3,22.46,29.2,69.8,4.333,0.05,3.43,Medium
289,3,2,8,1.49,57,19.8,2.07,13,1,17.94,23.1,61.5,5.182,0.72,3.43,High
229,2,1,36,0.51,27,19.5,3.22,15,1,29.64,24.6,65.5,1.929,0.158,10.29,Medium
155,2,4,38,0.36,34,20.6,1.0,77,0,17.54,25.9,83.4,11.333,0.36,27.14,Medium
526,2,3,7,0.17,12,20.7,0.84,32,3,39.76,29.2,76.9,6.0,0.202,4.0,Low
109,2,1,37,1.08,20,20.0,3.08,31,1,23.74,30.2,69.5,2.222,0.351,10.57,Medium
83,3,12,26,1.39,38,20.2,0.77,13,1,17.45,30.7,87.6,5.429,1.805,48.29,High
669,3,8,27,1.69,65,19.9,1.84,92,5,29.63,24.0,76.0,6.5,0.918,34.71,High
615,1,12,10,0.32,12,20.5,2.28,92,0,32.52,26.8,68.8,3.0,0.14,18.57,Medium
374,3,7,33,1.31,27,19.6,0.64,72,3,29.5,31.8,84.4,2.077,2.047,37.71,High
541,3,8,34,1.87,75,19.0,3.73,88,5,41.94,22.8,77.0,3.947,0.501,43.71,High
371,3,9,13,0.8,64,20.0,1.0,54,2,31.5,24.5,66.7,7.111,0.8,18.57,High
667,3,2,50,1.3,36,20.3,2.45,98,2,39.78,24.5,79.0,6.0,0.531,21.43,High
217,1,11,19,0.08,17,20.5,1.75,91,1,31.35,24.7,82.6,4.25,0.046,32.57,Medium
317,3,7,35,0.98,60,18.5,1.0,53,1,16.91,25.3,57.5,2.5,0.98,40.0,High
300,3,7,36,2.07,72,19.9,2.06,84,2,19.88,28.6,69.7,7.2,1.005,41.14,High
436,1,2,12,0.04,5,20.6,1.29,25,2,17.88,31.9,89.8,1.667,0.031,5.14,Low
138,3,10,28,0.91,45,19.2,1.19,36,0,9.69,33.6,74.8,2.647,0.765,44.0,High
265,2,9,49,0.71,18,19.7,3.88,44,4,13.18,26.6,63.3,1.5,0.183,70.0,Medium
432,1,9,2,0.33,5,20.4,3.43,30,0,40.18,29.4,76.5,1.0,0.096,2.86,Medium
266,1,9,11,0.18,14,20.6,1.16,32,1,28.76,25.6,55.1,4.667,0.155,15.71,Medium
123,1,7,29,0.02,10,20.4,2.79,29,5,27.09,33.5,84.8,2.0,0.007,33.14,Medium
487,2,8,22,0.74,27,19.6,0.59,51,0,38.29,28.5,76.5,2.077,1.254,28.29,Medium
426,1,6,14,0.36,14,20.7,2.04,37,2,33.81,26.6,64.6,7.0,0.176,14.0,Medium
64,2,9,16,0.7,27,20.0,2.12,92,5,8.13,22.8,80.0,3.0,0.33,22.86,Medium
496,3,1,28,1.16,31,19.0,2.47,42,2,42.33,25.0,67.8,1.632,0.47,8.0,High
569,2,12,13,1.06,9,20.3,2.35,14,3,22.38,26.7,81.6,1.5,0.451,24.14,Medium
296,1,4,29,0.08,15,20.5,2.23,29,2,34.3,23.8,70.3,3.75,0.036,20.71,Medium
277,3,9,4,1.63,46,19.8,3.79,83,5,33.73,32.2,85.5,4.182,0.43,5.71,High
211,1,12,13,0.32,19,20.4,2.01,87,5,17.73,23.0,82.0,3.8,0.159,24.14,Medium
417,2,2,35,0.39,5,20.2,3.61,33,1,20.55,32.2,66.4,0.714,0.108,15.0,Low
443,1,0,31,0.32,16,20.4,0.95,29,1,25.89,25.1,76.3,3.2,0.337,4.43,Low
152,2,2,41,0.58,35,20.4,1.76,87,0,9.81,22.9,68.2,7.0,0.33,17.57,Medium
594,2,8,30,0.89,20,20.2,1.81,92,4,38.09,26.6,76.2,2.857,0.492,38.57,Medium
555,3,2,3,1.39,62,19.4,1.41,36,0,27.04,29.8,67.9,4.133,0.986,1.29,High
64,1,3,49,0.35,6,20.7,1.42,12,1,11.13,27.7,77.3,3.0,0.246,28.0,Low
290,1,3,29,0.09,6,20.5,0.49,42,3,22.17,27.2,80.0,1.5,0.184,16.57,Medium
189,3,1,19,1.87,19,19.9,1.61,57,0,32.01,26.6,86.8,1.9,1.161,5.43,High
564,2,0,31,0.11,10,19.6,2.93,18,2,32.26,26.3,65.9,0.769,0.038,4.43,Low
316,1,8,14,0.25,13,20.7,1.35,90,4,21.92,26.8,70.7,6.5,0.185,18.0,Medium
92,3,9,8,1.29,74,18.7,3.88,66,3,24.29,27.6,73.0,3.364,0.332,11.43,High
426,1,11,29,0.25,10,20.5,0.45,91,2,21.36,23.9,81.7,2.5,0.556,49.71,Medium
350,1,2,13,0.18,20,20.5,3.69,63,4,35.95,24.5,83.0,5.0,0.049,5.57,Medium
40,3,2,3,2.07,73,18.8,2.78,43,5,18.24,28.3,57.3,3.476,0.745,1.29,High
390,2,5,31,0.45,24,20.2,2.77,43,4,35.3,29.3,86.1,3.429,0.162,26.57,Medium
643,2,4,39,1.09,23,20.1,2.98,41,1,28.61,32.6,70.2,2.875,0.366,27.86,Medium
454,1,9,20,0.1,9,20.6,0.87,42,0,37.62,32.7,74.4,3.0,0.115,28.57,Medium
140,2,8,24,0.35,34,20.8,2.75,62,5,16.68,27.2,74.8,17.0,0.127,30.86,Medium
361,3,0,28,1.99,25,19.2,2.1,61,3,15.76,24.0,71.6,1.471,0.948,4.0,High
543,3,6,38,1.75,53,18.9,1.51,37,3,25.41,27.6,63.2,2.65,1.159,38.0,High
425,3,1,6,0.47,29,20.8,0.31,20,5,28.45,22.1,73.9,14.5,1.516,1.71,High
221,1,4,24,0.04,7,20.8,1.52,96,5,27.51,33.9,79.5,3.5,0.026,17.14,Medium
79,3,1,3,1.0,72,18.7,2.5,88,0,12.05,32.7,61.7,3.273,0.4,0.86,High
670,3,1,40,1.46,75,18.7,2.54,46,1,28.99,22.8,76.2,3.409,0.575,11.43,High
330,1,5,43,0.13,14,20.6,3.74,30,5,37.09,28.1,70.8,4.667,0.035,36.86,Medium
356,2,3,16,1.02,13,19.6,1.96,69,1,16.31,31.1,56.3,1.0,0.52,9.14,Medium
192,2,4,50,0.53,39,20.5,1.42,52,5,22.36,26.2,63.4,9.75,0.373,35.71,Medium
254,3,10,3,1.81,42,19.4,3.31,56,1,13.52,27.1,67.1,2.8,0.547,4.71,High
514,2,6,46,0.54,24,20.8,3.08,51,3,42.05,23.7,66.4,12.0,0.175,46.0,Medium
228,1,12,11,0.03,6,20.4,2.53,42,3,19.73,23.2,85.6,1.2,0.012,20.43,Medium
324,3,11,12,1.74,57,19.3,0.69,63,0,31.17,32.0,77.1,3.563,2.522,20.57,High
553,1,2,22,0.16,18,20.9,2.57,97,5,26.39,33.2,81.0,9.0,0.062,9.43,Medium
666,1,12,47,0.4,16,20.3,1.53,15,3,29.61,34.5,75.7,2.667,0.261,87.29,Medium
457,2,12,5,0.34,24,20.7,1.12,70,3,32.04,34.1,87.0,12.0,0.304,9.29,Medium
311,1,10,3,0.22,3,20.4,3.34,39,5,20.14,33.8,63.9,0.6,0.066,4.71,Medium
284,1,6,4,0.02,11,20.8,2.75,19,2,35.66,29.0,86.5,5.5,0.007,4.0,Medium
548,3,3,35,2.08,52,18.9,2.73,94,4,25.34,25.7,59.1,2.6,0.762,20.0,High
54,2,1,22,0.89,20,19.7,1.38,92,1,10.47,34.3,55.7,1.667,0.645,6.29,Medium
303,1,6,14,0.22,19,20.7,0.58,30,2,21.0,23.3,87.6,9.5,0.379,14.0,Medium
199,3,0,16,0.52,69,19.7,2.08,18,2,21.81,34.5,59.0,5.75,0.25,2.29,High
669,1,1,23,0.11,2,20.8,2.6,21,2,35.81,24.3,83.2,1.0,0.042,6.57,Low
128,3,2,10,2.08,54,18.6,3.46,53,1,13.86,28.8,79.1,2.348,0.601,4.29,High
482,1,8,50,0.24,4,20.9,3.06,61,1,29.65,24.2,76.7,2.0,0.078,64.29,Medium
546,2,7,25,0.3,40,19.9,3.95,51,5,20.52,26.8,86.5,4.0,0.076,28.57,Medium
421,2,6,48,0.72,39,20.5,2.49,10,2,36.76,33.2,58.0,9.75,0.289,48.0,High
524,2,8,47,0.43,23,20.2,1.87,53,0,39.15,30.1,56.1,3.286,0.23,60.43,Medium
79,3,0,20,0.81,62,20.8,3.91,95,1,31.96,31.0,83.5,31.0,0.207,2.86,High
412,1,4,48,0.29,6,20.9,2.53,48,3,24.17,22.3,89.3,3.0,0.115,34.29,Medium
142,1,1,17,0.32,9,20.3,1.45,52,2,14.65,33.5,61.4,1.5,0.221,4.86,Low
603,2,1,46,0.79,10,20.7,3.08,80,4,42.83,33.3,74.1,5.0,0.256,13.14,Medium
81,1,6,6,0.38,20,20.3,3.6,94,2,9.67,25.5,56.8,3.333,0.106,6.0,Medium
83,2,5,26,0.93,9,19.9,0.98,79,0,21.54,25.4,75.7,0.9,0.949,22.29,Medium
622,2,1,41,1.11,36,19.8,1.81,12,3,25.61,24.8,79.8,3.273,0.613,11.71,High
575,3,9,47,1.5,34,20.4,1.38,34,3,25.44,29.1,57.1,6.8,1.087,67.14,High
179,1,9,27,0.29,10,20.7,2.14,84,2,31.82,25.5,76.6,5.0,0.136,38.57,Medium
157,1,3,48,0.06,9,20.4,0.45,42,5,25.3,23.7,61.5,1.8,0.133,27.43,Medium
295,2,11,5,0.7,17,20.5,3.37,97,3,36.4,23.7,62.6,4.25,0.208,8.57,Medium
54,1,5,14,0.15,15,20.5,2.22,67,1,10.31,23.9,77.7,3.75,0.068,12.0,Medium
321,1,3,41,0.38,9,20.6,3.81,28,1,30.01,27.1,61.6,3.0,0.1,23.43,Low
487,1,0,28,0.19,11,20.4,0.71,69,1,19.61,22.8,86.1,2.2,0.268,4.0,Medium
334,1,4,12,0.19,11,20.7,1.96,64,0,15.92,28.2,81.7,5.5,0.097,8.57,Medium
322,3,6,18,0.72,72,19.4,3.95,30,3,14.46,24.9,86.7,4.8,0.182,18.0,High
604,2,2,8,1.01,37,20.6,3.06,44,5,23.47,26.8,63.9,12.333,0.33,3.43,High
60,1,1,16,0.23,20,20.8,2.26,46,2,23.54,32.5,81.5,10.0,0.102,4.57,Medium
227,2,8,1,0.7,4,20.1,0.99,29,0,24.97,26.3,79.1,0.5,0.707,1.29,Medium
353,2,6,17,1.11,40,20.2,0.66,99,2,30.9,29.6,77.0,5.714,1.682,17.0,High
523,2,3,21,0.62,31,20.8,0.36,15,2,31.85,26.6,81.6,15.5,1.722,12.0,High
118,1,2,15,0.04,19,20.6,0.8,62,0,32.85,24.7,69.4,6.333,0.05,6.43,Medium
259,1,1,3,0.26,16,20.8,0.65,42,0,36.27,33.9,69.3,8.0,0.4,0.86,Medium
282,2,1,17,0.6,21,20.2,2.73,86,4,18.84,31.7,87.8,3.0,0.22,4.86,Medium
46,3,7,14,1.34,10,19.5,1.59,62,2,12.65,23.3,72.6,0.714,0.843,16.0,High
405,2,8,45,0.8,16,19.7,0.88,31,0,29.85,31.6,89.3,1.333,0.909,57.86,Medium
86,2,3,14,0.75,6,19.6,3.68,35,1,18.94,25.8,57.1,0.462,0.204,8.0,Medium
249,1,12,49,0.07,14,20.3,1.69,48,5,32.23,27.6,79.1,2.333,0.041,91.0,Medium
585,1,6,7,0.1,7,20.5,2.22,20,1,23.23,24.8,60.4,1.75,0.045,7.0,Medium
608,3,8,38,1.26,37,20.7,1.87,84,2,45.13,33.5,60.5,18.5,0.674,48.86,High
665,3,7,18,1.8,35,19.4,1.69,50,2,41.78,29.9,87.4,2.333,1.065,20.57,High
588,2,1,38,0.66,11,20.2,1.76,24,5,38.39,23.6,56.9,1.571,0.375,10.86,Medium
634,2,2,4,1.05,36,20.7,2.31,76,1,24.88,29.0,63.1,18.0,0.455,1.71,High
115,1,8,6,0.06,7,20.3,2.11,53,4,16.84,29.0,64.1,1.167,0.028,7.71,Medium
250,1,12,15,0.17,19,20.3,3.11,99,5,22.87,23.2,60.2,3.167,0.055,27.86,Medium
511,1,4,22,0.28,2,20.4,0.91,13,0,37.38,32.0,82.3,0.4,0.308,15.71,Medium
639,1,11,13,0.03,2,20.7,3.96,71,0,37.52,27.7,86.3,1.0,0.008,22.29,Medium
360,1,1,33,0.33,20,20.6,1.36,92,2,17.04,31.8,64.1,6.667,0.243,9.43,Medium
574,3,1,10,1.14,74,19.5,0.4,32,2,27.89,28.5,82.6,5.286,2.85,2.86,High
653,1,10,17,0.21,18,20.4,1.7,41,3,31.0,26.5,67.0,3.6,0.124,26.71,Medium
165,1,2,18,0.13,7,20.8,1.69,75,1,11.3,34.9,67.9,3.5,0.077,7.71,Low
82,2,0,41,0.74,33,20.3,3.21,70,0,22.5,27.3,63.4,5.5,0.231,5.86,Medium
57,2,12,41,1.07,29,19.8,2.26,77,1,26.67,23.6,57.1,2.636,0.473,76.14,High
609,3,11,1,1.29,70,19.6,3.74,43,5,36.68,31.5,88.7,5.385,0.345,1.71,High
568,1,11,49,0.27,6,20.7,2.59,34,4,26.01,30.4,69.0,3.0,0.104,84.0,Medium
342,2,8,37,0.12,30,20.5,0.78,92,5,21.69,30.7,65.8,7.5,0.154,47.57,Medium
581,1,1,20,0.38,14,20.4,3.8,42,0,29.89,28.0,56.4,2.8,0.1,5.71,Low
422,2,0,12,0.3,16,20.8,3.67,61,1,29.59,31.4,67.9,8.0,0.082,1.71,Low
63,2,7,25,1.11,37,20.2,3.7,49,3,19.89,32.3,85.2,5.286,0.3,28.57,High
271,2,5,16,0.45,12,20.1,3.38,81,5,36.35,28.5,61.2,1.5,0.133,13.71,Medium
103,2,5,3,0.31,17,19.7,3.13,47,5,15.57,30.3,89.8,1.417,0.099,2.57,Medium
403,1,8,17,0.32,5,20.4,2.93,85,2,33.56,33.5,59.3,1.0,0.109,21.86,Medium
505,2,11,8,0.76,16,20.1,0.8,79,0,32.86,29.9,62.0,2.0,0.95,13.71,Medium
370,3,0,27,1.67,73,20.2,1.51,14,5,33.25,23.0,57.9,10.429,1.106,3.86,High
438,1,8,27,0.08,2,20.9,0.41,80,5,17.21,33.2,86.2,1.0,0.195,34.71,Medium
149,1,6,8,0.28,12,20.6,2.9,80,1,10.04,32.9,73.3,4.0,0.097,8.0,Medium
310,2,9,8,0.74,26,19.6,0.51,63,0,23.15,33.5,78.8,2.0,1.451,11.43,High
358,2,12,8,0.34,29,20.2,1.57,77,5,27.89,32.0,65.0,4.143,0.217,14.86,Medium
67,2,12,27,0.73,13,19.5,1.97,34,1,12.85,32.6,60.5,0.929,0.371,50.14,Medium
383,1,1,6,0.21,15,20.9,0.46,42,0,22.63,31.0,85.0,7.5,0.457,1.71,Medium
415,2,12,22,0.88,37,20.4,0.73,40,3,39.57,34.2,70.0,7.4,1.205,40.86,High
171,1,0,3,0.35,4,20.8,3.12,34,0,19.65,28.8,62.1,2.0,0.112,0.43,Low
435,1,7,5,0.11,12,20.5,3.32,51,5,35.3,24.8,88.3,3.0,0.033,5.71,Medium
561,2,6,37,0.78,13,20.3,3.94,23,3,38.34,30.1,72.0,2.167,0.198,37.0,Medium
310,1,0,8,0.18,8,20.5,1.18,40,2,26.42,33.7,55.2,2.0,0.153,1.14,Low
603,2,8,9,0.23,10,20.4,1.97,62,0,35.82,24.8,77.6,2.0,0.117,11.57,Medium
58,2,0,33,0.7,5,20.5,1.98,57,4,14.39,29.6,57.3,1.25,0.354,4.71,Medium
301,2,2,26,0.76,28,20.7,2.73,86,5,23.62,29.4,88.0,14.0,0.278,11.14,Medium
605,2,12,39,0.65,13,20.2,1.65,96,5,23.28,31.9,84.9,1.857,0.394,72.43,Medium
433,2,9,16,1.03,40,20.3,3.91,28,2,35.36,29.3,65.3,6.667,0.263,22.86,High
239,3,3,7,1.03,17,19.4,2.89,33,1,35.23,25.8,59.9,1.133,0.356,4.0,Medium
611,2,6,41,0.56,17,19.9,3.79,25,3,22.01,31.9,89.0,1.7,0.148,41.0,Medium
273,2,3,21,1.1,12,20.4,2.38,95,5,18.68,29.8,67.7,2.4,0.462,12.0,Medium
57,3,4,1,1.55,65,19.3,2.33,54,3,10.84,33.5,59.1,4.063,0.665,0.71,High
190,1,12,23,0.22,20,20.5,1.81,79,5,12.99,23.9,78.1,5.0,0.122,42.71,Medium
114,3,3,1,1.89,34,20.4,1.46,81,3,28.78,32.5,58.4,6.8,1.295,0.57,High
384,3,12,8,1.36,49,20.5,1.31,42,1,19.17,32.1,69.0,12.25,1.038,14.86,High
81,3,2,31,1.0,59,18.6,0.5,38,0,18.45,22.1,84.8,2.565,2.0,13.29,High
436,2,1,6,1.0,7,20.8,1.69,95,1,40.17,32.6,66.7,3.5,0.592,1.71,Medium
97,2,4,6,0.58,15,20.7,2.23,47,5,16.14,29.9,85.0,7.5,0.26,4.29,Medium
636,3,10,27,0.79,73,19.5,2.52,90,1,37.2,22.7,67.9,5.214,0.313,42.43,High
440,1,11,29,0.24,13,20.3,3.26,27,5,33.11,27.2,85.2,2.167,0.074,49.71,Medium
543,2,7,25,0.92,5,20.0,2.24,16,1,21.18,29.4,87.6,0.556,0.411,28.57,Medium
586,1,3,13,0.13,7,20.4,3.69,35,3,43.55,25.0,87.8,1.4,0.035,7.43,Low
450,1,8,6,0.27,4,20.7,0.3,69,0,39.03,24.7,89.9,2.0,0.9,7.71,Medium
155,1,6,16,0.39,14,20.4,1.11,75,5,22.98,26.1,71.4,2.8,0.351,16.0,Medium
116,3,8,19,1.34,16,18.8,1.76,49,2,12.95,29.7,80.4,0.762,0.761,24.43,High
562,1,1,28,0.11,5,20.5,2.28,45,2,24.97,34.9,63.3,1.25,0.048,8.0,Low
185,3,11,32,0.59,21,20.5,3.61,95,4,10.96,24.2,61.5,5.25,0.163,54.86,Medium
643,2,2,7,0.7,25,20.5,2.12,90,1,32.15,25.4,87.6,6.25,0.33,3.0,Medium
661,1,12,28,0.22,12,20.5,1.55,39,4,34.89,25.2,59.0,3.0,0.142,52.0,Medium
626,2,11,2,0.81,11,20.1,2.89,73,5,31.94,29.7,80.2,1.375,0.28,3.43,Medium
452,3,7,16,0.96,10,19.4,0.83,61,4,36.32,32.1,60.1,0.667,1.157,18.29,Medium
215,1,10,23,0.27,2,20.8,2.29,51,5,27.66,24.1,89.7,1.0,0.118,36.14,Medium
498,3,10,17,1.99,19,20.8,0.81,61,4,34.08,24.0,57.6,9.5,2.457,26.71,High
621,1,7,49,0.1,19,20.5,2.32,86,0,37.89,29.2,73.7,4.75,0.043,56.0,Medium
56,3,2,3,1.82,65,20.7,2.51,52,0,12.92,34.4,79.2,32.5,0.725,1.29,High
296,2,4,42,0.64,8,20.4,1.35,26,2,31.05,33.5,66.8,1.6,0.474,30.0,Medium
502,2,8,30,0.35,38,20.0,1.74,14,5,40.72,30.5,58.2,4.222,0.201,38.57,Medium
240,2,10,12,0.74,33,20.1,2.27,13,4,13.87,27.9,68.3,4.125,0.326,18.86,Medium
433,2,9,37,0.24,37,20.3,2.13,65,4,36.91,28.5,84.6,6.167,0.113,52.86,Medium
79,2,8,21,0.93,27,19.5,1.3,97,4,24.35,22.0,77.5,1.929,0.715,27.0,Medium
70,2,5,49,0.14,11,19.7,3.63,59,3,18.71,31.5,66.6,0.917,0.039,42.0,Medium
220,2,5,24,0.51,12,19.9,3.32,44,2,22.56,24.4,73.3,1.2,0.154,20.57,Medium
341,1,3,41,0.16,9,20.8,1.02,27,5,20.99,28.9,75.2,4.5,0.157,23.43,Low
626,3,5,26,1.26,53,20.2,3.75,31,2,29.52,23.0,78.8,7.571,0.336,22.29,High
222,3,5,25,1.55,53,19.7,3.19,31,4,16.87,24.2,88.1,4.417,0.486,21.43,High
418,1,8,7,0.2,10,20.9,3.81,81,5,39.29,27.1,67.8,5.0,0.052,9.0,Medium
612,1,9,21,0.13,5,20.8,3.61,72,5,21.48,25.7,64.2,2.5,0.036,30.0,Medium
630,1,1,31,0.14,9,20.5,0.44,86,3,41.74,24.1,62.0,2.25,0.318,8.86,Medium
412,1,4,6,0.05,7,20.5,3.58,51,2,24.17,27.9,66.4,1.75,0.014,4.29,Medium
469,2,8,7,0.75,13,20.4,2.68,40,3,18.11,27.8,66.1,2.6,0.28,9.0,Medium
151,1,12,6,0.4,20,20.6,2.38,14,2,22.48,24.3,68.4,6.667,0.168,11.14,Medium
659,2,2,49,0.65,26,20.0,3.59,71,0,42.75,25.5,59.5,2.889,0.181,21.0,Medium
378,2,12,50,0.63,32,20.2,1.33,64,3,34.0,22.8,66.4,4.571,0.474,92.86,High
211,1,11,22,0.26,20,20.6,1.65,75,2,17.99,34.8,86.3,6.667,0.158,37.71,Medium
364,2,9,19,1.12,31,20.9,0.39,32,4,36.95,23.7,88.5,15.5,2.872,27.14,High
46,3,0,10,0.43,40,18.8,3.55,49,2,28.23,30.3,75.5,1.905,0.121,1.43,Medium
158,2,5,5,0.77,31,20.2,0.97,36,0,22.47,26.2,71.8,4.429,0.794,4.29,Medium
142,1,4,34,0.2,17,20.9,2.85,77,4,33.43,27.0,75.5,8.5,0.07,24.29,Medium
267,1,10,29,0.34,7,20.9,1.37,47,5,15.79,27.4,81.1,3.5,0.248,45.57,Medium
111,2,12,12,0.98,12,19.7,0.83,100,4,11.98,32.5,58.7,1.0,1.181,22.29,Medium
47,2,9,6,0.54,35,19.6,2.95,17,3,19.65,31.6,86.0,2.692,0.183,8.57,Medium
514,1,8,11,0.32,13,20.6,1.49,70,3,29.79,28.7,58.0,4.333,0.215,14.14,Medium
411,2,4,31,0.25,9,20.2,3.17,27,3,17.06,24.0,75.0,1.286,0.079,22.14,Medium
504,1,10,36,0.29,5,20.7,0.95,40,5,39.46,23.3,56.9,2.5,0.305,56.57,Medium
508,2,3,29,1.07,24,19.7,0.87,37,4,41.66,30.5,88.8,2.0,1.23,16.57,Medium
620,3,3,48,1.48,19,20.0,1.17,62,1,40.69,34.4,80.6,2.111,1.265,27.43,High
603,1,2,21,0.36,8,20.5,3.78,93,2,34.94,31.1,63.6,2.0,0.095,9.0,Low
313,1,7,47,0.33,11,20.4,0.37,92,3,19.08,31.6,85.9,2.2,0.892,53.71,Medium
380,1,4,37,0.25,20,20.6,0.99,73,4,36.94,31.3,59.1,6.667,0.253,26.43,Medium
218,1,2,4,0.37,5,20.4,2.92,52,1,29.68,30.7,75.9,1.0,0.127,1.71,Low
374,1,8,34,0.05,13,20.5,3.23,41,1,33.42,23.9,83.4,3.25,0.015,43.71,Medium
95,2,2,3,0.82,33,20.2,2.17,15,2,27.83,31.9,72.1,4.714,0.378,1.29,Medium
622,1,10,14,0.15,9,20.7,1.76,98,5,37.57,31.4,85.7,4.5,0.085,22.0,Medium
102,2,12,50,0.51,9,20.6,3.46,15,1,14.22,22.2,89.2,3.0,0.147,92.86,Medium
627,1,7,5,0.37,4,20.3,0.85,54,1,35.37,34.4,85.5,0.667,0.435,5.71,Medium
631,1,11,38,0.26,18,20.4,2.56,54,5,33.25,22.3,65.6,3.6,0.102,65.14,Medium
241,3,9,27,2.04,28,19.4,2.64,70,0,14.26,24.7,75.8,1.867,0.773,38.57,High
195,1,2,8,0.06,5,20.7,3.06,97,5,28.94,34.5,69.4,2.5,0.02,3.43,Low
131,1,6,26,0.02,6,20.7,2.75,23,1,24.1,33.9,56.5,3.0,0.007,26.0,Medium
581,2,3,13,0.55,25,19.7,0.35,89,5,34.25,31.5,56.3,2.083,1.571,7.43,High
223,2,10,20,0.19,5,20.6,2.83,76,0,15.8,23.9,82.5,1.667,0.067,31.43,Medium
680,2,5,1,0.49,5,20.7,2.49,83,5,37.31,26.2,59.7,2.5,0.197,0.86,Medium
415,3,5,47,1.98,54,18.8,2.87,58,0,16.4,32.5,80.8,2.571,0.69,40.29,High
548,3,12,7,0.95,51,19.7,1.73,39,3,29.87,23.5,64.6,4.25,0.549,13.0,High
173,1,0,17,0.37,15,20.4,2.57,19,5,34.09,32.1,55.9,3.0,0.144,2.43,Low
530,1,7,18,0.39,15,20.6,2.49,17,1,36.5,29.8,57.2,5.0,0.157,20.57,Medium
462,1,2,19,0.38,7,20.8,2.83,77,5,25.22,34.3,58.7,3.5,0.134,8.14,Low
47,1,11,19,0.36,17,20.6,3.14,14,1,15.89,22.8,55.6,5.667,0.115,32.57,Medium
502,1,12,20,0.15,11,20.6,0.94,89,0,37.23,26.8,75.7,3.667,0.16,37.14,Medium
292,1,1,9,0.31,18,20.4,1.07,42,3,26.62,27.6,58.9,3.6,0.29,2.57,Medium
462,2,1,29,0.64,38,19.4,0.66,61,2,21.43,31.9,58.1,2.533,0.97,8.29,Medium
415,1,2,38,0.04,18,20.3,1.98,13,5,17.83,23.4,67.0,3.0,0.02,16.29,Medium
292,1,11,15,0.39,10,20.6,1.04,52,0,20.21,34.6,83.5,3.333,0.375,25.71,Medium
450,1,11,13,0.22,13,20.6,2.9,13,0,30.01,29.3,61.4,4.333,0.076,22.29,Medium
650,1,0,14,0.35,8,20.7,0.88,25,4,38.36,22.1,62.0,4.0,0.398,2.0,Low
490,3,6,26,1.8,70,18.5,0.51,65,1,30.84,23.0,75.5,2.917,3.529,26.0,High
312,1,6,7,0.06,16,20.7,2.77,49,2,15.43,30.1,55.9,8.0,0.022,7.0,Medium
167,3,0,2,0.42,44,19.8,1.47,93,2,32.77,29.6,74.0,4.0,0.286,0.29,Medium
107,1,2,3,0.26,17,20.9,1.76,42,4,22.83,29.9,56.3,8.5,0.148,1.29,Low
660,2,7,41,0.23,30,20.0,2.36,38,5,33.04,22.8,71.2,3.333,0.097,46.86,Medium
339,1,6,7,0.23,9,20.4,0.94,29,1,26.12,28.3,88.3,1.8,0.245,7.0,Medium
370,1,3,48,0.37,16,20.8,0.55,98,4,29.24,30.7,75.8,8.0,0.673,27.43,Medium
310,1,6,43,0.36,7,20.4,1.82,27,0,24.81,24.8,56.8,1.4,0.198,43.0,Medium
202,2,10,2,1.08,9,19.8,2.83,90,5,33.39,30.2,58.3,0.818,0.382,3.14,Medium
669,2,9,33,0.57,5,20.5,2.29,84,3,24.73,33.7,86.4,1.25,0.249,47.14,Medium
680,2,4,43,1.07,20,19.9,0.81,75,0,46.29,32.6,84.8,2.0,1.321,30.71,Medium
163,2,5,34,0.63,32,20.8,2.29,75,5,20.64,34.1,75.0,16.0,0.275,29.14,Medium
103,3,4,35,1.82,34,19.4,0.61,15,3,10.82,28.2,71.6,2.267,2.984,25.0,High
649,1,12,42,0.33,10,20.8,2.52,95,0,34.22,34.1,72.9,5.0,0.131,78.0,Medium
473,2,8,10,1.08,34,20.4,0.49,69,5,41.8,31.8,75.3,6.8,2.204,12.86,High
84,2,3,46,0.22,31,19.5,3.63,25,2,22.04,33.8,58.1,2.214,0.061,26.29,Medium
294,1,4,44,0.05,16,20.6,3.48,98,4,22.41,29.3,66.7,5.333,0.014,31.43,Medium
447,1,10,3,0.16,9,20.7,3.76,87,3,31.81,31.1,64.9,4.5,0.043,4.71,Medium
479,1,7,33,0.05,6,20.4,3.75,49,1,31.43,22.8,55.4,1.2,0.013,37.71,Medium
633,2,10,27,1.11,18,19.8,1.78,45,4,45.05,29.1,55.0,1.636,0.624,42.43,High
553,1,0,28,0.22,20,20.3,0.38,27,2,43.53,27.1,60.3,3.333,0.579,4.0,Medium
104,1,1,14,0.27,7,20.9,3.53,24,4,14.56,33.6,89.8,3.5,0.076,4.0,Low
457,1,3,31,0.11,19,20.6,1.78,62,0,18.48,26.4,89.3,6.333,0.062,17.71,Medium
62,3,5,18,0.87,14,20.5,2.88,48,3,9.89,23.9,59.4,3.5,0.302,15.43,Medium
320,1,9,27,0.37,4,20.8,0.77,61,0,35.52,28.1,80.9,2.0,0.481,38.57,Medium
304,2,9,49,0.1,29,20.1,2.34,79,5,35.38,22.5,73.9,3.625,0.043,70.0,Medium
139,1,7,18,0.14,7,20.9,2.62,62,4,14.91,33.0,58.7,3.5,0.053,20.57,Medium
311,2,9,43,0.52,39,20.1,3.74,78,4,37.18,32.5,63.7,4.875,0.139,61.43,Medium
430,2,11,6,0.15,11,20.3,2.97,51,2,36.04,29.6,89.3,1.833,0.051,10.29,Medium
224,1,10,50,0.03,5,20.3,0.59,71,2,32.94,25.2,87.5,0.833,0.051,78.57,Medium
103,1,9,35,0.29,6,20.4,2.44,81,3,18.43,24.7,66.0,1.2,0.119,50.0,Medium
375,1,0,25,0.13,6,20.5,3.89,72,0,31.01,22.6,75.8,1.5,0.033,3.57,Low
296,1,4,25,0.23,15,20.6,1.82,58,5,31.17,33.2,82.5,5.0,0.126,17.86,Medium
374,2,4,11,0.57,38,20.7,2.41,11,2,27.11,26.1,85.3,19.0,0.237,7.86,Medium
355,2,3,13,0.49,29,20.7,3.2,74,4,35.44,22.4,59.6,14.5,0.153,7.43,Medium
228,2,5,45,0.46,7,19.4,3.75,47,0,26.19,23.4,77.1,0.467,0.123,38.57,Medium
475,1,2,8,0.18,17,20.7,2.05,32,1,37.03,25.8,88.7,8.5,0.088,3.43,Low
450,1,5,40,0.39,4,20.5,3.9,18,3,23.99,22.4,57.8,1.0,0.1,34.29,Medium
555,3,4,35,2.06,11,18.7,2.48,76,5,38.13,27.0,57.1,0.5,0.831,25.0,High
445,2,7,36,1.09,32,20.8,3.62,26,1,31.42,33.4,61.1,16.0,0.301,41.14,High
319,1,11,27,0.05,7,20.3,2.26,43,1,17.51,30.3,69.9,1.167,0.022,46.29,Medium
274,2,7,22,0.89,7,20.1,1.6,39,3,22.11,26.5,75.6,0.875,0.556,25.14,Medium
212,1,4,33,0.1,12,20.8,1.64,32,2,27.97,23.7,78.5,6.0,0.061,23.57,Medium
314,1,10,28,0.3,8,20.8,0.58,42,2,25.06,30.5,65.0,4.0,0.517,44.0,Medium
183,3,2,46,2.06,20,19.5,3.63,67,2,28.25,32.0,76.5,1.429,0.567,19.71,High
447,2,3,43,0.13,39,20.2,2.83,47,5,28.92,30.3,81.0,5.571,0.046,24.57,Medium
114,3,5,46,1.71,41,20.4,1.24,11,5,10.46,29.1,83.0,8.2,1.379,39.43,High
239,1,9,15,0.36,12,20.8,3.56,51,5,18.38,29.1,84.0,6.0,0.101,21.43,Medium
52,1,11,41,0.21,18,20.8,3.42,23,4,17.87,22.9,85.5,9.0,0.061,70.29,Medium
393,3,4,17,1.79,36,20.4,3.55,42,5,26.08,34.4,64.2,7.2,0.504,12.14,High
107,2,9,14,0.78,24,19.8,2.5,67,5,24.08,32.2,58.8,2.182,0.312,20.0,Medium
190,2,8,33,0.7,31,20.9,2.25,94,2,30.04,33.4,80.7,15.5,0.311,42.43,Medium
198,3,12,45,1.57,71,18.7,3.41,86,0,22.5,26.0,89.5,3.227,0.46,83.57,High
180,1,3,3,0.29,7,20.5,3.65,21,5,33.62,34.8,73.9,1.75,0.079,1.71,Low
610,2,9,29,1.12,39,20.1,1.75,30,4,23.73,25.1,74.9,4.875,0.64,41.43,High
200,3,9,14,1.3,37,18.9,0.75,32,4,28.08,33.3,87.3,1.85,1.733,20.0,High
159,1,3,12,0.16,3,20.8,2.18,10,0,21.05,22.8,73.3,1.5,0.073,6.86,Low
651,2,8,44,0.41,27,20.0,0.64,71,5,24.28,27.0,55.4,3.0,0.641,56.57,Medium
103,3,3,36,1.22,16,20.3,1.32,47,2,10.62,30.4,77.4,2.667,0.924,20.57,Medium
603,2,3,21,0.93,6,19.4,3.01,49,3,41.04,33.3,75.6,0.4,0.309,12.0,Medium
57,2,12,26,1.1,28,20.1,0.58,33,0,30.07,26.8,83.5,3.5,1.897,48.29,High
60,3,0,28,1.93,60,20.6,1.41,65,5,9.27,27.1,64.4,20.0,1.369,4.0,High
128,2,11,15,0.74,21,20.6,2.04,46,0,11.61,32.5,74.0,7.0,0.363,25.71,Medium
575,2,5,50,0.25,38,20.5,2.39,81,1,27.44,27.6,74.2,9.5,0.105,42.86,Medium
454,1,9,30,0.36,20,20.4,2.26,11,4,30.68,25.0,70.2,4.0,0.159,42.86,Medium
536,2,1,24,0.99,40,20.1,1.7,13,2,28.11,32.4,70.0,5.0,0.582,6.86,High
648,1,0,6,0.34,18,20.6,3.37,26,3,30.8,33.5,81.7,6.0,0.101,0.86,Medium
231,1,4,6,0.37,4,20.8,1.64,80,0,25.49,31.9,89.3,2.0,0.226,4.29,Medium
562,1,1,30,0.2,14,20.7,3.2,72,3,38.0,25.8,58.2,7.0,0.062,8.57,Low
138,2,12,42,1.09,31,19.8,0.9,80,1,23.66,25.6,76.3,2.818,1.211,78.0,High
657,3,5,33,1.94,43,20.2,1.66,85,0,43.58,27.8,83.4,6.143,1.169,28.29,High
175,1,8,23,0.18,18,20.4,3.43,97,2,11.46,26.8,84.2,3.6,0.052,29.57,Medium
184,1,5,32,0.26,9,20.9,3.62,10,5,11.79,29.5,87.8,4.5,0.072,27.43,Medium
459,1,0,30,0.4,18,20.4,2.37,31,1,38.22,32.8,64.7,3.6,0.169,4.29,Medium
375,3,12,18,1.77,33,18.9,1.27,10,0,38.06,23.2,73.2,1.65,1.394,33.43,High
503,1,2,27,0.31,2,20.6,0.52,19,3,40.92,34.2,74.0,0.667,0.596,11.57,Medium
399,3,10,45,0.62,69,20.5,0.7,17,0,16.0,23.5,68.0,17.25,0.886,70.71,High
128,1,6,6,0.18,20,20.4,0.46,15,5,29.89,26.7,88.1,4.0,0.391,6.0,Medium
513,1,6,38,0.28,4,20.8,2.42,50,5,24.98,22.2,88.5,2.0,0.116,38.0,Medium
359,2,5,45,0.59,39,20.3,3.5,47,1,28.59,32.5,59.9,6.5,0.169,38.57,Medium
462,1,9,17,0.38,18,20.9,3.92,45,3,35.13,32.0,69.5,9.0,0.097,24.29,Medium
247,3,12,35,0.76,15,18.9,3.17,20,1,13.87,33.7,80.4,0.75,0.24,65.0,Medium
665,1,10,12,0.32,13,20.6,2.24,18,3,43.78,33.6,62.5,4.333,0.143,18.86,Medium
287,1,2,27,0.03,15,20.6,2.48,77,0,26.27,27.3,64.6,5.0,0.012,11.57,Low
264,3,4,20,1.74,58,20.6,3.25,79,4,16.85,24.5,65.6,19.333,0.535,14.29,High
345,1,2,35,0.12,3,20.5,1.96,16,2,25.29,26.3,70.6,0.75,0.061,15.0,Low
383,1,5,26,0.02,12,20.8,1.5,30,1,15.81,29.3,80.5,6.0,0.013,22.29,Medium
83,2,11,20,1.1,10,20.1,2.18,13,5,13.68,34.9,58.6,1.25,0.505,34.29,Medium
437,1,10,2,0.16,7,20.4,0.39,28,2,27.61,32.5,79.6,1.4,0.41,3.14,Medium
675,1,3,21,0.36,6,20.4,3.63,44,5,46.83,34.2,78.9,1.2,0.099,12.0,Low
619,1,0,1,0.13,12,20.4,2.96,30,3,22.69,31.9,79.5,2.4,0.044,0.14,Low
227,3,5,42,0.91,66,19.1,3.84,97,5,33.05,29.6,70.4,3.667,0.237,36.0,High
544,1,7,46,0.29,20,20.7,2.68,34,1,41.94,28.0,74.3,10.0,0.108,52.57,Medium
276,2,1,4,0.42,4,19.7,3.62,11,3,18.09,25.7,78.7,0.333,0.116,1.14,Low
161,1,5,9,0.31,4,20.3,1.41,14,1,26.79,27.6,72.7,0.667,0.22,7.71,Medium
668,3,3,42,0.92,41,20.6,2.84,53,4,35.79,30.0,61.1,13.667,0.324,24.0,High
388,1,5,25,0.24,2,20.5,1.89,19,0,29.37,22.8,88.7,0.5,0.127,21.43,Medium
600,1,8,25,0.4,18,20.5,2.82,66,3,42.49,25.4,82.2,4.5,0.142,32.14,Medium
263,2,9,19,0.12,29,20.1,1.69,49,4,33.26,31.1,89.5,3.625,0.071,27.14,Medium
200,1,0,14,0.39,12,20.5,3.63,30,5,22.84,26.5,55.4,3.0,0.107,2.0,Low
228,1,7,35,0.23,6,20.4,1.12,42,1,27.58,29.6,77.0,1.2,0.205,40.0,Medium
378,3,1,1,1.52,55,19.1,2.66,14,4,25.57,22.5,86.3,3.056,0.571,0.29,High
593,2,6,33,0.5,32,19.7,0.8,42,1,23.62,22.2,86.0,2.667,0.625,33.0,Medium
46,1,10,22,0.39,16,20.5,2.39,68,2,20.51,31.8,89.9,4.0,0.163,34.57,Medium
230,1,9,48,0.34,15,20.7,3.56,85,3,17.29,26.1,68.8,7.5,0.096,68.57,Medium
48,3,2,30,1.13,13,20.1,0.77,57,2,18.29,28.8,57.7,1.625,1.468,12.86,Medium
495,1,12,23,0.18,7,20.4,3.24,30,1,22.72,31.3,74.3,1.4,0.056,42.71,Medium
215,1,8,8,0.23,15,20.4,0.71,76,4,27.85,33.8,80.3,3.0,0.324,10.29,Medium
487,1,5,22,0.3,17,20.4,2.86,80,4,25.69,23.1,75.6,3.4,0.105,18.86,Medium
430,2,0,46,0.83,17,19.5,3.92,16,2,35.12,33.9,71.8,1.214,0.212,6.57,Medium
663,3,8,38,0.86,16,20.0,3.98,71,1,45.65,32.4,64.7,1.778,0.216,48.86,Medium
181,1,12,31,0.22,9,20.4,3.8,30,0,25.29,22.7,74.3,1.8,0.058,57.57,Medium
100,1,4,18,0.35,5,20.3,3.9,72,2,30.69,30.5,80.6,0.833,0.09,12.86,Medium
408,2,11,13,0.23,17,20.9,1.32,99,0,33.83,30.8,80.8,8.5,0.174,22.29,Medium
192,1,2,9,0.05,13,20.7,0.45,66,3,27.49,26.7,87.6,6.5,0.111,3.86,Medium
173,2,6,22,0.97,26,20.5,2.5,16,3,26.7,25.3,61.9,6.5,0.388,22.0,Medium
490,2,5,26,0.82,14,20.9,0.63,84,0,36.68,29.9,62.8,7.0,1.302,22.29,Medium
115,2,6,39,1.09,5,19.8,3.42,15,1,14.11,29.6,88.5,0.455,0.319,39.0,Medium
594,3,1,40,0.67,25,19.5,0.35,59,3,40.09,24.1,74.9,1.786,1.914,11.43,High
97,1,8,24,0.16,14,20.9,0.61,63,3,29.81,28.0,81.4,7.0,0.262,30.86,Medium
564,3,5,24,0.84,14,19.5,1.9,17,2,38.9,29.6,82.3,1.0,0.442,20.57,Medium
241,2,9,50,0.78,28,19.7,1.0,34,5,12.23,24.9,69.6,2.333,0.78,71.43,High
212,1,6,8,0.27,12,20.9,2.35,21,2,30.16,34.6,64.0,6.0,0.115,8.0,Medium
368,1,2,7,0.22,17,20.9,2.5,96,4,38.12,33.1,77.3,8.5,0.088,3.0,Low
672,1,9,27,0.04,20,20.7,1.28,28,5,42.5,25.1,65.9,10.0,0.031,38.57,Medium
245,2,12,16,1.12,15,20.7,2.77,27,5,34.86,34.6,89.6,7.5,0.404,29.71,High
413,2,3,16,0.18,27,20.7,2.26,43,1,32.87,34.3,56.2,13.5,0.08,9.14,Medium
455,1,11,18,0.27,17,20.5,1.98,57,3,33.93,32.1,68.7,4.25,0.136,30.86,Medium
640,2,11,18,0.49,34,20.9,1.3,91,2,27.76,34.3,67.6,17.0,0.377,30.86,Medium
435,3,9,50,0.8,20,18.9,1.36,74,3,21.88,34.5,57.2,1.0,0.588,71.43,Medium
62,2,0,37,0.46,29,20.3,1.5,52,4,9.65,33.9,65.7,4.833,0.307,5.29,Medium
420,2,6,20,1.01,21,19.6,1.66,67,1,16.83,23.5,87.3,1.615,0.608,20.0,Medium
642,3,4,12,2.02,35,19.1,3.62,59,0,45.99,34.1,65.0,1.944,0.558,8.57,High
465,3,4,50,1.04,68,19.0,3.86,50,2,28.49,24.8,83.3,3.579,0.269,35.71,High
58,1,10,44,0.07,5,20.3,3.0,25,3,29.52,34.2,83.8,0.833,0.023,69.14,Medium
497,1,8,18,0.3,7,20.6,3.65,50,1,34.22,24.7,83.5,2.333,0.082,23.14,Medium
511,1,10,42,0.07,2,20.7,1.82,96,3,34.2,22.6,72.4,1.0,0.038,66.0,Medium
389,3,2,15,0.88,34,18.9,0.31,66,3,25.33,27.9,75.2,1.7,2.839,6.43,High
325,3,10,3,1.27,13,20.6,1.66,90,5,24.67,26.6,60.3,4.333,0.765,4.71,High
571,2,0,3,0.17,15,19.9,2.75,13,1,37.78,28.3,78.9,1.5,0.062,0.43,Low
239,1,0,39,0.37,14,20.6,2.62,48,1,14.94,34.6,79.2,4.667,0.141,5.57,Low
128,2,2,3,0.26,29,19.7,2.97,35,0,17.63,24.6,76.8,2.417,0.088,1.29,Medium
655,2,9,47,1.11,26,20.6,3.48,90,3,39.63,32.2,67.0,8.667,0.319,67.14,High
258,3,2,11,1.41,32,18.5,1.65,29,5,17.89,31.0,83.5,1.333,0.855,4.71,High
525,2,12,15,0.47,6,20.1,0.64,55,1,21.22,23.7,69.8,0.75,0.734,27.86,Medium
90,2,7,3,0.9,14,20.6,1.04,75,1,31.28,27.1,72.4,4.667,0.865,3.43,Medium
79,1,7,8,0.39,9,20.8,2.37,29,3,30.83,23.3,77.6,4.5,0.165,9.14,Medium
613,2,2,46,0.84,20,20.2,1.26,21,3,31.76,30.7,84.5,2.857,0.667,19.71,Medium
452,2,5,29,1.13,13,19.6,0.9,43,1,40.44,23.9,89.3,1.0,1.256,24.86,Medium
560,1,1,49,0.27,20,20.4,3.32,87,2,33.45,25.3,60.4,4.0,0.081,14.0,Medium
228,1,5,26,0.14,13,20.7,3.63,17,3,35.53,24.4,86.1,6.5,0.039,22.29,Medium
288,3,10,47,0.79,72,19.1,3.36,71,1,25.96,22.9,77.7,4.0,0.235,73.86,High
46,2,5,15,0.11,8,19.7,1.73,81,2,14.93,32.0,77.9,0.667,0.064,12.86,Medium
450,2,8,19,0.48,8,19.9,1.32,94,3,28.61,25.0,84.0,0.8,0.364,24.43,Medium
527,1,5,17,0.15,15,20.9,1.29,82,0,35.01,32.4,87.8,7.5,0.116,14.57,Medium
119,2,10,22,0.71,28,20.3,1.08,52,3,25.07,25.5,74.9,4.667,0.657,34.57,Medium
368,2,7,23,0.37,31,20.9,2.77,33,0,18.49,28.2,55.0,15.5,0.134,26.29,Medium
112,2,10,32,1.09,40,19.8,2.95,22,1,16.18,31.5,58.1,3.636,0.369,50.29,High
675,1,8,37,0.09,7,20.6,3.6,92,3,35.43,27.3,74.8,2.333,0.025,47.57,Medium
276,1,9,50,0.19,12,20.7,3.87,33,1,31.25,27.7,68.6,6.0,0.049,71.43,Medium
587,2,10,35,0.76,40,20.8,2.88,63,2,25.67,25.1,77.3,20.0,0.264,55.0,High
356,1,9,6,0.27,20,20.7,0.97,90,3,37.79,26.3,61.6,10.0,0.278,8.57,Medium
167,1,2,8,0.32,10,20.9,2.38,85,0,18.55,26.6,55.8,5.0,0.134,3.43,Low
507,2,4,31,0.59,23,19.9,2.76,10,5,41.91,22.6,59.9,2.3,0.214,22.14,Medium
485,2,4,37,0.54,16,20.0,1.59,67,4,40.71,27.9,65.8,1.778,0.34,26.43,Medium
74,1,5,3,0.09,20,20.7,3.91,12,3,13.14,25.2,66.0,10.0,0.023,2.57,Medium
618,1,2,30,0.06,14,20.4,1.06,66,0,37.05,23.4,77.2,2.8,0.057,12.86,Low
419,2,11,1,0.53,17,20.0,1.17,32,2,20.34,26.5,60.7,1.889,0.453,1.71,Medium
120,3,9,19,1.4,54,20.6,1.83,77,4,27.32,33.0,84.4,18.0,0.765,27.14,High
485,1,5,49,0.04,11,20.7,1.76,43,2,24.3,31.7,65.8,5.5,0.023,42.0,Medium
657,2,12,39,0.4,40,20.7,3.55,41,5,36.3,34.3,64.0,20.0,0.113,72.43,Medium
310,1,12,44,0.14,15,20.4,2.97,94,5,14.9,29.3,60.1,3.0,0.047,81.71,Medium
263,3,10,35,0.58,11,20.8,3.11,92,4,14.97,29.6,87.7,5.5,0.186,55.0,Medium
496,1,11,12,0.34,13,20.4,2.63,24,3,25.63,31.9,71.8,2.6,0.129,20.57,Medium
462,1,7,38,0.23,11,20.5,0.54,26,1,24.79,22.5,55.4,2.75,0.426,43.43,Medium
665,1,0,2,0.09,16,20.5,1.76,28,5,41.32,33.4,58.7,4.0,0.051,0.29,Low
404,2,9,26,1.11,39,20.8,3.89,34,2,36.25,29.6,77.0,19.5,0.285,37.14,High
120,3,9,14,1.55,60,19.4,0.61,18,2,13.54,31.2,74.3,4.0,2.541,20.0,High
268,3,8,24,0.58,27,18.6,1.22,16,1,32.59,25.9,61.4,1.174,0.475,30.86,Medium
357,2,2,17,0.57,30,20.2,2.86,62,1,20.49,30.5,55.7,4.286,0.199,7.29,Medium
445,2,8,2,0.85,13,20.3,1.34,14,4,32.75,32.3,89.6,2.167,0.634,2.57,Medium
636,3,2,42,0.42,43,18.9,0.44,21,5,43.24,30.6,72.1,2.15,0.955,18.0,High
252,3,0,10,0.59,45,19.5,1.55,39,4,35.03,32.3,84.2,3.214,0.381,1.43,High
499,2,11,49,0.93,4,19.6,0.8,30,1,22.15,24.6,73.2,0.308,1.163,84.0,Medium
450,2,1,14,0.59,8,20.5,0.75,36,0,23.34,25.0,62.7,2.0,0.787,4.0,Medium
478,2,5,1,0.89,24,19.8,3.07,66,3,32.59,23.8,71.7,2.182,0.29,0.86,Medium
217,1,5,14,0.24,10,20.8,0.93,17,0,16.96,34.2,61.1,5.0,0.258,12.0,Medium
69,1,11,9,0.32,2,20.4,2.96,15,1,30.44,29.0,71.0,0.4,0.108,15.43,Medium
207,2,2,19,1.06,20,20.4,2.32,16,2,28.51,22.8,83.5,4.0,0.457,8.14,Medium
144,3,7,42,1.42,33,20.6,0.49,91,5,19.53,28.4,83.9,11.0,2.898,48.0,High
408,2,3,35,0.63,8,19.7,1.47,66,1,19.76,32.3,71.4,0.667,0.429,20.0,Medium
81,3,9,45,1.95,28,20.7,2.1,53,3,25.13,27.1,73.7,14.0,0.929,64.29,High
232,2,12,5,0.66,36,19.5,2.88,33,0,12.93,23.7,58.0,2.571,0.229,9.29,High
606,1,11,40,0.34,17,20.5,0.43,16,5,22.92,33.9,89.2,4.25,0.791,68.57,Medium
270,2,5,7,0.43,11,20.1,0.94,85,4,17.03,30.0,79.3,1.375,0.457,6.0,Medium
185,3,6,48,0.95,47,18.8,0.72,42,1,14.55,24.9,70.9,2.238,1.319,48.0,High
220,1,5,44,0.36,2,20.7,3.32,43,4,34.49,33.4,68.4,1.0,0.108,37.71,Medium
247,3,4,20,1.38,52,18.5,2.02,66,0,24.15,26.0,84.4,2.167,0.683,14.29,High
210,1,5,40,0.31,12,20.4,2.82,97,3,12.96,32.0,79.0,2.4,0.11,34.29,Medium
548,1,11,12,0.24,12,20.5,1.29,60,3,42.44,30.3,62.3,3.0,0.186,20.57,Medium
503,3,7,21,0.44,61,19.3,0.61,31,1,19.0,33.9,74.9,3.813,0.721,24.0,High
659,1,10,24,0.04,15,20.4,0.86,83,5,29.34,34.1,60.3,3.0,0.047,37.71,Medium
365,1,10,45,0.33,15,20.4,2.6,84,3,31.17,25.0,63.6,3.0,0.127,70.71,Medium
343,2,2,3,0.13,39,19.9,1.02,65,3,29.54,23.0,78.2,3.9,0.127,1.29,Medium
149,1,8,49,0.28,7,20.3,2.68,15,0,30.15,25.5,73.7,1.167,0.104,63.0,Medium
221,3,1,12,0.5,57,19.7,3.52,19,2,33.41,31.7,72.9,4.75,0.142,3.43,High
596,1,7,26,0.11,19,20.3,1.44,48,0,33.64,23.4,75.4,3.167,0.076,29.71,Medium
352,2,10,1,0.62,37,20.1,3.38,15,3,36.77,24.3,87.5,4.625,0.183,1.57,Medium
573,1,11,25,0.31,5,20.7,2.98,91,3,38.3,25.7,85.5,2.5,0.104,42.86,Medium
262,1,2,8,0.04,7,20.3,2.85,88,1,16.03,31.3,70.3,1.167,0.014,3.43,Low
86,1,9,17,0.38,20,20.8,2.89,78,1,25.74,32.3,58.9,10.0,0.131,24.29,Medium
154,1,9,29,0.23,18,20.4,0.9,29,3,24.56,29.6,75.8,3.6,0.256,41.43,Medium
243,1,8,2,0.28,7,20.7,0.53,17,1,12.58,33.4,69.8,3.5,0.528,2.57,Medium
396,3,11,11,0.31,15,19.3,0.96,79,2,36.85,24.5,68.9,0.938,0.323,18.86,Medium
290,3,3,36,1.05,31,20.0,2.39,100,0,17.13,34.2,74.4,3.444,0.439,20.57,High
666,1,7,26,0.37,9,20.4,2.36,78,5,40.8,27.6,83.8,1.8,0.157,29.71,Medium
251,3,8,40,1.17,20,19.7,2.65,59,5,17.42,32.3,88.6,1.667,0.442,51.43,High
595,3,12,50,0.85,23,18.5,0.58,61,1,31.29,27.2,58.7,0.958,1.466,92.86,High
198,2,12,11,0.99,18,19.9,0.99,35,1,27.1,31.3,60.3,1.8,1.0,20.43,Medium
654,2,1,34,0.12,34,20.1,0.65,71,2,44.93,31.2,81.7,4.25,0.185,9.71,Medium
84,1,10,47,0.21,10,20.4,0.58,57,4,30.52,24.2,77.2,2.0,0.362,73.86,Medium
170,2,7,27,0.72,38,20.4,2.3,24,3,18.71,33.9,79.3,7.6,0.313,30.86,High
346,1,7,12,0.16,13,20.7,3.34,96,0,18.27,34.9,83.8,6.5,0.048,13.71,Medium
586,1,2,40,0.13,18,20.7,3.6,55,4,31.41,32.8,59.8,9.0,0.036,17.14,Medium
206,1,3,39,0.3,6,20.6,2.55,44,5,29.49,27.7,77.3,2.0,0.118,22.29,Low
495,1,7,10,0.31,20,20.7,2.09,89,3,25.68,27.5,89.6,10.0,0.148,11.43,Medium
615,1,12,39,0.28,20,20.5,1.32,68,2,34.79,30.9,72.4,5.0,0.212,72.43,Medium
561,1,9,33,0.21,12,20.4,3.01,48,0,40.16,27.3,63.5,2.4,0.07,47.14,Medium
589,3,1,25,1.73,31,20.0,2.2,47,4,28.31,28.9,64.3,3.444,0.786,7.14,High
443,3,5,11,1.01,47,19.8,3.64,25,0,28.08,24.1,59.9,4.273,0.277,9.43,High
58,3,2,18,1.3,34,20.5,3.28,78,2,12.76,26.7,58.7,8.5,0.396,7.71,High
377,2,10,35,1.0,10,20.2,1.84,80,1,21.71,30.0,80.8,1.429,0.543,55.0,Medium
282,1,7,24,0.16,14,20.4,3.59,11,0,21.33,22.0,56.6,2.8,0.045,27.43,Medium
650,1,3,2,0.08,16,20.9,2.76,55,3,40.66,25.8,74.5,8.0,0.029,1.14,Low
341,1,9,4,0.22,7,20.5,2.68,74,3,30.21,33.9,86.9,1.75,0.082,5.71,Medium
75,1,10,49,0.12,11,20.5,3.89,36,3,9.02,26.8,79.1,2.75,0.031,77.0,Medium
174,2,0,26,1.08,27,19.6,3.78,71,2,23.76,30.6,88.4,2.077,0.286,3.71,Medium
426,1,12,9,0.2,12,20.9,3.14,24,2,27.12,33.8,76.4,6.0,0.064,16.71,Medium
228,3,2,8,1.49,66,20.3,1.26,87,0,26.94,26.3,62.5,11.0,1.183,3.43,High
354,2,6,20,0.73,24,19.7,3.44,79,2,29.18,30.9,66.4,2.0,0.212,20.0,Medium
277,2,5,1,0.33,14,20.5,3.49,72,0,30.41,34.6,65.1,3.5,0.095,0.86,Medium
650,1,11,16,0.04,17,20.4,3.18,60,1,44.58,30.6,88.1,3.4,0.013,27.43,Medium
186,2,7,32,0.36,26,20.2,2.94,30,3,23.74,32.0,73.8,3.714,0.122,36.57,Medium
368,2,2,12,0.85,24,19.6,0.73,84,5,23.51,26.0,78.8,1.846,1.164,5.14,Medium
554,1,5,40,0.34,3,20.5,2.52,20,3,21.1,22.9,66.8,0.75,0.135,34.29,Medium
304,1,4,18,0.07,16,20.8,3.01,70,1,22.16,31.9,77.4,8.0,0.023,12.86,Medium
342,1,12,30,0.19,10,20.5,3.63,25,2,38.07,29.5,79.6,2.5,0.052,55.71,Medium
248,1,3,32,0.17,4,20.7,1.19,75,4,24.92,22.4,61.8,2.0,0.143,18.29,Low
573,3,2,28,1.94,18,19.3,0.94,14,4,24.53,28.2,73.7,1.125,2.064,12.0,High
596,2,0,19,0.23,23,20.0,3.38,81,3,28.42,24.4,78.9,2.556,0.068,2.71,Medium
257,3,11,15,0.94,71,18.9,1.33,71,4,33.15,22.7,72.9,3.55,0.707,25.71,High
430,2,11,31,0.72,8,20.9,1.13,66,5,36.17,26.9,60.7,4.0,0.637,53.14,Medium
445,1,9,37,0.14,20,20.6,3.22,42,3,40.45,30.2,70.1,6.667,0.043,52.86,Medium
77,1,8,39,0.1,12,20.4,2.91,80,2,20.68,28.2,75.2,2.4,0.034,50.14,Medium
593,2,10,34,1.08,37,19.8,3.08,47,2,27.47,24.2,65.3,3.364,0.351,53.43,High
669,2,9,24,1.03,25,20.4,2.41,66,1,42.5,29.3,85.7,5.0,0.427,34.29,High
572,1,8,48,0.24,19,20.7,3.62,24,4,30.89,22.7,60.0,9.5,0.066,61.71,Medium
115,3,4,34,0.45,11,20.6,3.08,79,1,19.72,30.3,86.8,3.667,0.146,24.29,Medium
581,1,4,22,0.35,18,20.9,3.93,22,2,32.44,32.3,62.2,9.0,0.089,15.71,Medium
147,1,11,14,0.34,5,20.8,2.44,91,0,27.72,24.7,72.6,2.5,0.139,24.0,Medium
664,3,7,35,1.78,31,20.4,1.95,20,2,22.87,34.3,66.8,6.2,0.913,40.0,High
630,1,5,10,0.32,4,20.7,2.73,81,3,27.05,34.0,75.5,2.0,0.117,8.57,Medium
556,2,0,49,0.23,29,19.4,3.05,69,5,27.54,22.2,84.3,1.933,0.075,7.0,Medium
164,2,12,38,0.7,34,19.9,2.69,20,0,13.12,25.2,85.0,3.4,0.26,70.57,High
362,1,3,47,0.22,5,20.8,2.95,64,0,22.92,29.5,79.2,2.5,0.075,26.86,Low
83,1,0,9,0.14,18,20.6,1.7,48,1,9.75,31.3,62.2,6.0,0.082,1.29,Medium
451,1,7,6,0.11,13,20.4,2.59,37,5,26.9,26.5,80.2,2.6,0.042,6.86,Medium
47,2,8,21,0.36,25,20.7,3.34,65,0,17.98,26.8,88.4,12.5,0.108,27.0,Medium
285,2,9,12,0.36,6,20.4,3.4,55,2,22.24,32.3,59.0,1.2,0.106,17.14,Medium
285,2,2,30,0.5,4,19.9,1.22,13,1,31.5,29.1,69.8,0.4,0.41,12.86,Low
221,2,6,17,1.04,33,20.8,1.5,42,0,13.36,32.6,78.9,16.5,0.693,17.0,High
249,1,10,20,0.08,19,20.6,0.8,62,2,15.21,22.6,68.1,6.333,0.1,31.43,Medium
259,1,2,32,0.05,10,20.7,1.98,63,1,24.69,27.5,87.7,5.0,0.025,13.71,Low
581,2,3,38,0.15,35,20.0,2.87,50,1,34.33,34.0,75.1,3.889,0.052,21.71,Medium
661,2,11,1,1.09,36,20.1,1.3,82,1,43.12,24.3,73.8,4.5,0.838,1.71,High
367,2,5,8,1.04,12,20.7,0.76,100,1,28.08,32.8,81.8,6.0,1.368,6.86,Medium
312,3,0,42,1.66,44,20.3,3.13,64,4,32.73,34.5,89.5,7.333,0.53,6.0,High
75,1,3,38,0.19,13,20.9,1.12,74,4,12.81,33.7,72.8,6.5,0.17,21.71,Low
279,1,4,49,0.01,2,20.7,0.72,70,3,18.56,22.2,63.8,1.0,0.014,35.0,Medium
397,1,10,27,0.32,3,20.9,0.55,12,1,24.29,29.1,68.9,1.5,0.582,42.43,Medium
214,3,3,6,0.31,45,18.7,0.51,88,0,22.43,31.4,67.5,2.045,0.608,3.43,High
546,2,11,18,0.35,39,20.4,0.52,22,4,43.6,24.8,64.5,7.8,0.673,30.86,High
534,2,4,7,0.13,39,20.1,3.05,91,1,42.2,23.9,64.7,4.875,0.043,5.0,Medium
301,3,9,27,0.84,28,18.9,0.35,36,1,25.43,24.3,57.7,1.4,2.4,38.57,High
259,1,1,7,0.18,14,20.4,2.06,78,4,21.66,22.7,61.7,2.8,0.087,2.0,Low
192,2,7,45,0.13,25,20.6,1.17,93,1,29.5,22.7,87.5,8.333,0.111,51.43,Medium
464,2,1,37,0.46,34,20.3,0.41,56,1,18.35,27.3,74.0,5.667,1.122,10.57,High
138,2,2,22,0.19,6,20.4,0.94,82,0,24.22,22.3,71.1,1.2,0.202,9.43,Low
135,1,8,25,0.16,6,20.4,0.39,82,0,11.19,31.7,71.5,1.2,0.41,32.14,Medium
299,1,11,50,0.23,19,20.8,3.87,45,5,25.38,27.3,58.9,9.5,0.059,85.71,Medium
525,3,7,17,0.71,48,19.2,3.21,49,1,22.6,27.3,89.4,2.824,0.221,19.43,High
174,1,2,6,0.24,4,20.4,3.01,92,3,15.5,22.2,67.0,0.8,0.08,2.57,Low
57,2,4,48,0.81,30,20.4,1.61,67,3,7.97,33.5,68.2,6.0,0.503,34.29,Medium
136,1,2,31,0.23,6,20.5,1.58,62,0,16.6,30.5,76.1,1.5,0.146,13.29,Low
407,2,5,8,0.44,38,20.3,3.41,58,0,32.19,23.7,58.7,6.333,0.129,6.86,Medium
214,3,8,26,0.76,64,20.3,3.66,99,2,32.59,31.5,83.1,10.667,0.208,33.43,High
566,2,2,14,0.38,33,19.8,2.19,69,3,32.15,35.0,86.8,3.0,0.174,6.0,Medium
276,1,10,36,0.34,6,20.4,1.41,21,4,19.9,23.4,56.1,1.2,0.241,56.57,Medium
91,1,11,47,0.34,12,20.9,1.33,77,1,23.28,27.1,88.7,6.0,0.256,80.57,Medium
315,2,4,29,0.53,21,20.0,0.85,15,4,37.05,24.1,62.8,2.333,0.624,20.71,Medium
49,1,2,13,0.36,2,20.8,3.12,72,5,7.57,34.2,60.2,1.0,0.115,5.57,Low
42,1,0,36,0.17,9,20.7,2.57,76,3,24.19,25.2,65.2,4.5,0.066,5.14,Low
43,2,9,50,0.12,9,20.0,3.09,82,0,26.23,23.6,59.2,1.0,0.039,71.43,Medium
195,3,2,44,1.26,68,20.2,2.59,73,1,24.84,34.1,81.0,9.714,0.486,18.86,High
437,1,12,47,0.34,19,20.6,4.0,53,2,18.9,29.1,84.5,6.333,0.085,87.29,Medium
437,1,0,2,0.06,5,20.7,1.2,86,4,22.9,28.7,79.0,2.5,0.05,0.29,Low
496,1,1,34,0.28,12,20.6,3.11,20,2,33.9,23.2,76.1,4.0,0.09,9.71,Low
356,1,0,13,0.09,9,20.5,1.82,91,2,16.54,32.5,78.3,2.25,0.049,1.86,Low
497,1,9,39,0.17,16,20.4,0.5,86,2,24.99,25.7,86.2,3.2,0.34,55.71,Medium
99,2,4,42,0.63,12,20.4,2.2,12,1,10.67,31.2,73.9,2.4,0.286,30.0,Medium
650,3,4,1,0.43,43,20.1,3.65,29,3,34.27,23.8,73.6,5.375,0.118,0.71,Medium
518,1,5,41,0.4,2,20.3,0.62,34,3,24.28,26.1,88.3,0.333,0.645,35.14,Medium
674,1,12,36,0.17,4,20.7,3.21,27,4,25.64,31.1,58.8,2.0,0.053,66.86,Medium
375,1,0,19,0.08,3,20.5,1.81,95,3,26.53,23.5,56.1,0.75,0.044,2.71,Low
95,1,8,16,0.3,7,20.4,3.65,76,1,25.74,28.0,56.0,1.4,0.082,20.57,Medium
621,2,10,28,1.09,27,19.4,3.02,18,2,43.23,23.2,56.0,1.8,0.361,44.0,High
485,2,3,50,0.79,13,20.9,1.85,43,2,39.13,27.0,56.6,6.5,0.427,28.57,Medium
264,3,4,25,1.2,36,20.7,1.44,13,0,12.76,30.1,66.7,18.0,0.833,17.86,High
192,1,5,36,0.38,5,20.7,0.77,63,0,14.86,28.4,69.3,2.5,0.494,30.86,Medium
509,2,2,26,0.51,26,20.8,3.2,67,0,35.61,28.6,84.7,13.0,0.159,11.14,Medium
196,3,4,5,1.22,44,20.3,1.39,89,3,24.0,33.5,69.3,7.333,0.878,3.57,High
518,3,10,11,2.05,23,20.4,1.42,84,0,19.83,30.3,67.7,4.6,1.444,17.29,High
619,2,4,10,0.16,30,20.7,3.09,26,1,26.5,26.1,64.5,15.0,0.052,7.14,Medium
600,1,1,10,0.3,13,20.4,1.25,21,2,27.07,32.3,70.1,2.6,0.24,2.86,Low
216,1,6,43,0.06,17,20.8,2.32,98,2,13.51,32.4,77.5,8.5,0.026,43.0,Medium
122,2,7,16,0.72,22,20.2,3.5,10,5,17.15,27.6,65.7,3.143,0.206,18.29,Medium
223,2,8,34,0.53,5,19.9,0.66,45,4,35.41,32.4,73.8,0.5,0.803,43.71,Medium
143,3,2,6,1.74,33,19.1,0.41,30,2,16.27,26.0,78.0,1.833,4.244,2.57,High
451,1,9,48,0.05,18,20.5,3.95,77,3,29.2,22.1,88.1,4.5,0.013,68.57,Medium
247,1,11,13,0.37,3,20.3,3.29,23,4,27.12,27.8,84.0,0.5,0.112,22.29,Medium
73,3,3,20,0.48,69,20.3,2.35,70,0,19.74,25.1,81.3,11.5,0.204,11.43,High
86,2,1,41,0.75,7,20.5,1.26,59,1,24.56,31.9,87.9,1.75,0.595,11.71,Medium
635,2,10,30,0.18,32,19.9,1.55,77,2,36.96,33.3,87.2,3.2,0.116,47.14,Medium
209,2,0,31,0.88,34,19.6,2.03,31,4,21.87,28.9,85.4,2.615,0.433,4.43,Medium
97,2,7,8,0.92,34,20.9,0.87,63,0,20.71,27.5,74.3,17.0,1.057,9.14,High
247,2,12,38,0.31,25,20.7,0.45,91,3,15.07,25.3,72.2,12.5,0.689,70.57,Medium
469,2,1,1,0.48,26,20.1,3.89,33,2,34.92,29.1,78.6,3.25,0.123,0.29,Medium
72,1,10,17,0.16,7,20.4,3.35,95,2,12.92,24.5,81.9,1.4,0.048,26.71,Medium
440,2,12,25,0.37,34,19.4,3.26,87,5,37.33,31.9,74.3,2.267,0.113,46.43,Medium
405,1,9,45,0.28,6,20.4,0.5,25,1,38.48,29.5,89.4,1.2,0.56,64.29,Medium
158,3,4,10,0.96,43,20.6,0.88,59,0,15.17,22.1,87.5,14.333,1.091,7.14,High
256,2,11,8,1.0,36,19.5,0.39,89,4,19.33,33.3,75.2,2.571,2.564,13.71,High
348,3,11,28,0.57,57,20.6,1.7,86,0,20.19,32.6,66.1,19.0,0.335,48.0,High
413,2,11,36,0.8,25,19.7,2.33,59,5,22.21,25.8,80.0,2.083,0.343,61.71,Medium
135,1,0,8,0.21,20,20.8,3.47,45,3,13.11,27.5,81.9,10.0,0.061,1.14,Medium
165,1,3,36,0.22,4,20.8,3.66,53,2,12.79,31.7,87.0,2.0,0.06,20.57,Low
377,3,2,15,0.95,29,19.4,3.77,85,2,17.79,31.9,72.4,1.933,0.252,6.43,Medium
86,2,12,39,0.93,31,20.5,3.42,69,1,11.83,25.0,68.4,7.75,0.272,72.43,High
418,2,6,50,0.13,17,19.5,2.15,69,3,27.05,23.8,67.5,1.214,0.06,50.0,Medium
165,1,12,17,0.27,3,20.4,2.1,93,3,15.64,28.9,77.4,0.6,0.129,31.57,Medium
354,3,8,2,1.82,68,20.0,1.72,33,3,22.09,25.9,57.6,7.556,1.058,2.57,High
205,2,5,17,0.3,37,20.7,3.99,60,5,32.57,28.9,89.3,18.5,0.075,14.57,Medium
499,1,4,9,0.2,4,20.8,2.91,11,3,23.44,30.5,68.2,2.0,0.069,6.43,Medium
386,1,8,26,0.36,15,20.7,3.39,70,3,18.66,31.0,67.5,7.5,0.106,33.43,Medium
661,1,10,45,0.24,9,20.4,2.87,13,2,46.37,28.7,87.8,1.8,0.084,70.71,Medium
419,2,4,1,0.25,16,20.3,3.05,54,0,30.97,30.9,88.0,2.667,0.082,0.71,Medium
375,2,7,28,0.53,7,20.5,2.15,42,0,33.08,26.1,78.9,1.75,0.247,32.0,Medium
514,2,5,23,0.13,37,19.8,3.43,42,1,35.76,27.7,57.7,3.364,0.038,19.71,Medium
528,1,6,48,0.08,6,20.6,0.69,26,3,36.15,31.5,61.3,2.0,0.116,48.0,Medium
116,3,5,42,0.6,47,18.9,3.57,72,3,11.46,29.9,88.9,2.35,0.168,36.0,High
420,1,4,36,0.05,15,20.9,0.33,61,4,20.72,29.2,56.1,7.5,0.152,25.71,Medium
638,3,2,12,1.73,11,18.7,3.92,13,1,45.56,31.7,89.8,0.5,0.441,5.14,High
312,1,6,18,0.19,2,20.9,3.28,73,0,34.64,22.8,74.1,1.0,0.058,18.0,Medium
122,1,3,29,0.09,7,20.5,2.0,15,2,16.04,30.9,87.9,1.75,0.045,16.57,Low
299,3,6,37,1.71,65,20.8,3.69,38,0,26.99,33.2,70.4,32.5,0.463,37.0,High
45,2,9,3,0.86,39,19.9,2.89,60,2,15.52,25.4,60.5,3.9,0.298,4.29,High
264,2,3,9,1.0,14,20.7,0.74,69,5,16.92,24.1,81.5,7.0,1.351,5.14,Medium
436,1,10,4,0.29,16,20.5,1.53,48,4,36.83,32.6,57.1,4.0,0.19,6.29,Medium
215,2,2,36,0.75,27,19.4,2.97,92,2,23.12,26.6,62.2,1.8,0.253,15.43,Medium
557,3,6,20,1.82,12,18.9,2.32,10,3,38.01,31.7,89.8,0.6,0.784,20.0,High
145,2,2,39,0.97,23,20.7,1.18,15,1,18.54,24.4,57.7,11.5,0.822,16.71,Medium
73,1,8,37,0.09,8,20.4,3.84,14,4,16.19,24.9,86.5,1.6,0.023,47.57,Medium
290,1,0,10,0.05,9,20.9,1.35,57,5,36.61,32.5,67.0,4.5,0.037,1.43,Low
74,1,6,38,0.25,9,20.4,0.9,74,4,26.65,32.5,65.0,1.8,0.278,38.0,Medium
292,1,2,38,0.3,19,20.9,1.15,64,1,21.62,22.1,73.8,9.5,0.261,16.29,Medium
169,3,12,18,0.9,60,19.2,3.54,44,0,20.89,24.1,75.3,3.529,0.254,33.43,High
655,2,0,8,0.58,27,19.8,0.54,28,1,24.18,34.6,69.1,2.455,1.074,1.14,Medium
55,1,9,50,0.25,5,20.7,0.97,44,5,18.13,23.2,62.1,2.5,0.258,71.43,Medium
497,1,3,7,0.34,10,20.6,0.86,71,2,41.08,25.0,69.0,3.333,0.395,4.0,Low
560,2,6,17,0.75,11,20.1,3.14,59,0,20.61,33.7,60.0,1.375,0.239,17.0,Medium
67,1,9,11,0.06,3,20.4,2.91,94,5,15.24,33.4,86.6,0.6,0.021,15.71,Medium
104,1,3,22,0.06,20,20.7,1.41,55,0,25.88,26.1,64.5,10.0,0.043,12.57,Medium
90,2,7,32,0.23,20,20.7,0.87,85,3,22.78,30.3,64.1,10.0,0.264,36.57,Medium
135,2,3,46,0.93,15,20.5,3.89,42,5,31.74,32.4,66.2,3.75,0.239,26.29,Medium
349,2,7,32,1.11,19,20.5,2.48,15,3,28.51,28.4,68.4,4.75,0.448,36.57,Medium
611,1,1,23,0.12,15,20.5,3.57,89,0,34.3,24.2,71.4,3.75,0.034,6.57,Low
381,2,12,23,0.91,31,20.5,2.07,77,4,19.65,24.5,80.9,7.75,0.44,42.71,High
454,2,0,48,0.28,23,20.8,3.49,75,2,31.38,27.2,59.4,11.5,0.08,6.86,Medium
366,2,1,38,0.11,10,20.2,1.6,60,1,36.02,29.2,61.0,1.429,0.069,10.86,Low
455,1,4,29,0.08,2,20.4,3.8,32,4,23.42,27.3,75.6,0.4,0.021,20.71,Medium
206,1,4,6,0.25,15,20.5,3.38,46,4,30.06,29.5,75.8,3.75,0.074,4.29,Medium
494,1,6,26,0.03,20,20.5,1.02,10,2,38.22,33.9,86.2,5.0,0.029,26.0,Medium
108,2,4,42,0.9,40,19.7,1.67,15,0,9.9,31.3,76.5,3.333,0.539,30.0,High
245,2,2,9,0.33,4,20.4,1.85,30,2,34.92,32.9,58.3,0.8,0.178,3.86,Low
61,3,2,30,1.96,63,20.4,0.5,72,5,17.13,22.5,69.0,12.6,3.92,12.86,High
486,3,6,19,1.33,39,19.6,1.04,37,5,18.4,28.8,87.9,3.0,1.279,19.0,High
473,1,6,43,0.09,15,20.4,2.68,28,1,38.64,30.8,62.2,3.0,0.034,43.0,Medium
672,1,11,6,0.15,11,20.4,3.07,65,2,25.18,23.8,62.0,2.2,0.049,10.29,Medium
510,1,7,43,0.3,15,20.8,1.07,59,4,40.21,26.7,88.3,7.5,0.28,49.14,Medium
297,2,2,40,1.0,10,20.2,1.93,15,2,24.79,33.4,83.3,1.429,0.518,17.14,Medium
128,3,7,40,1.89,46,19.8,1.95,88,4,13.59,24.5,65.5,4.182,0.969,45.71,High
313,2,1,50,0.94,36,20.6,2.42,73,1,32.57,24.8,67.1,12.0,0.388,14.29,High
499,2,0,11,0.98,12,20.0,2.4,55,2,23.88,32.0,67.9,1.333,0.408,1.57,Medium
327,2,2,13,1.13,4,20.3,1.14,76,3,29.84,31.5,64.3,0.667,0.991,5.57,Medium
385,2,5,31,0.92,5,20.7,0.42,44,1,21.25,23.2,80.4,2.5,2.19,26.57,High
265,2,1,17,0.53,10,19.8,1.99,96,3,28.17,22.6,72.1,0.909,0.266,4.86,Low
575,1,3,30,0.34,13,20.8,1.25,16,3,38.43,31.5,57.9,6.5,0.272,17.14,Low
464,3,2,44,1.71,57,20.0,3.56,59,1,39.23,27.3,87.4,6.333,0.48,18.86,High
129,2,8,48,1.07,14,20.3,0.71,87,4,20.09,22.4,57.1,2.333,1.507,61.71,Medium
569,1,0,45,0.39,13,20.5,3.56,68,5,20.72,32.9,74.7,3.25,0.11,6.43,Low
74,1,0,15,0.11,2,20.5,2.69,100,1,22.06,27.8,87.0,0.5,0.041,2.14,Low
256,1,6,31,0.17,17,20.8,2.68,99,0,30.04,29.1,59.7,8.5,0.063,31.0,Medium
123,2,12,33,0.9,6,20.0,3.08,67,4,14.31,30.4,70.1,0.667,0.292,61.29,Medium
626,1,4,44,0.3,14,20.3,3.42,31,5,42.0,28.7,76.6,2.333,0.088,31.43,Medium
370,3,10,41,0.41,64,20.3,3.13,48,4,31.92,23.8,84.0,10.667,0.131,64.43,High
598,3,10,47,1.67,61,20.3,2.44,66,0,41.08,27.3,62.2,10.167,0.684,73.86,High
55,2,12,38,0.81,40,20.6,3.74,84,1,22.15,32.0,72.8,13.333,0.217,70.57,High
542,1,2,27,0.1,4,20.6,3.68,99,2,38.09,34.6,81.9,1.333,0.027,11.57,Low
46,2,4,40,0.85,38,20.4,2.76,43,1,7.87,27.3,65.2,7.6,0.308,28.57,High
129,2,3,21,0.4,40,20.3,1.85,48,5,9.69,34.9,76.1,6.667,0.216,12.0,Medium
67,3,9,12,0.96,30,20.7,1.3,18,4,12.23,26.4,73.9,15.0,0.738,17.14,High
614,3,11,50,1.71,19,19.6,2.29,45,5,38.09,32.2,83.4,1.462,0.747,85.71,High
464,2,0,25,0.22,37,20.3,3.1,91,3,22.92,34.4,64.5,6.167,0.071,3.57,Medium
93,1,10,17,0.05,2,20.4,1.96,84,5,24.02,30.6,86.5,0.4,0.026,26.71,Medium
87,1,0,39,0.09,18,20.7,0.42,29,3,29.29,30.2,56.5,9.0,0.214,5.57,Medium
107,2,6,10,1.01,22,20.6,3.42,77,1,12.85,29.8,69.5,7.333,0.295,10.0,Medium
374,2,0,43,0.46,40,19.7,2.69,12,3,29.26,23.9,72.8,3.333,0.171,6.14,Medium
322,1,6,35,0.35,14,20.8,0.93,10,3,31.31,34.2,79.0,7.0,0.376,35.0,Medium
523,1,2,1,0.06,3,20.7,3.28,81,0,24.84,28.9,84.4,1.5,0.018,0.43,Low
471,1,4,18,0.08,10,20.5,2.23,44,1,32.9,26.2,75.8,2.5,0.036,12.86,Medium
536,3,1,12,0.56,30,20.0,1.68,11,5,41.73,31.7,83.4,3.333,0.333,3.43,Medium
457,2,9,6,1.05,40,20.1,3.34,29,1,21.81,28.0,63.7,5.0,0.314,8.57,High
100,1,6,42,0.13,11,20.3,1.61,67,0,14.31,23.7,81.4,1.833,0.081,42.0,Medium
475,1,12,6,0.12,2,20.9,3.53,99,4,36.57,32.6,82.6,1.0,0.034,11.14,Medium
318,3,8,35,1.2,57,19.1,2.94,28,0,24.79,26.6,80.1,3.167,0.408,45.0,High
460,1,3,9,0.31,18,20.5,2.47,39,3,28.63,22.5,69.1,4.5,0.126,5.14,Medium
172,1,4,37,0.11,18,20.5,0.91,72,5,11.51,33.8,59.7,4.5,0.121,26.43,Medium
460,2,2,1,0.7,30,19.7,3.6,59,3,40.27,27.2,88.8,2.5,0.194,0.43,Medium
426,2,9,39,0.87,19,19.7,3.08,94,1,35.64,29.6,80.8,1.583,0.282,55.71,Medium
528,3,6,36,1.95,65,18.5,0.75,75,3,23.69,31.2,70.8,2.708,2.6,36.0,High
300,2,0,34,0.65,16,20.9,2.52,42,4,18.3,32.6,58.3,8.0,0.258,4.86,Medium
198,3,6,1,2.06,69,20.6,0.84,13,0,12.14,33.7,65.1,23.0,2.452,1.0,High
671,2,1,20,1.08,8,19.7,0.74,93,5,29.6,24.9,56.2,0.667,1.459,5.71,Medium
249,2,9,32,0.13,38,20.1,1.51,51,1,23.51,33.7,84.5,4.75,0.086,45.71,Medium
432,1,11,43,0.29,6,20.3,0.98,99,1,31.71,25.9,55.4,1.0,0.296,73.71,Medium
384,3,0,37,2.0,61,18.8,3.77,72,3,18.06,27.6,88.0,2.905,0.531,5.29,High
598,3,0,42,1.49,41,19.9,0.31,57,3,22.99,28.9,85.8,4.1,4.806,6.0,High
670,1,1,34,0.26,11,20.8,0.32,65,4,40.93,26.3,71.8,5.5,0.812,9.71,Medium
293,2,4,32,0.79,34,20.4,1.47,42,0,36.47,31.2,66.1,6.8,0.537,22.86,Medium
454,1,0,32,0.39,3,20.4,0.62,72,3,29.26,24.6,60.9,0.6,0.629,4.57,Medium
629,2,2,3,0.73,8,20.3,2.21,28,5,41.78,26.3,76.8,1.333,0.33,1.29,Medium
238,1,0,13,0.12,16,20.5,2.55,48,5,35.86,24.4,65.3,4.0,0.047,1.86,Low
317,2,0,29,0.17,4,20.4,2.04,78,3,21.49,33.3,82.1,0.8,0.083,4.14,Low
369,1,12,39,0.34,13,20.4,2.87,19,3,31.74,30.2,89.2,2.6,0.118,72.43,Medium
210,3,9,23,1.39,19,19.8,1.61,20,2,17.39,26.6,61.7,1.727,0.863,32.86,High
41,1,8,48,0.19,10,20.7,2.59,20,5,28.51,31.6,58.3,5.0,0.073,61.71,Medium
414,1,10,8,0.12,20,20.4,3.37,60,0,16.41,30.4,83.7,4.0,0.036,12.57,Medium
52,2,5,20,0.73,38,19.6,0.6,25,4,25.57,25.6,55.6,2.923,1.217,17.14,High
592,1,3,38,0.03,18,20.5,3.34,58,3,38.52,32.0,81.9,4.5,0.009,21.71,Medium
607,1,4,41,0.07,12,20.4,2.88,98,5,34.15,22.3,70.6,2.4,0.024,29.29,Medium
132,3,6,19,0.73,63,18.8,0.51,98,3,14.19,31.2,62.2,3.0,1.431,19.0,High
234,2,7,20,0.91,31,20.1,2.17,43,0,13.13,28.5,72.8,3.875,0.419,22.86,High
659,2,0,39,0.75,38,20.7,3.34,31,0,36.86,34.7,80.0,19.0,0.225,5.57,Medium
328,3,1,6,0.48,52,19.7,2.35,35,5,23.56,33.1,60.1,4.333,0.204,1.71,High
614,1,2,26,0.02,16,20.8,2.79,40,1,37.1,30.6,58.9,8.0,0.007,11.14,Low
202,1,5,15,0.15,10,20.5,2.99,86,3,33.9,30.8,71.7,2.5,0.05,12.86,Medium
98,3,10,44,0.82,19,20.4,2.42,27,5,26.47,33.6,57.8,3.8,0.339,69.14,Medium
289,2,6,32,0.84,40,20.0,0.31,59,3,19.18,23.7,69.3,4.444,2.71,32.0,High
277,3,2,48,1.18,67,18.5,3.66,59,0,16.04,31.6,65.5,2.792,0.322,20.57,High
569,1,5,4,0.01,3,20.4,2.26,60,1,30.64,22.5,68.9,0.6,0.004,3.43,Medium
129,2,6,18,0.72,11,20.9,0.52,11,4,29.85,29.1,59.2,5.5,1.385,18.0,Medium
282,2,2,24,0.91,33,20.5,2.4,27,0,29.58,29.9,66.9,8.25,0.379,10.29,Medium
651,1,1,37,0.22,3,20.4,3.88,93,1,37.23,34.6,56.5,0.6,0.057,10.57,Low
397,3,7,19,2.01,15,19.2,3.06,94,2,31.05,25.4,64.6,0.882,0.657,21.71,High
659,1,4,22,0.06,19,20.7,1.59,38,4,37.61,23.2,74.5,9.5,0.038,15.71,Medium
398,2,4,19,0.93,27,19.6,2.13,52,3,19.98,34.7,60.5,2.077,0.437,13.57,Medium
546,1,11,27,0.17,6,20.5,1.87,58,0,22.11,25.1,83.4,1.5,0.091,46.29,Medium
498,1,7,41,0.15,4,20.5,1.65,29,3,21.6,33.7,69.2,1.0,0.091,46.86,Medium
112,1,3,44,0.05,17,20.8,1.47,10,0,24.04,27.7,78.8,8.5,0.034,25.14,Low
95,1,7,37,0.11,12,20.5,2.4,17,2,10.18,23.7,63.9,3.0,0.046,42.29,Medium
97,2,4,47,1.14,33,20.3,1.48,56,1,25.09,23.3,83.4,5.5,0.77,33.57,High
511,1,11,6,0.3,11,20.8,1.8,92,4,29.21,30.3,73.6,5.5,0.167,10.29,Medium
259,1,6,8,0.11,19,20.6,2.32,80,1,27.05,24.5,66.3,6.333,0.047,8.0,Medium
47,1,7,4,0.32,4,20.6,1.2,33,1,27.52,34.9,79.3,1.333,0.267,4.57,Medium
46,3,1,37,0.69,28,20.1,2.53,33,1,18.88,22.3,67.6,3.5,0.273,10.57,Medium
530,1,10,9,0.08,19,20.9,1.49,36,4,25.47,35.0,69.2,9.5,0.054,14.14,Medium
207,3,12,30,1.09,40,19.9,2.92,58,4,17.37,33.2,77.8,4.0,0.373,55.71,High
269,2,5,42,0.2,4,19.5,2.58,28,0,13.25,23.8,79.0,0.286,0.078,36.0,Medium
273,2,2,34,0.17,37,19.6,2.55,45,2,24.7,23.8,88.7,2.846,0.067,14.57,Medium
534,1,5,6,0.37,16,20.5,2.4,52,2,28.69,31.0,59.4,4.0,0.154,5.14,Medium
663,2,3,36,0.4,19,19.7,0.87,38,0,32.02,22.4,80.1,1.583,0.46,20.57,Medium
482,3,11,50,1.99,63,20.5,2.17,29,1,23.29,28.4,71.4,15.75,0.917,85.71,High
74,3,6,20,0.95,40,19.4,0.43,71,0,12.83,34.0,70.5,2.667,2.209,20.0,High
669,1,9,33,0.26,11,20.7,0.79,48,1,42.5,30.2,58.0,5.5,0.329,47.14,Medium
547,1,10,42,0.19,6,20.5,3.73,65,3,23.68,32.2,67.8,1.5,0.051,66.0,Medium
480,3,0,3,0.94,61,20.5,3.24,41,5,33.9,27.3,83.2,15.25,0.29,0.43,High
461,2,4,37,0.21,17,20.9,2.89,67,2,31.59,26.1,72.0,8.5,0.073,26.43,Medium
624,2,11,37,0.37,36,20.0,2.48,79,5,40.55,25.6,89.9,4.0,0.149,63.43,Medium
675,3,5,1,1.05,65,19.2,0.77,46,4,26.31,31.1,78.2,3.824,1.364,0.86,High
267,3,4,25,1.98,19,20.0,3.67,22,1,26.73,23.3,80.2,2.111,0.54,17.86,High
377,2,8,22,0.57,14,19.6,1.01,39,2,19.8,22.2,79.5,1.077,0.564,28.29,Medium
645,3,11,20,0.91,69,20.2,2.88,73,2,37.41,24.2,86.1,9.857,0.316,34.29,High
105,3,12,33,1.46,71,18.6,2.73,77,1,19.43,33.8,59.5,3.087,0.535,61.29,High
337,1,8,4,0.11,13,20.5,2.03,59,5,31.17,23.0,80.6,3.25,0.054,5.14,Medium
628,2,4,26,0.38,28,19.7,2.81,13,5,32.35,26.2,70.0,2.333,0.135,18.57,Medium
287,3,9,29,0.41,28,19.5,1.72,29,1,33.32,27.1,59.2,2.0,0.238,41.43,Medium
175,1,6,21,0.12,17,20.7,2.23,55,2,20.13,31.5,79.0,8.5,0.054,21.0,Medium
448,1,12,49,0.19,10,20.3,0.49,55,3,21.33,26.6,89.7,1.667,0.388,91.0,Medium
576,1,8,27,0.16,10,20.5,0.87,77,1,22.11,25.8,57.0,2.5,0.184,34.71,Medium
302,3,4,5,1.74,35,19.0,1.8,75,4,13.67,30.0,87.7,1.842,0.967,3.57,High
587,3,0,33,1.11,41,19.4,0.47,39,2,38.2,32.7,85.4,2.733,2.362,4.71,High
677,1,4,10,0.28,3,20.6,3.02,37,4,24.01,30.4,57.1,1.0,0.093,7.14,Medium
268,1,9,50,0.24,15,20.7,3.35,45,5,26.58,22.9,64.4,7.5,0.072,71.43,Medium
527,2,9,32,0.32,28,20.3,2.25,27,2,25.62,26.4,60.3,4.667,0.142,45.71,Medium
345,1,0,30,0.13,18,20.9,0.35,36,2,31.22,31.8,68.2,9.0,0.371,4.29,Medium
369,2,10,15,0.76,39,19.5,2.73,83,2,29.25,30.8,86.1,2.786,0.278,23.57,High
482,1,11,40,0.32,4,20.5,2.26,42,2,38.61,23.9,85.5,1.0,0.142,68.57,Medium
183,1,4,40,0.05,16,20.7,2.04,12,3,11.56,24.5,65.9,8.0,0.025,28.57,Medium
585,1,5,40,0.3,18,20.7,1.05,56,0,42.21,30.5,57.3,9.0,0.286,34.29,Medium
552,2,11,9,0.64,21,19.6,1.86,87,2,29.31,32.2,73.2,1.615,0.344,15.43,Medium
290,2,3,11,0.85,21,19.6,1.85,64,0,26.42,31.6,67.6,1.615,0.459,6.29,Medium
532,1,8,14,0.34,8,20.7,2.68,22,3,28.97,24.5,55.1,4.0,0.127,18.0,Medium
128,1,12,34,0.36,13,20.8,2.38,21,3,27.89,29.0,60.2,6.5,0.151,63.14,Medium
464,2,9,2,0.79,11,20.1,2.16,63,1,21.07,25.1,71.1,1.375,0.366,2.86,Medium
633,1,2,11,0.33,15,20.5,1.31,39,3,22.69,30.8,75.1,3.75,0.252,4.71,Low
595,2,7,4,0.44,20,19.5,3.23,95,4,31.59,25.6,71.3,1.429,0.136,4.57,Medium
470,2,5,13,0.67,6,20.7,3.07,85,4,38.51,23.0,83.6,3.0,0.218,11.14,Medium
513,2,5,38,0.49,28,19.7,3.36,18,2,32.77,28.4,57.0,2.333,0.146,32.57,Medium
255,2,8,33,0.12,34,20.0,0.86,66,3,16.11,24.7,55.8,3.778,0.14,42.43,Medium
647,1,1,12,0.14,4,20.6,3.29,24,5,37.34,32.2,76.1,1.333,0.043,3.43,Low
142,1,9,42,0.05,6,20.8,0.4,79,4,28.37,30.4,84.7,3.0,0.125,60.0,Medium
540,1,6,25,0.1,6,20.7,0.83,86,0,33.57,33.3,56.6,3.0,0.12,25.0,Medium
606,2,3,15,0.42,33,20.8,1.2,45,5,31.63,28.6,87.5,16.5,0.35,8.57,Medium
363,1,7,21,0.35,8,20.5,2.85,68,4,33.87,30.0,85.2,2.0,0.123,24.0,Medium
53,3,7,16,0.48,52,19.3,0.46,22,1,28.44,32.9,78.0,3.25,1.043,18.29,High
365,1,0,23,0.35,9,20.6,2.93,26,5,29.61,23.2,71.7,3.0,0.119,3.29,Low
326,1,4,24,0.13,17,20.9,2.71,75,4,21.62,24.7,89.0,8.5,0.048,17.14,Medium
144,2,3,42,0.44,29,20.6,3.17,51,0,20.26,24.6,73.8,9.667,0.139,24.0,Medium
656,1,0,38,0.03,6,20.4,3.9,91,3,33.11,33.4,70.8,1.2,0.008,5.43,Low
313,1,8,19,0.37,9,20.8,1.87,43,3,20.87,34.7,75.1,4.5,0.198,24.43,Medium
477,3,0,5,1.67,74,20.0,3.51,65,1,29.44,34.2,76.5,8.222,0.476,0.71,High
403,2,7,24,0.25,32,19.8,2.18,67,5,32.95,33.9,76.0,2.909,0.115,27.43,Medium
612,2,3,46,1.07,23,20.4,3.98,14,1,34.72,29.3,58.1,4.6,0.269,26.29,Medium
272,1,4,6,0.11,9,20.6,3.25,58,5,27.84,26.8,74.2,3.0,0.034,4.29,Medium
64,3,3,20,1.61,54,20.2,2.42,47,3,16.93,33.0,79.8,7.714,0.665,11.43,High
597,1,1,41,0.18,16,20.3,0.35,72,2,35.56,31.6,87.3,2.667,0.514,11.71,Medium
205,3,1,33,2.0,22,19.0,3.12,95,0,26.62,27.3,74.3,1.158,0.641,9.43,High
320,2,6,45,0.61,32,19.8,3.02,17,5,18.88,29.7,83.6,2.909,0.202,45.0,Medium
171,2,11,9,0.31,5,20.6,1.87,78,3,16.07,25.8,77.3,1.667,0.166,15.43,Medium
396,3,11,2,0.51,34,19.5,1.97,83,5,35.56,30.4,68.5,2.429,0.259,3.43,Medium
166,2,6,27,0.88,19,19.8,3.3,62,3,34.09,34.4,55.1,1.727,0.267,27.0,Medium
72,1,2,9,0.03,8,20.7,3.9,97,5,21.92,34.7,64.4,4.0,0.008,3.86,Low
607,1,6,32,0.25,12,20.4,1.43,55,4,41.92,31.6,58.3,2.4,0.175,32.0,Medium
453,1,4,2,0.19,14,20.8,1.91,88,1,25.74,24.7,82.2,7.0,0.099,1.43,Medium
354,1,12,25,0.16,4,20.6,3.19,16,0,32.89,29.1,63.6,1.333,0.05,46.43,Medium
405,2,10,25,0.29,32,20.0,3.56,88,5,19.92,26.4,75.4,3.556,0.081,39.29,Medium
134,1,0,2,0.14,4,20.7,3.92,37,4,27.18,26.2,89.0,2.0,0.036,0.29,Low
317,2,10,17,0.34,4,19.9,3.09,80,3,35.78,28.3,61.3,0.4,0.11,26.71,Medium
279,1,5,18,0.12,8,20.4,0.64,58,5,29.45,31.6,57.9,1.6,0.188,15.43,Medium
306,2,9,30,0.24,4,19.8,2.46,77,4,18.78,28.1,83.8,0.364,0.098,42.86,Medium
332,1,7,42,0.32,18,20.3,0.67,65,3,31.06,23.2,61.8,3.0,0.478,48.0,Medium
588,2,3,6,0.36,31,20.1,1.83,49,1,43.22,29.6,66.4,3.875,0.197,3.43,Medium
146,3,0,32,1.03,50,19.5,0.78,80,0,24.41,29.1,58.4,3.571,1.321,4.57,High
505,3,6,42,1.34,35,19.1,3.29,80,5,28.89,32.9,60.0,1.944,0.407,42.0,High
113,1,4,12,0.09,7,20.9,1.9,100,5,10.09,24.6,69.1,3.5,0.047,8.57,Medium
383,3,11,22,0.82,22,18.7,3.22,99,0,18.89,30.8,87.0,1.0,0.255,37.71,Medium
67,1,7,3,0.07,5,20.9,1.79,23,2,21.81,23.0,66.2,2.5,0.039,3.43,Medium
295,1,11,34,0.4,9,20.8,2.47,28,1,14.27,23.8,59.8,4.5,0.162,58.29,Medium
228,2,0,24,0.74,6,20.7,0.72,58,1,27.62,30.5,58.3,3.0,1.028,3.43,Medium
252,1,4,14,0.08,14,20.9,0.73,38,4,16.48,23.3,63.0,7.0,0.11,10.0,Medium
259,1,11,39,0.06,11,20.4,1.78,42,2,19.27,32.8,69.4,2.2,0.034,66.86,Medium
345,2,6,1,0.28,7,20.5,2.46,32,2,19.26,29.6,70.1,1.75,0.114,1.0,Medium
405,1,12,30,0.12,20,20.6,2.61,91,5,35.83,28.2,86.7,6.667,0.046,55.71,Medium
221,2,3,23,1.11,27,20.6,2.38,61,0,20.73,26.3,61.2,9.0,0.466,13.14,Medium
107,1,12,25,0.25,15,20.5,0.69,30,2,20.94,32.2,85.5,3.75,0.362,46.43,Medium
524,2,5,15,1.02,21,20.8,1.76,41,3,22.92,33.0,79.4,10.5,0.58,12.86,Medium
365,2,5,14,0.9,40,20.2,1.55,81,4,24.91,31.1,79.5,5.714,0.581,12.0,High
295,1,3,46,0.2,7,20.7,3.49,59,3,15.85,34.0,60.3,3.5,0.057,26.29,Low
468,3,11,41,1.04,52,19.7,1.89,80,1,33.52,26.2,62.4,4.333,0.55,70.29,High
631,1,12,7,0.26,19,20.8,0.59,60,5,33.06,29.0,65.4,9.5,0.441,13.0,Medium
138,1,3,44,0.09,16,20.4,1.21,74,0,21.82,23.3,86.4,3.2,0.074,25.14,Low
549,3,7,9,0.31,22,19.1,2.57,58,0,39.65,28.1,60.8,1.222,0.121,10.29,Medium
533,3,11,2,0.54,25,20.8,1.77,81,1,24.32,27.0,64.6,12.5,0.305,3.43,Medium
241,2,4,50,0.89,14,20.0,2.9,66,3,32.14,24.4,77.5,1.556,0.307,35.71,Medium
392,2,3,13,0.95,23,19.4,1.76,86,0,29.84,28.0,81.2,1.533,0.54,7.43,Medium
626,1,10,6,0.29,20,20.6,2.6,95,0,43.52,24.4,69.5,6.667,0.112,9.43,Medium
502,3,0,27,0.36,59,18.7,1.59,97,4,32.95,24.9,66.5,2.682,0.226,3.86,High
624,1,6,50,0.3,8,20.4,1.31,41,4,22.41,29.8,80.6,1.6,0.229,50.0,Medium
318,1,10,27,0.32,11,20.3,2.38,71,5,20.52,32.4,88.5,1.833,0.134,42.43,Medium
311,1,0,5,0.36,4,20.4,0.34,65,3,37.63,29.8,56.3,0.8,1.059,0.71,Medium
329,2,11,38,0.79,14,20.7,0.44,94,5,34.59,23.1,55.9,7.0,1.795,65.14,High
582,2,6,27,0.18,6,19.8,0.83,25,3,38.5,33.9,90.0,0.545,0.217,27.0,Medium
245,1,11,22,0.13,4,20.6,2.87,48,4,13.56,25.4,60.5,1.333,0.045,37.71,Medium
619,3,1,32,0.88,71,18.7,2.9,85,0,22.89,24.7,74.0,3.227,0.303,9.14,High
128,2,1,14,0.96,12,19.9,2.02,27,5,31.43,23.3,78.9,1.2,0.475,4.0,Medium
44,1,8,36,0.19,11,20.5,3.66,93,0,27.27,25.8,59.2,2.75,0.052,46.29,Medium
116,2,9,14,1.0,16,20.3,1.18,65,3,18.03,33.0,67.9,2.667,0.847,20.0,Medium
121,1,10,32,0.32,11,20.4,2.67,48,4,18.12,34.6,78.0,2.2,0.12,50.29,Medium
161,1,0,5,0.17,15,20.9,0.99,100,1,17.98,23.1,66.7,7.5,0.172,0.71,Low
108,1,4,23,0.3,4,20.3,2.64,53,1,24.44,35.0,61.1,0.667,0.114,16.43,Medium
329,2,12,5,0.65,26,20.0,2.54,100,3,28.95,29.6,75.9,2.889,0.256,9.29,Medium
558,2,9,15,0.87,31,20.1,3.77,17,0,35.04,26.8,75.7,3.875,0.231,21.43,High
451,1,5,50,0.26,4,20.6,1.74,74,2,21.7,33.5,84.8,1.333,0.149,42.86,Medium
176,2,5,26,0.8,9,19.8,4.0,56,0,21.83,25.4,85.6,0.818,0.2,22.29,Medium
321,1,3,1,0.11,18,20.6,3.29,58,4,34.69,30.4,88.6,6.0,0.033,0.57,Medium
45,1,10,27,0.32,5,20.6,2.28,62,4,30.84,29.8,78.5,1.667,0.14,42.43,Medium
47,2,2,13,0.27,18,19.6,0.85,74,5,26.2,23.4,67.3,1.385,0.318,5.57,Medium
219,2,4,1,0.48,23,19.4,1.31,78,2,24.1,28.1,85.3,1.533,0.366,0.71,Medium
79,2,8,18,0.21,11,20.8,1.58,67,4,29.33,32.4,63.0,5.5,0.133,23.14,Medium
70,3,12,21,0.6,26,20.6,0.33,34,2,30.01,34.6,88.0,8.667,1.818,39.0,High
487,1,10,45,0.31,18,20.4,0.77,95,2,19.16,34.4,74.5,3.6,0.403,70.71,Medium
593,1,1,2,0.14,11,20.3,1.53,48,0,37.92,30.1,86.9,1.833,0.092,0.57,Low
169,2,8,49,0.58,12,20.2,0.95,22,5,20.06,25.4,71.4,1.714,0.611,63.0,Medium
562,2,9,15,0.69,5,20.4,1.14,12,3,43.6,24.9,67.1,1.0,0.605,21.43,Medium
611,2,1,43,0.85,20,20.8,3.64,28,0,38.68,24.9,78.1,10.0,0.234,12.29,Medium
452,2,0,21,0.49,40,19.9,3.14,52,4,29.13,26.2,67.1,4.0,0.156,3.0,Medium
597,2,2,37,0.82,26,20.7,2.22,10,3,36.23,29.8,70.0,13.0,0.369,15.86,Medium
596,1,6,5,0.3,13,20.6,0.46,16,3,26.5,26.3,71.1,4.333,0.652,5.0,Medium
448,1,7,27,0.36,3,20.4,1.11,21,1,24.37,27.4,74.6,0.6,0.324,30.86,Medium
60,2,3,31,0.41,23,20.1,3.4,61,4,27.87,30.0,77.4,2.875,0.121,17.71,Medium
224,1,12,1,0.11,8,20.5,0.32,78,2,14.98,30.8,63.4,2.0,0.344,1.86,Medium
72,1,7,46,0.35,5,20.5,1.55,26,2,13.72,23.4,66.6,1.25,0.226,52.57,Medium
509,1,9,2,0.07,7,20.5,0.53,59,1,27.82,32.8,74.7,1.75,0.132,2.86,Medium
258,1,2,40,0.34,12,20.7,3.71,53,5,34.79,29.8,67.6,6.0,0.092,17.14,Low
182,2,3,3,0.29,9,20.1,0.67,45,0,20.99,33.9,59.9,1.125,0.433,1.71,Medium
342,3,9,9,1.68,25,19.3,1.19,26,0,27.55,25.9,69.3,1.563,1.412,12.86,High
220,3,6,39,2.08,55,20.2,3.89,36,3,21.01,33.2,84.2,7.857,0.535,39.0,High
164,3,9,11,0.31,29,18.6,0.65,74,0,29.81,25.9,82.3,1.261,0.477,15.71,Medium
639,1,9,16,0.2,3,20.3,2.69,92,1,33.72,24.8,76.7,0.5,0.074,22.86,Medium
228,2,10,22,0.85,21,20.5,0.54,65,0,19.87,26.9,61.4,5.25,1.574,34.57,High
417,1,9,20,0.07,2,20.5,3.18,10,5,35.91,27.8,89.9,0.5,0.022,28.57,Medium
262,1,3,6,0.31,11,20.5,1.37,59,5,31.31,30.2,71.3,2.75,0.226,3.43,Low
334,3,7,1,1.41,23,20.6,2.78,25,4,19.05,25.8,81.5,7.667,0.507,1.14,High
550,1,6,46,0.36,15,20.3,0.4,64,2,31.05,22.8,61.2,2.5,0.9,46.0,Medium
629,1,1,45,0.32,3,20.4,1.21,92,2,37.62,28.2,56.9,0.6,0.264,12.86,Low
156,1,10,36,0.18,12,20.4,0.86,97,3,21.37,22.3,77.0,2.4,0.209,56.57,Medium
537,1,5,38,0.29,18,20.5,1.12,29,0,34.68,33.3,68.2,4.5,0.259,32.57,Medium
549,1,4,10,0.11,12,20.8,1.21,87,2,42.26,24.5,56.4,6.0,0.091,7.14,Medium
590,2,11,10,0.46,36,20.7,1.71,41,5,26.98,31.1,62.3,18.0,0.269,17.14,Medium
253,1,7,49,0.32,17,20.5,2.41,78,5,25.61,25.4,72.2,4.25,0.133,56.0,Medium
389,3,8,9,1.77,55,18.9,1.88,15,0,36.62,23.3,64.6,2.75,0.941,11.57,High
339,1,7,15,0.13,13,20.4,3.29,57,0,38.32,32.5,72.1,2.6,0.04,17.14,Medium
294,2,5,44,0.53,37,20.1,1.39,60,2,24.61,34.1,68.5,4.625,0.381,37.71,Medium
476,1,4,37,0.25,12,20.3,1.83,46,5,25.26,26.8,59.2,2.0,0.137,26.43,Medium
172,3,6,21,1.51,63,20.3,3.08,59,4,13.73,34.1,85.1,10.5,0.49,21.0,High
467,2,2,39,0.92,20,20.4,1.3,39,5,28.26,26.2,55.8,4.0,0.708,16.71,Medium
181,1,9,8,0.08,8,20.5,2.13,48,3,32.15,33.3,78.0,2.0,0.038,11.43,Medium
603,3,11,45,1.19,69,20.5,0.81,95,5,29.35,31.1,65.0,17.25,1.469,77.14,High
159,3,4,45,1.25,21,19.2,2.36,93,0,25.57,28.0,62.1,1.235,0.53,32.14,High
187,2,3,29,0.83,21,19.9,2.96,92,5,32.91,33.5,79.3,2.1,0.28,16.57,Medium
444,2,12,47,0.25,37,20.0,0.32,66,0,22.37,27.1,69.2,4.111,0.781,87.29,High
108,3,12,10,1.21,44,18.8,3.32,13,0,21.13,33.6,80.2,2.095,0.364,18.57,High
596,1,12,14,0.21,19,20.7,2.15,64,3,43.63,30.8,68.3,9.5,0.098,26.0,Medium
127,2,6,1,0.56,12,19.4,3.95,52,5,16.04,30.8,76.2,0.8,0.142,1.0,Medium
469,1,11,4,0.05,20,20.9,1.68,24,1,36.05,23.9,76.8,10.0,0.03,6.86,Medium
40,1,5,19,0.28,3,20.6,0.48,60,0,19.73,28.2,82.5,1.0,0.583,16.29,Medium
576,2,9,41,0.39,8,19.9,1.72,14,2,27.16,25.3,57.4,0.8,0.227,58.57,Medium
561,1,10,14,0.26,17,20.5,1.48,52,1,26.61,28.8,77.9,4.25,0.176,22.0,Medium
557,1,0,40,0.16,16,20.4,3.41,91,0,42.28,23.3,69.1,3.2,0.047,5.71,Low
501,2,0,6,0.21,37,20.4,2.69,87,0,40.41,24.0,71.2,7.4,0.078,0.86,Medium
249,2,1,28,0.94,31,19.6,2.4,21,0,22.41,26.8,87.5,2.385,0.392,8.0,Medium
521,3,6,29,0.59,18,19.6,0.45,55,4,34.96,31.6,73.2,1.385,1.311,29.0,Medium
368,3,5,35,1.36,64,19.3,2.91,36,2,28.14,24.5,67.5,4.0,0.467,30.0,High
598,1,5,16,0.12,14,20.5,0.83,41,4,33.17,30.5,82.0,3.5,0.145,13.71,Medium
519,3,11,31,0.78,64,19.5,2.09,52,4,31.92,22.6,78.8,4.571,0.373,53.14,High
253,1,12,13,0.33,7,20.6,1.72,10,1,16.11,32.3,66.9,2.333,0.192,24.14,Medium
646,2,10,15,0.16,24,19.6,2.22,42,2,39.88,22.9,68.0,1.846,0.072,23.57,Medium
347,1,3,1,0.37,17,20.4,2.97,79,3,14.86,32.6,87.9,3.4,0.125,0.57,Low
48,2,12,15,0.59,11,19.6,3.11,81,5,26.24,33.0,88.3,0.846,0.19,27.86,Medium
339,1,2,45,0.24,2,20.6,0.61,71,5,14.5,28.6,68.6,0.667,0.393,19.29,Medium
114,1,2,46,0.36,3,20.5,2.74,45,1,20.58,24.5,78.6,0.75,0.131,19.71,Low
497,3,1,49,1.35,70,18.7,1.65,89,5,34.69,33.7,87.7,3.182,0.818,14.0,High
664,1,12,26,0.28,18,20.8,1.02,61,3,37.23,27.3,56.4,9.0,0.275,48.29,Medium
312,1,9,46,0.06,14,20.7,1.65,56,1,20.56,24.1,83.8,7.0,0.036,65.71,Medium
509,2,11,12,0.75,4,20.1,1.64,26,0,24.58,29.5,81.6,0.5,0.457,20.57,Medium
331,2,3,27,0.19,25,19.5,2.9,16,0,28.36,26.3,82.6,1.786,0.066,15.43,Medium
84,1,11,10,0.23,8,20.7,3.43,63,0,17.73,22.4,56.1,4.0,0.067,17.14,Medium
384,2,8,14,0.62,9,20.3,0.7,38,2,20.57,25.8,72.5,1.5,0.886,18.0,Medium
624,1,9,6,0.17,14,20.8,2.81,42,3,33.73,25.2,86.4,7.0,0.06,8.57,Medium
285,3,0,14,0.96,28,19.2,2.29,21,3,22.91,31.0,83.6,1.647,0.419,2.0,Medium
310,3,9,11,1.54,28,18.5,1.75,73,5,33.21,23.7,55.1,1.167,0.88,15.71,High
90,1,10,48,0.14,8,20.8,2.13,58,0,21.68,26.2,75.6,4.0,0.066,75.43,Medium
157,1,10,13,0.36,8,20.5,2.94,17,5,15.55,31.0,61.9,2.0,0.122,20.43,Medium
245,3,1,4,1.36,18,19.8,2.23,17,5,31.82,22.5,56.8,1.636,0.61,1.14,High
43,3,4,35,1.56,45,18.6,2.31,15,1,12.61,28.8,89.4,1.957,0.675,25.0,High
654,2,9,44,0.33,32,20.0,0.63,16,4,28.65,31.6,56.7,3.556,0.524,62.86,Medium
467,1,8,42,0.27,15,20.6,1.59,13,4,41.32,32.3,57.9,5.0,0.17,54.0,Medium
625,1,7,45,0.1,4,20.3,1.59,42,3,43.5,33.0,85.5,0.667,0.063,51.43,Medium
601,3,10,50,1.39,74,19.2,0.82,41,0,43.34,33.2,70.1,4.353,1.695,78.57,High
611,2,1,48,0.53,26,20.4,3.1,49,1,32.66,30.7,76.2,5.2,0.171,13.71,Medium
146,1,7,28,0.35,6,20.7,2.31,71,5,21.14,33.3,72.8,3.0,0.152,32.0,Medium
261,1,3,28,0.29,14,20.8,3.19,79,4,13.11,33.8,78.3,7.0,0.091,16.0,Low
205,2,6,12,0.97,36,19.4,2.89,85,1,21.78,24.4,70.1,2.4,0.336,12.0,High
239,1,6,6,0.27,19,20.9,0.3,60,2,27.35,24.2,74.3,9.5,0.9,6.0,Medium
338,2,3,21,0.6,13,20.1,3.91,82,4,29.39,23.4,66.3,1.625,0.153,12.0,Medium
547,1,0,36,0.02,4,20.9,3.78,34,4,20.27,26.8,81.0,2.0,0.005,5.14,Low
337,1,7,7,0.38,6,20.7,3.81,59,2,28.14,28.3,75.4,3.0,0.1,8.0,Medium
400,3,5,6,0.86,64,18.6,3.53,78,4,36.2,27.7,77.7,2.783,0.244,5.14,High
409,2,0,46,0.65,32,20.2,3.59,87,1,31.55,25.4,75.8,4.571,0.181,6.57,Medium
397,2,0,41,0.23,13,19.9,0.35,39,5,20.63,22.2,59.9,1.3,0.657,5.86,High
559,1,10,3,0.27,13,20.4,0.97,73,2,20.53,24.2,81.4,2.6,0.278,4.71,Medium
272,3,6,39,0.38,73,20.0,0.37,36,0,16.84,30.2,55.5,8.111,1.027,39.0,High
179,3,12,12,1.33,56,19.1,3.8,59,5,27.32,31.2,59.9,3.111,0.35,22.29,High
335,3,11,21,1.0,57,20.6,2.81,73,5,21.03,23.2,77.5,19.0,0.356,36.0,High
547,1,11,25,0.38,9,20.5,2.98,79,3,26.97,32.3,67.7,2.25,0.128,42.86,Medium
327,1,6,36,0.09,10,20.6,3.21,78,5,35.15,32.7,67.4,3.333,0.028,36.0,Medium
615,2,3,43,0.54,35,19.7,3.92,55,5,25.22,29.1,70.0,2.917,0.138,24.57,Medium
346,2,3,10,0.1,36,20.8,1.38,13,5,27.24,32.5,71.5,18.0,0.072,5.71,Medium
202,2,10,27,0.36,31,20.9,2.85,88,4,17.09,24.8,84.0,15.5,0.126,42.43,Medium
588,1,0,49,0.24,19,20.5,2.01,49,2,38.0,32.4,67.6,4.75,0.119,7.0,Medium
48,1,3,18,0.18,17,20.8,3.42,32,4,23.93,31.9,74.9,8.5,0.053,10.29,Low
644,1,10,23,0.02,15,20.4,2.37,95,5,35.59,34.6,55.2,3.0,0.008,36.14,Medium
399,1,0,44,0.02,7,20.9,0.65,26,5,39.79,31.1,55.2,3.5,0.031,6.29,Medium
254,1,1,9,0.1,9,20.8,2.6,69,4,28.49,25.4,78.9,4.5,0.038,2.57,Low
378,1,12,47,0.12,7,20.5,0.98,22,0,29.28,23.8,78.0,1.75,0.122,87.29,Medium
511,3,2,36,0.5,16,19.7,2.13,65,5,34.8,26.9,61.4,1.333,0.235,15.43,Medium
581,1,11,44,0.31,3,20.8,3.35,54,2,26.75,25.8,88.4,1.5,0.093,75.43,Medium
680,1,3,21,0.33,12,20.8,1.11,22,0,30.31,28.2,86.6,6.0,0.297,12.0,Low
504,2,12,27,0.31,32,19.8,0.65,27,3,28.58,24.4,84.6,2.909,0.477,50.14,Medium
183,3,10,21,1.64,64,19.1,0.68,70,2,28.87,34.5,80.2,3.556,2.412,33.0,High
474,1,4,34,0.02,3,20.6,1.17,25,4,27.26,34.7,77.9,1.0,0.017,24.29,Medium
657,3,3,2,1.19,17,19.2,0.42,40,4,32.88,29.8,88.2,1.0,2.833,1.14,High
377,2,9,35,0.34,10,20.8,3.82,28,1,25.48,33.9,79.6,5.0,0.089,50.0,Medium
260,1,3,50,0.34,4,20.7,2.71,77,4,24.55,28.9,56.3,2.0,0.125,28.57,Low
98,1,9,16,0.08,9,20.4,1.24,61,2,11.92,26.8,85.1,1.8,0.065,22.86,Medium
522,1,5,29,0.14,20,20.3,1.36,58,3,21.69,24.4,76.3,3.333,0.103,24.86,Medium
304,1,1,34,0.16,4,20.8,2.84,100,1,34.79,30.4,63.7,2.0,0.056,9.71,Low
200,2,9,31,0.25,11,20.8,3.76,71,0,11.38,30.8,58.8,5.5,0.066,44.29,Medium
659,1,12,22,0.18,4,20.7,3.01,18,3,25.15,24.8,60.7,2.0,0.06,40.86,Medium
540,1,9,10,0.04,12,20.6,2.81,30,0,33.11,29.7,63.6,4.0,0.014,14.29,Medium
485,2,1,50,0.1,22,19.9,2.5,13,2,28.95,23.8,73.0,2.2,0.04,14.29,Medium
673,3,1,24,2.08,10,18.8,2.69,35,0,23.07,25.3,66.1,0.476,0.773,6.86,High
573,1,7,36,0.15,3,20.4,1.47,88,0,27.76,33.5,81.1,0.6,0.102,41.14,Medium
449,2,6,4,0.85,17,19.8,2.83,40,5,31.74,32.1,64.5,1.545,0.3,4.0,Medium
510,2,4,41,0.67,10,19.5,3.59,18,4,37.68,31.2,60.1,0.714,0.187,29.29,Medium
602,2,7,12,0.39,7,19.6,1.45,19,0,26.9,33.3,66.0,0.538,0.269,13.71,Medium
192,1,3,35,0.31,8,20.7,0.58,94,4,14.97,24.2,82.9,4.0,0.534,20.0,Medium
436,2,11,50,0.69,9,20.4,2.9,91,3,22.6,24.9,84.4,1.8,0.238,85.71,Medium
291,2,9,1,0.55,15,19.5,0.39,69,5,28.83,28.6,79.7,1.071,1.41,1.43,High
172,1,11,46,0.18,10,20.6,3.52,22,0,21.26,34.6,87.0,3.333,0.051,78.86,Medium
68,2,10,35,0.49,11,20.7,2.46,87,2,7.85,23.4,62.6,5.5,0.199,55.0,Medium
122,2,12,42,0.25,29,19.9,1.74,48,2,23.58,25.4,67.7,2.9,0.144,78.0,Medium
157,2,7,28,0.22,36,20.2,3.08,73,0,26.35,25.1,70.6,5.143,0.071,32.0,Medium
475,1,5,26,0.31,19,20.4,0.39,23,1,27.04,31.6,81.8,3.8,0.795,22.29,Medium
412,2,7,7,0.96,6,19.6,0.82,35,4,34.24,33.0,73.4,0.462,1.171,8.0,Medium
335,2,1,20,0.86,4,19.8,2.82,48,3,24.56,33.5,61.2,0.364,0.305,5.71,Medium
113,3,6,50,0.63,75,19.0,2.52,22,5,11.28,25.9,76.9,3.947,0.25,50.0,High
584,2,3,27,0.67,40,20.0,2.19,43,3,28.12,22.4,63.8,4.444,0.306,15.43,Medium
534,3,3,25,1.27,72,20.1,3.71,80,4,20.03,32.1,63.1,9.0,0.342,14.29,High
273,1,3,45,0.31,5,20.7,0.92,20,2,35.68,29.5,61.3,2.5,0.337,25.71,Low
99,1,9,15,0.38,6,20.6,0.6,45,0,17.53,22.6,64.2,2.0,0.633,21.43,Medium
502,1,8,11,0.05,20,20.8,3.8,45,3,20.65,23.6,61.7,10.0,0.013,14.14,Medium
94,3,7,22,1.24,42,20.4,2.07,96,3,28.43,28.8,80.5,8.4,0.599,25.14,High
331,2,7,40,0.61,11,19.8,3.46,86,0,17.51,26.1,87.5,1.0,0.176,45.71,Medium
383,3,5,34,1.9,11,19.5,2.12,22,4,39.45,30.1,78.2,0.786,0.896,29.14,High
360,1,3,7,0.38,13,20.6,0.96,62,1,26.06,32.8,60.9,4.333,0.396,4.0,Low
464,1,9,20,0.04,8,20.6,2.85,87,3,29.77,24.8,87.0,2.667,0.014,28.57,Medium
644,2,9,4,0.9,4,20.1,1.88,60,4,23.24,34.7,60.8,0.5,0.479,5.71,Medium
545,1,12,44,0.09,5,20.8,1.2,99,1,43.23,23.5,62.8,2.5,0.075,81.71,Medium
521,2,8,22,0.73,7,19.8,2.79,44,4,26.48,22.5,84.7,0.636,0.262,28.29,Medium
655,1,4,24,0.39,9,20.7,3.69,76,2,32.48,28.5,67.0,4.5,0.106,17.14,Medium
601,2,1,10,0.25,24,20.6,3.6,71,2,36.2,35.0,62.6,8.0,0.069,2.86,Medium
148,1,4,5,0.04,10,20.8,3.51,86,5,30.83,31.6,66.3,5.0,0.011,3.57,Medium
223,3,1,46,1.28,39,19.8,1.27,33,5,14.49,24.4,83.4,3.545,1.008,13.14,High
304,1,3,47,0.31,9,20.3,3.16,81,2,22.95,26.1,58.3,1.5,0.098,26.86,Low
521,2,8,43,0.42,38,20.1,2.63,53,4,35.72,22.6,75.6,4.75,0.16,55.29,Medium
72,2,11,40,1.04,25,20.4,3.11,87,1,23.07,31.1,71.1,5.0,0.334,68.57,High
135,1,8,5,0.18,2,20.6,0.8,18,1,13.99,24.8,76.8,0.667,0.225,6.43,Medium
530,2,11,19,0.78,21,19.5,2.58,11,5,34.86,34.0,65.7,1.5,0.302,32.57,Medium
275,3,0,27,1.92,22,20.6,0.67,96,1,20.38,24.4,63.2,7.333,2.866,3.86,High
357,1,2,19,0.28,9,20.8,3.09,80,2,15.66,24.0,89.5,4.5,0.091,8.14,Low
47,2,4,29,0.87,31,20.4,3.93,62,2,10.01,31.1,87.8,6.2,0.221,20.71,Medium
466,3,0,40,1.27,18,20.6,2.03,83,2,22.27,23.3,72.3,6.0,0.626,5.71,High
367,1,10,9,0.21,7,20.5,0.58,48,2,30.14,34.9,79.0,1.75,0.362,14.14,Medium
112,1,3,21,0.4,3,20.7,0.95,59,2,22.67,30.0,61.3,1.5,0.421,12.0,Low
531,1,6,28,0.08,13,20.4,2.29,84,5,23.43,34.2,69.8,2.6,0.035,28.0,Medium
135,2,1,5,0.98,18,20.6,1.43,90,4,25.62,32.2,61.7,6.0,0.685,1.43,Medium
327,2,2,19,0.38,16,19.7,1.41,10,3,32.05,27.5,61.2,1.333,0.27,8.14,Low
569,2,3,16,0.65,31,20.8,1.24,42,1,43.19,28.1,58.6,15.5,0.524,9.14,Medium
78,2,12,24,1.09,12,20.2,1.57,46,1,12.19,25.7,80.5,1.714,0.694,44.57,Medium
500,1,5,2,0.36,18,20.8,3.96,83,2,31.93,24.1,81.6,9.0,0.091,1.71,Medium
663,1,7,41,0.38,11,20.5,1.49,11,1,37.1,29.4,83.2,2.75,0.255,46.86,Medium
138,3,7,26,0.66,14,20.3,3.25,52,0,22.64,25.4,59.4,2.333,0.203,29.71,Medium
388,1,8,33,0.25,14,20.7,2.21,68,1,33.45,34.1,89.5,7.0,0.113,42.43,Medium
484,1,9,35,0.19,2,20.8,3.51,88,4,34.92,25.4,55.6,1.0,0.054,50.0,Medium
483,2,1,17,0.33,37,19.8,3.82,89,3,41.2,33.8,57.8,3.364,0.086,4.86,Medium
498,1,6,31,0.04,18,20.6,0.37,55,3,34.11,27.6,66.4,6.0,0.108,31.0,Medium
138,1,10,19,0.28,13,20.7,2.67,43,4,14.36,33.5,78.9,6.5,0.105,29.86,Medium
485,2,5,2,0.53,40,20.6,1.15,45,2,26.17,31.9,55.6,13.333,0.461,1.71,Medium
391,1,2,46,0.28,20,20.4,1.53,43,1,27.09,32.3,70.2,4.0,0.183,19.71,Medium
496,1,0,9,0.14,17,20.6,0.94,52,0,24.18,34.7,78.9,5.667,0.149,1.29,Low
425,3,4,33,0.82,41,20.2,1.81,19,5,29.04,27.3,81.5,5.857,0.453,23.57,High
612,3,10,25,0.45,20,20.5,0.82,35,2,38.58,28.7,62.7,5.0,0.549,39.29,Medium
602,2,9,22,1.07,27,19.6,3.51,20,4,28.1,30.4,55.1,2.077,0.305,31.43,High
541,2,8,25,0.15,16,20.5,1.1,70,0,29.48,33.6,68.6,4.0,0.136,32.14,Medium
351,2,3,41,0.88,19,19.7,2.29,86,2,23.84,27.2,82.3,1.583,0.384,23.43,Medium
194,1,5,29,0.03,9,20.8,3.58,96,3,28.68,23.2,80.0,4.5,0.008,24.86,Medium
348,1,5,30,0.11,14,20.6,1.46,69,3,17.96,24.2,69.5,4.667,0.075,25.71,Medium
82,2,8,39,0.49,21,20.4,2.71,72,3,26.61,25.4,72.4,4.2,0.181,50.14,Medium
332,3,11,22,1.72,13,20.7,3.2,27,4,32.3,26.6,61.7,6.5,0.537,37.71,High
527,1,6,36,0.35,15,20.6,0.6,70,2,19.72,22.3,85.5,5.0,0.583,36.0,Medium
651,1,3,20,0.31,3,20.7,0.52,21,0,27.26,26.1,71.5,1.5,0.596,11.43,Medium
73,2,0,37,0.86,13,19.8,1.37,45,5,17.39,22.4,69.3,1.182,0.628,5.29,Medium
309,1,8,22,0.37,6,20.9,1.89,93,5,36.62,27.5,63.6,3.0,0.196,28.29,Medium
72,2,10,49,0.87,8,19.5,1.21,11,0,31.79,25.4,56.0,0.571,0.719,77.0,Medium
355,2,12,43,0.63,29,20.7,3.98,56,3,33.24,23.0,76.0,14.5,0.158,79.86,Medium
128,2,10,21,0.52,8,19.9,1.43,74,1,31.5,31.7,70.7,0.8,0.364,33.0,Medium
499,1,1,33,0.29,20,20.5,2.78,92,5,18.48,27.3,72.0,5.0,0.104,9.43,Medium
432,2,2,46,0.46,27,19.4,2.68,88,0,25.65,31.6,79.9,1.8,0.172,19.71,Medium
109,1,2,45,0.08,15,20.8,3.46,39,5,22.51,25.0,80.5,7.5,0.023,19.29,Low
363,1,7,44,0.11,13,20.3,3.54,40,4,18.81,29.0,61.1,2.167,0.031,50.29,Medium
584,1,0,20,0.34,10,20.6,3.04,72,2,33.84,27.9,63.5,3.333,0.112,2.86,Low
387,1,7,20,0.05,7,20.8,1.14,48,1,21.97,22.0,66.5,3.5,0.044,22.86,Medium
556,2,3,23,0.53,23,20.8,3.5,20,4,38.01,33.9,78.9,11.5,0.151,13.14,Medium
530,1,3,6,0.15,13,20.4,3.63,36,2,19.46,23.0,78.6,2.6,0.041,3.43,Low
468,2,8,6,0.48,14,20.4,2.11,54,1,36.32,34.4,87.7,2.8,0.227,7.71,Medium
656,1,9,40,0.39,7,20.9,2.35,17,4,38.66,28.8,79.7,3.5,0.166,57.14,Medium
424,1,12,34,0.22,5,20.7,1.45,24,3,20.87,28.0,81.5,2.5,0.152,63.14,Medium
625,1,11,49,0.33,14,20.4,0.77,15,5,34.41,22.7,61.9,2.8,0.429,84.0,Medium
661,3,2,20,1.64,40,20.7,3.43,30,0,36.31,31.0,85.7,20.0,0.478,8.57,High
641,2,1,12,0.2,9,19.8,1.79,18,4,26.66,26.1,71.5,0.818,0.112,3.43,Low
241,1,5,42,0.1,8,20.3,1.44,55,2,13.53,24.5,56.9,1.333,0.069,36.0,Medium
50,1,8,6,0.3,13,20.7,1.42,95,5,31.25,23.3,56.7,6.5,0.211,7.71,Medium
360,1,6,48,0.36,5,20.8,3.05,100,3,22.81,25.1,83.0,2.5,0.118,48.0,Medium
228,2,1,10,0.16,23,20.4,3.76,62,4,19.89,33.1,75.9,4.6,0.043,2.86,Medium
145,1,1,45,0.36,18,20.7,0.89,58,5,10.04,26.9,76.6,9.0,0.404,12.86,Medium
296,1,11,8,0.07,4,20.7,2.15,61,4,35.6,23.8,83.8,2.0,0.033,13.71,Medium
451,1,12,25,0.09,10,20.6,3.26,89,4,18.01,32.1,88.4,3.333,0.028,46.43,Medium
128,2,0,23,1.08,26,20.1,3.11,82,1,24.4,23.8,83.0,3.25,0.347,3.29,Medium
604,2,0,46,0.59,21,20.2,2.58,35,1,36.59,23.9,56.6,3.0,0.229,6.57,Medium
171,1,3,36,0.08,3,20.5,3.98,69,0,17.36,23.9,67.2,0.75,0.02,20.57,Low
63,2,2,41,0.13,15,19.8,1.85,76,3,14.49,22.2,68.3,1.364,0.07,17.57,Low
407,3,7,17,1.59,12,19.1,0.61,67,3,24.36,31.0,76.2,0.667,2.607,19.43,High
554,3,9,33,0.47,59,19.3,3.41,52,3,24.75,27.1,79.1,3.688,0.138,47.14,High
481,3,3,33,1.88,54,19.5,3.94,81,3,28.65,28.9,87.4,3.857,0.477,18.86,High
668,2,3,5,1.03,12,20.7,0.39,36,3,38.23,30.6,56.8,6.0,2.641,2.86,High
130,3,12,47,1.36,67,20.6,0.59,34,4,20.82,27.0,87.3,22.333,2.305,87.29,High
631,2,3,33,1.0,37,20.3,3.96,12,1,39.3,26.3,81.6,6.167,0.253,18.86,High
370,2,8,11,0.37,40,20.5,3.84,82,2,33.33,26.0,75.6,10.0,0.096,14.14,Medium
278,1,2,36,0.19,3,20.8,1.53,40,4,30.6,26.7,58.3,1.5,0.124,15.43,Low
266,1,11,26,0.21,18,20.7,1.83,73,0,24.9,32.5,64.0,9.0,0.115,44.57,Medium
379,1,10,10,0.27,7,20.6,0.91,85,1,31.37,26.8,78.2,2.333,0.297,15.71,Medium
589,3,12,49,1.09,75,19.7,1.88,24,4,25.76,24.8,63.6,6.25,0.58,91.0,High
345,2,6,32,0.39,39,19.7,3.9,62,5,37.4,28.4,55.6,3.25,0.1,32.0,Medium
327,2,9,31,1.08,24,20.7,2.83,52,1,18.99,23.0,67.5,12.0,0.382,44.29,High
377,2,2,33,0.39,8,20.5,1.38,99,4,26.4,28.4,73.8,2.0,0.283,14.14,Low
579,1,2,28,0.32,17,20.6,1.54,66,2,36.12,31.9,84.4,5.667,0.208,12.0,Low
314,2,5,21,0.74,32,20.2,1.88,19,2,35.13,32.1,70.3,4.571,0.394,18.0,Medium
48,3,0,37,0.5,34,20.4,0.62,36,2,8.66,31.6,83.6,6.8,0.806,5.29,Medium
375,2,10,41,0.9,17,19.9,2.75,29,1,27.96,34.0,60.1,1.7,0.327,64.43,Medium
211,2,6,36,0.83,9,20.6,3.53,16,4,21.74,30.2,81.8,3.0,0.235,36.0,Medium
74,1,12,14,0.35,16,20.7,1.69,35,2,28.35,29.2,57.5,8.0,0.207,26.0,Medium
579,1,11,32,0.14,20,20.4,1.75,23,2,41.61,26.2,64.5,4.0,0.08,54.86,Medium
669,3,7,18,0.9,36,19.4,2.88,61,5,23.88,31.1,72.4,2.4,0.312,20.57,High
346,2,1,7,0.53,13,20.6,1.65,86,5,38.21,24.0,73.6,4.333,0.321,2.0,Low
83,1,1,23,0.09,9,20.8,2.79,51,5,28.2,33.5,82.5,4.5,0.032,6.57,Low
504,1,5,36,0.09,13,20.5,2.67,27,0,28.6,33.9,68.5,3.25,0.034,30.86,Medium
313,1,6,1,0.33,4,20.7,3.61,67,4,33.77,29.9,84.1,2.0,0.091,1.0,Medium
623,3,9,33,1.52,45,19.2,3.24,18,3,25.25,28.3,68.0,2.647,0.469,47.14,High
658,2,5,14,0.65,19,20.2,2.68,96,0,35.45,27.6,64.6,2.714,0.243,12.0,Medium
624,2,7,29,0.61,27,19.9,2.98,65,2,43.15,26.9,66.2,2.7,0.205,33.14,Medium
309,2,11,14,0.79,10,19.9,1.82,91,2,26.61,24.9,81.8,1.0,0.434,24.0,Medium
617,1,2,47,0.2,9,20.5,0.72,10,4,42.97,25.5,76.4,2.25,0.278,20.14,Medium
255,1,7,30,0.26,16,20.6,1.15,25,0,35.17,30.6,58.8,5.333,0.226,34.29,Medium
334,2,4,16,0.61,15,19.9,1.65,94,0,31.01,32.6,78.1,1.5,0.37,11.43,Medium
552,1,4,7,0.13,14,20.6,3.54,38,2,35.01,25.5,88.8,4.667,0.037,5.0,Medium
423,2,9,43,0.49,39,19.4,3.17,50,1,25.38,25.1,60.1,2.6,0.155,61.43,Medium
636,2,5,32,0.79,29,19.5,3.21,86,2,33.94,32.8,67.7,2.071,0.246,27.43,Medium
583,2,4,41,0.88,23,20.1,1.41,91,0,26.3,32.1,69.4,2.875,0.624,29.29,Medium
516,1,6,38,0.27,17,20.7,3.28,66,5,42.4,31.3,63.9,8.5,0.082,38.0,Medium
291,3,1,36,1.58,73,20.7,1.68,54,5,14.28,26.2,66.9,36.5,0.94,10.29,High
452,1,7,2,0.15,2,20.7,0.45,34,4,19.17,32.7,58.5,1.0,0.333,2.29,Medium
147,1,0,25,0.22,7,20.9,1.46,68,4,10.48,32.3,64.4,3.5,0.151,3.57,Low
140,1,11,10,0.27,20,20.6,1.79,24,5,28.23,32.4,75.2,6.667,0.151,17.14,Medium
295,1,3,28,0.22,15,20.3,0.51,72,1,21.92,26.8,78.6,2.5,0.431,16.0,Medium
171,1,8,14,0.05,8,20.7,0.58,44,0,18.56,34.6,63.1,4.0,0.086,18.0,Medium
234,1,7,20,0.17,9,20.5,2.94,31,3,17.29,30.3,89.1,2.25,0.058,22.86,Medium
621,1,12,5,0.34,2,20.7,3.68,98,2,38.41,28.8,55.8,1.0,0.092,9.29,Medium
273,3,12,41,1.22,53,18.9,3.97,65,2,32.61,29.3,60.4,2.65,0.307,76.14,High
465,1,11,31,0.21,18,20.5,3.77,85,2,21.02,31.2,83.0,4.5,0.056,53.14,Medium
146,1,2,44,0.27,12,20.8,3.28,26,1,15.98,32.4,60.8,6.0,0.082,18.86,Low
124,3,9,32,1.76,49,19.4,3.11,92,4,29.33,29.4,89.2,3.267,0.566,45.71,High
366,2,4,41,0.49,24,19.8,3.72,90,2,20.3,26.9,68.0,2.182,0.132,29.29,Medium
152,2,12,50,0.19,28,20.8,0.99,98,4,26.51,30.7,81.8,14.0,0.192,92.86,Medium
58,2,2,4,0.72,32,20.7,2.97,36,4,9.86,32.7,77.5,16.0,0.242,1.71,Medium
565,1,1,35,0.07,4,20.5,2.23,45,3,36.22,34.2,64.1,1.0,0.031,10.0,Low
243,1,4,4,0.16,8,20.3,2.08,22,0,17.04,24.4,60.9,1.333,0.077,2.86,Medium
444,3,7,31,1.17,23,20.7,1.18,15,5,32.97,29.4,89.7,11.5,0.992,35.43,High
516,1,11,39,0.04,15,20.4,0.65,57,0,35.44,28.3,77.9,3.0,0.062,66.86,Medium
190,1,8,34,0.16,20,20.4,1.14,76,3,13.22,29.3,78.0,4.0,0.14,43.71,Medium
205,1,4,42,0.24,4,20.5,1.49,52,3,18.29,25.3,70.0,1.0,0.161,30.0,Medium
276,2,0,25,0.61,4,19.7,0.78,42,4,29.93,22.4,74.8,0.333,0.782,3.57,Medium
157,2,9,29,0.69,10,19.7,3.98,97,0,30.65,23.6,57.4,0.833,0.173,41.43,Medium
185,2,7,1,0.17,19,20.4,1.77,69,2,32.76,24.3,88.6,3.8,0.096,1.14,Medium
181,2,5,11,1.08,5,20.2,2.19,61,0,24.24,23.8,59.0,0.714,0.493,9.43,Medium
415,2,8,1,0.34,36,20.6,1.01,28,4,25.21,25.0,82.0,12.0,0.337,1.29,Medium
676,2,0,27,0.6,25,20.8,1.7,56,3,43.33,25.1,83.1,12.5,0.353,3.86,Medium
262,2,11,23,1.05,9,19.6,2.31,25,0,19.85,33.4,80.7,0.692,0.455,39.43,Medium
233,1,5,24,0.37,12,20.8,3.49,75,5,25.7,29.6,71.9,6.0,0.106,20.57,Medium
504,1,7,6,0.19,3,20.8,1.42,72,5,28.46,22.3,56.1,1.5,0.134,6.86,Medium
172,1,11,25,0.1,19,20.7,1.07,10,2,23.28,23.2,68.7,9.5,0.093,42.86,Medium
498,1,4,8,0.27,3,20.3,1.34,81,3,29.6,31.9,69.1,0.5,0.201,5.71,Medium
357,1,10,46,0.34,17,20.8,0.47,85,5,35.13,27.9,77.2,8.5,0.723,72.29,Medium
271,1,9,27,0.11,12,20.4,0.3,67,2,34.28,33.9,89.4,2.4,0.367,38.57,Medium
595,1,8,3,0.09,5,20.6,3.97,85,2,38.28,31.1,89.4,1.667,0.023,3.86,Medium
436,1,5,19,0.36,13,20.8,2.96,30,3,37.27,22.7,75.8,6.5,0.122,16.29,Medium
346,3,6,8,1.01,67,19.3,2.79,23,0,28.48,22.7,88.4,4.188,0.362,8.0,High
399,1,7,10,0.23,11,20.6,1.29,75,4,25.27,32.3,60.3,3.667,0.178,11.43,Medium
65,2,9,1,0.47,30,19.4,1.91,87,4,20.31,25.4,79.0,2.0,0.246,1.43,Medium
644,2,2,42,0.68,6,20.3,3.49,62,0,31.93,24.8,59.6,1.0,0.195,18.0,Medium
491,3,7,39,1.91,62,18.8,1.12,57,3,31.94,22.5,77.9,2.952,1.705,44.57,High
519,2,11,49,0.9,26,19.6,2.35,66,0,41.69,30.7,58.0,2.0,0.383,84.0,High
469,1,10,3,0.09,9,20.4,3.78,62,4,21.76,34.6,77.9,1.8,0.024,4.71,Medium
287,1,2,14,0.32,2,20.8,3.82,88,4,22.27,34.1,63.8,1.0,0.084,6.0,Low
426,2,4,46,0.24,25,20.1,3.56,39,5,24.9,33.9,69.0,3.125,0.067,32.86,Medium
370,2,9,20,0.15,28,20.7,1.28,21,1,32.42,28.6,63.5,14.0,0.117,28.57,Medium
583,3,8,22,0.51,11,19.1,1.64,46,4,26.46,28.2,88.1,0.611,0.311,28.29,Medium
358,3,8,1,2.05,56,19.3,0.41,51,1,38.79,34.7,69.4,3.5,5.0,1.29,High
610,3,6,36,0.62,39,20.2,3.82,77,5,21.91,34.5,74.1,5.571,0.162,36.0,Medium
212,1,1,31,0.17,15,20.9,3.82,14,0,19.12,30.1,80.1,7.5,0.045,8.86,Low
630,2,8,31,0.62,8,19.8,0.88,82,4,43.0,32.1,60.6,0.727,0.705,39.86,Medium
357,2,12,27,0.51,23,19.6,0.33,32,4,30.92,32.6,71.6,1.769,1.545,50.14,High
239,2,8,36,0.14,37,20.1,1.55,74,0,13.86,28.1,55.7,4.625,0.09,46.29,Medium
121,1,0,10,0.29,17,20.5,1.66,97,1,9.11,31.5,78.0,4.25,0.175,1.43,Low
318,1,4,34,0.35,10,20.5,0.79,73,4,15.59,23.8,85.3,2.5,0.443,24.29,Medium
517,1,11,2,0.11,7,20.8,1.15,22,2,32.63,24.2,78.8,3.5,0.096,3.43,Medium
447,1,8,50,0.09,20,20.9,2.18,53,2,36.5,31.6,87.6,10.0,0.041,64.29,Medium
545,1,3,45,0.03,4,20.8,1.54,81,1,19.88,27.2,79.8,2.0,0.019,25.71,Low
648,1,2,26,0.28,16,20.3,1.65,72,0,30.41,25.5,78.2,2.667,0.17,11.14,Low
149,2,7,39,0.7,6,19.6,2.38,71,5,18.13,23.7,76.6,0.462,0.294,44.57,Medium
602,2,5,9,0.1,21,20.3,3.45,40,1,31.85,31.2,88.9,3.5,0.029,7.71,Medium
528,2,8,11,0.49,24,20.6,0.59,85,0,34.36,26.5,88.8,8.0,0.831,14.14,Medium
256,3,10,29,1.14,68,19.2,3.48,20,2,34.1,29.8,89.1,4.0,0.328,45.57,High
357,3,4,36,1.38,40,20.1,0.96,69,1,18.05,29.6,60.5,5.0,1.438,25.71,High
628,3,12,31,1.13,31,20.5,1.25,67,1,38.7,31.9,77.6,7.75,0.904,57.57,High
235,2,3,41,0.73,28,19.9,0.71,53,2,23.76,30.1,71.2,2.8,1.028,23.43,Medium
455,2,4,15,0.7,18,19.8,2.28,76,5,32.1,30.4,84.2,1.636,0.307,10.71,Medium
59,2,2,19,0.86,40,19.8,2.53,70,4,22.51,33.2,88.6,3.636,0.34,8.14,Medium
469,2,7,15,0.83,12,19.6,1.27,71,3,27.46,23.7,85.8,0.923,0.654,17.14,Medium
197,3,3,27,0.78,17,20.6,2.81,86,1,28.15,22.7,81.6,5.667,0.278,15.43,Medium
191,2,1,46,0.17,35,20.8,1.51,24,3,18.23,24.4,61.4,17.5,0.113,13.14,Medium
625,3,0,1,0.7,52,19.9,3.94,91,0,36.27,28.8,59.4,5.2,0.178,0.14,High
319,1,4,11,0.31,12,20.7,2.83,30,4,33.03,29.0,63.5,6.0,0.11,7.86,Medium
532,2,12,6,0.55,14,20.5,2.02,55,1,23.35,33.2,55.7,3.5,0.272,11.14,Medium
281,1,0,3,0.39,3,20.6,3.42,35,1,13.94,29.9,55.6,1.0,0.114,0.43,Low
456,1,10,20,0.29,12,20.5,3.77,48,1,37.61,27.9,72.1,3.0,0.077,31.43,Medium
330,1,3,8,0.03,15,20.6,1.65,61,4,31.18,28.4,60.0,5.0,0.018,4.57,Low
314,3,3,40,0.33,50,20.5,3.04,35,2,23.46,34.4,78.9,12.5,0.109,22.86,High
644,3,12,45,1.12,41,20.4,3.36,54,1,27.44,28.7,74.5,8.2,0.333,83.57,High
140,3,3,2,1.52,16,18.9,1.15,71,1,31.06,25.6,63.7,0.8,1.322,1.14,High
357,1,2,10,0.16,16,20.4,1.19,47,3,28.61,34.1,55.8,3.2,0.134,4.29,Low
395,1,1,26,0.02,4,20.5,1.62,16,1,18.18,25.2,59.6,1.0,0.012,7.43,Low
587,3,0,38,1.91,48,20.7,1.76,44,5,24.32,35.0,56.8,24.0,1.085,5.43,High
112,1,9,11,0.32,3,20.9,3.15,57,2,14.38,33.1,59.6,1.5,0.102,15.71,Medium
117,2,3,47,0.43,20,20.8,3.9,54,0,26.43,26.5,81.0,10.0,0.11,26.86,Medium
671,2,7,8,1.1,29,20.0,1.15,52,5,31.37,28.5,81.5,3.222,0.957,9.14,High
567,2,2,18,0.53,8,20.4,3.53,62,1,23.06,22.2,82.4,1.6,0.15,7.71,Low
413,3,11,28,1.08,19,19.2,1.37,40,2,16.34,23.7,85.6,1.118,0.788,48.0,High
96,1,8,43,0.18,4,20.5,2.84,59,4,18.48,32.5,78.4,1.0,0.063,55.29,Medium
472,1,8,3,0.3,5,20.8,3.01,85,0,24.63,23.4,57.8,2.5,0.1,3.86,Medium
654,1,8,34,0.32,14,20.7,1.73,74,4,23.27,23.3,75.8,7.0,0.185,43.71,Medium
288,2,1,27,0.96,26,20.8,3.74,75,3,15.33,31.2,80.7,13.0,0.257,7.71,Medium
86,3,10,3,1.27,30,19.4,0.95,94,4,26.36,27.0,89.8,2.0,1.337,4.71,High
75,1,2,46,0.05,11,20.6,2.64,72,1,31.48,32.7,80.3,3.667,0.019,19.71,Low
509,1,6,19,0.02,19,20.4,3.14,12,3,35.81,28.7,80.5,3.8,0.006,19.0,Medium
658,1,8,49,0.11,11,20.7,1.06,86,4,24.93,30.2,74.9,5.5,0.104,63.0,Medium
512,3,4,25,1.23,63,19.5,0.55,71,2,27.89,29.3,88.0,4.5,2.236,17.86,High
614,1,7,7,0.25,13,20.8,1.07,20,3,29.78,26.0,70.1,6.5,0.234,8.0,Medium
350,1,12,6,0.37,2,20.7,0.8,74,0,19.78,33.9,78.0,1.0,0.462,11.14,Medium
581,3,5,28,1.73,12,20.1,0.67,52,1,31.97,25.1,71.4,1.5,2.582,24.0,High
547,2,7,7,0.6,13,19.4,0.68,85,1,26.47,32.9,58.8,0.867,0.882,8.0,Medium
308,2,2,24,0.41,6,20.2,3.05,47,2,37.62,26.2,78.0,0.857,0.134,10.29,Low
77,2,9,36,0.65,34,19.6,1.7,36,4,18.92,33.0,69.1,2.615,0.382,51.43,Medium
441,1,3,50,0.02,4,20.5,1.46,46,1,18.45,28.8,82.0,1.0,0.014,28.57,Low
669,1,3,2,0.23,15,20.5,1.3,72,5,33.23,34.7,64.7,3.75,0.177,1.14,Low
436,1,9,32,0.07,12,20.4,3.18,98,1,36.06,26.7,73.3,2.4,0.022,45.71,Medium
453,1,2,9,0.16,16,20.6,3.44,41,0,24.21,23.7,86.4,5.333,0.047,3.86,Low
144,1,1,43,0.37,7,20.8,2.18,57,4,15.9,29.3,56.5,3.5,0.17,12.29,Low
52,1,6,26,0.09,6,20.6,2.35,65,0,27.7,31.2,83.0,2.0,0.038,26.0,Medium
322,2,9,3,0.25,29,20.3,3.37,84,4,16.04,27.0,61.8,4.833,0.074,4.29,Medium
328,1,2,1,0.11,19,20.8,1.01,28,1,27.53,32.4,64.1,9.5,0.109,0.43,Medium
112,1,7,16,0.34,5,20.8,0.42,69,0,31.43,25.9,56.5,2.5,0.81,18.29,Medium
196,1,6,41,0.11,20,20.5,1.72,85,0,25.4,34.0,82.6,5.0,0.064,41.0,Medium
65,1,12,6,0.24,6,20.7,3.43,74,4,10.07,32.8,59.3,3.0,0.07,11.14,Medium
427,3,10,39,1.7,47,18.6,0.47,28,2,29.93,31.4,69.3,2.043,3.617,61.29,High
308,1,1,13,0.23,5,20.5,3.81,18,4,37.69,23.3,88.0,1.25,0.06,3.71,Low
390,3,11,46,1.5,49,19.2,0.44,39,1,36.72,26.1,59.1,2.882,3.409,78.86,High
409,1,9,48,0.13,18,20.6,1.09,45,0,27.1,32.5,86.6,6.0,0.119,68.57,Medium
62,1,4,23,0.19,17,20.7,3.23,59,2,25.9,26.1,59.4,8.5,0.059,16.43,Medium
505,2,0,15,1.07,37,20.1,2.54,37,3,32.56,25.5,76.6,4.625,0.421,2.14,High
275,1,1,46,0.08,14,20.9,0.56,39,3,19.81,31.7,90.0,7.0,0.143,13.14,Medium
434,1,2,28,0.03,17,20.9,1.77,67,2,32.35,25.0,57.3,8.5,0.017,12.0,Low
129,2,0,6,0.93,14,19.9,1.77,13,4,16.31,29.8,77.5,1.4,0.525,0.86,Medium
437,3,0,4,0.84,58,20.3,2.65,45,3,28.06,25.8,73.2,9.667,0.317,0.57,High
571,2,8,17,0.95,5,20.9,3.71,76,0,26.19,28.1,86.4,2.5,0.256,21.86,Medium
506,2,0,49,0.79,24,20.3,1.45,19,3,39.33,28.3,88.5,4.0,0.545,7.0,Medium
242,3,0,29,1.33,64,20.4,3.97,77,0,22.67,23.4,86.0,12.8,0.335,4.14,High
324,2,2,6,0.45,31,20.1,1.14,44,2,33.54,25.8,88.1,3.875,0.395,2.57,Medium
278,2,8,20,0.49,14,19.7,3.95,94,4,35.16,31.5,89.5,1.167,0.124,25.71,Medium
531,2,0,14,0.16,15,20.0,1.8,39,2,41.76,25.2,55.0,1.667,0.089,2.0,Low
396,1,6,46,0.05,16,20.4,2.4,24,5,26.85,30.0,77.7,3.2,0.021,46.0,Medium
350,2,11,10,0.31,39,20.6,3.43,44,4,37.05,28.4,80.3,13.0,0.09,17.14,Medium
425,3,10,16,1.12,21,19.1,0.59,89,1,25.94,33.3,78.1,1.167,1.898,25.14,High
287,1,3,8,0.15,19,20.7,2.07,71,4,23.51,27.1,87.8,9.5,0.072,4.57,Medium
274,3,7,39,0.34,34,20.6,1.67,26,0,16.12,33.5,59.3,11.333,0.204,44.57,Medium
309,1,6,14,0.13,12,20.5,0.32,85,4,16.16,31.0,70.7,3.0,0.406,14.0,Medium
276,2,3,17,0.67,29,20.0,3.07,94,1,15.28,28.2,84.4,3.222,0.218,9.71,Medium
194,1,2,39,0.39,2,20.3,0.6,93,0,15.02,26.3,76.7,0.333,0.65,16.71,Medium
153,2,11,4,0.58,39,19.8,1.23,20,2,30.13,27.5,69.5,3.545,0.472,6.86,Medium
678,2,1,9,0.25,16,20.2,1.42,21,1,36.29,22.0,78.5,2.286,0.176,2.57,Low
424,3,9,4,1.83,71,18.8,2.79,97,5,36.28,34.4,87.0,3.381,0.656,5.71,High
263,1,4,43,0.19,9,20.7,1.83,43,4,35.23,23.6,78.7,4.5,0.104,30.71,Medium
411,3,11,27,1.25,27,20.5,0.38,18,4,34.81,23.8,89.6,6.75,3.289,46.29,High
258,2,8,47,0.76,18,20.6,0.88,60,2,27.76,23.6,68.5,6.0,0.864,60.43,Medium
463,1,1,45,0.37,20,20.3,3.44,90,3,22.12,29.9,69.8,3.333,0.108,12.86,Medium
484,1,3,10,0.27,12,20.4,3.63,38,4,35.72,30.7,80.0,2.4,0.074,5.71,Low
192,3,10,26,1.35,51,20.4,0.91,68,0,16.57,24.3,86.1,10.2,1.484,40.86,High
230,1,9,27,0.11,15,20.8,3.0,42,2,29.99,25.9,73.2,7.5,0.037,38.57,Medium
485,2,1,5,0.84,5,19.9,2.15,49,1,18.71,24.9,69.9,0.5,0.391,1.43,Medium
127,3,5,45,1.45,59,20.1,0.92,54,4,10.51,30.8,82.4,7.375,1.576,38.57,High
533,2,9,4,0.87,28,20.8,2.03,31,2,19.7,29.5,79.1,14.0,0.429,5.71,Medium
159,1,11,26,0.13,19,20.8,0.95,60,5,17.75,22.3,60.1,9.5,0.137,44.57,Medium
367,1,9,38,0.37,20,20.4,3.37,82,3,26.1,28.1,63.0,4.0,0.11,54.29,Medium
540,3,5,49,1.6,44,20.1,0.57,54,0,23.01,29.3,77.5,5.5,2.807,42.0,High
530,2,6,30,0.51,33,20.7,0.69,11,1,42.32,31.2,69.9,16.5,0.739,30.0,Medium
204,1,8,19,0.15,9,20.3,3.81,30,1,24.13,24.7,82.9,1.5,0.039,24.43,Medium
189,2,2,41,1.05,14,20.6,0.45,42,5,16.08,29.3,72.9,4.667,2.333,17.57,Medium
523,2,8,34,1.13,22,20.2,0.85,35,0,36.27,24.2,70.4,3.143,1.329,43.71,High
42,2,0,5,0.59,8,20.1,2.95,88,3,10.36,33.0,74.3,1.0,0.2,0.71,Medium
541,2,6,49,0.87,26,19.9,2.83,36,5,34.52,27.1,57.3,2.6,0.307,49.0,Medium
59,1,5,6,0.11,6,20.4,3.55,14,4,20.38,23.5,65.6,1.2,0.031,5.14,Medium
252,2,0,14,0.14,37,19.7,2.91,63,0,18.08,34.9,59.7,3.083,0.048,2.0,Medium
234,2,10,10,0.7,31,20.6,0.82,91,2,31.22,24.6,71.0,10.333,0.854,15.71,Medium
613,1,9,8,0.32,14,20.8,2.04,63,5,41.49,27.2,59.3,7.0,0.157,11.43,Medium
352,1,3,1,0.16,15,20.5,2.45,42,2,37.43,25.6,63.8,3.75,0.065,0.57,Low
44,1,8,19,0.27,17,20.5,0.83,47,5,15.0,26.3,56.0,4.25,0.325,24.43,Medium
462,3,2,34,0.87,12,20.0,3.87,10,4,26.16,23.7,58.4,1.333,0.225,14.57,Medium
457,2,11,27,0.27,25,20.0,2.88,22,5,25.34,31.3,61.8,2.778,0.094,46.29,Medium
206,1,12,36,0.26,11,20.4,3.71,16,2,34.77,28.5,74.2,2.2,0.07,66.86,Medium
98,3,11,20,0.66,56,18.6,0.69,73,3,29.34,24.3,66.9,2.435,0.957,34.29,High
158,3,12,11,1.1,32,19.4,1.12,51,2,14.31,28.6,70.2,2.133,0.982,20.43,High
495,1,9,2,0.22,18,20.3,3.11,40,0,37.63,25.3,88.7,3.0,0.071,2.86,Medium
522,1,8,28,0.36,13,20.9,1.52,18,2,33.67,32.7,59.6,6.5,0.237,36.0,Medium
342,2,5,39,0.57,32,20.1,2.55,33,0,28.07,26.2,82.8,4.0,0.224,33.43,Medium
130,1,3,29,0.19,6,20.6,1.23,85,4,27.46,24.9,79.8,2.0,0.154,16.57,Low
146,1,6,1,0.23,3,20.8,0.7,80,4,32.88,34.7,84.7,1.5,0.329,1.0,Medium
396,2,2,12,0.49,4,20.8,1.02,24,1,30.18,24.6,79.8,2.0,0.48,5.14,Low
509,1,11,5,0.25,9,20.3,3.96,26,5,31.11,28.6,75.2,1.5,0.063,8.57,Medium
547,1,1,48,0.26,20,20.8,3.43,24,5,34.18,25.2,84.3,10.0,0.076,13.71,Medium
169,2,10,22,0.33,37,20.4,3.07,99,3,30.78,34.2,86.9,7.4,0.107,34.57,Medium
571,2,2,33,0.64,36,20.4,2.32,56,5,40.93,30.4,88.0,7.2,0.276,14.14,Medium
304,2,9,30,0.11,4,20.1,2.14,60,5,35.12,25.2,79.9,0.5,0.051,42.86,Medium
331,2,9,47,0.77,20,20.7,1.45,93,2,30.69,32.2,65.9,10.0,0.531,67.14,Medium
152,3,0,29,0.99,53,19.2,1.16,61,4,20.03,33.8,61.0,3.118,0.853,4.14,High
502,3,9,7,0.91,75,19.0,2.56,98,3,24.77,22.4,83.0,3.947,0.355,10.0,High
377,3,10,46,1.33,64,19.3,3.46,82,5,32.32,22.7,83.4,4.0,0.384,72.29,High
501,2,3,44,0.5,37,19.9,3.35,73,2,31.78,27.4,89.5,3.7,0.149,25.14,Medium
353,2,7,45,0.82,33,20.1,1.74,36,0,17.17,34.9,77.8,4.125,0.471,51.43,High
237,1,0,42,0.07,8,20.4,2.93,90,0,21.23,28.4,73.7,1.6,0.024,6.0,Low
369,1,3,13,0.14,3,20.7,1.13,62,4,38.12,29.6,66.9,1.5,0.124,7.43,Low
181,3,10,26,1.58,25,19.2,1.97,50,1,27.19,24.1,63.3,1.471,0.802,40.86,High
308,2,0,13,0.55,25,20.7,2.47,27,1,15.5,25.2,71.9,12.5,0.223,1.86,Medium
405,1,5,45,0.05,10,20.3,1.85,67,0,17.11,33.9,60.2,1.667,0.027,38.57,Medium
356,1,12,24,0.07,19,20.6,3.73,82,2,17.57,32.4,83.0,6.333,0.019,44.57,Medium
651,1,10,10,0.14,16,20.7,0.68,71,5,42.5,31.5,82.5,8.0,0.206,15.71,Medium
197,1,2,35,0.13,15,20.6,1.6,93,1,19.68,30.5,77.1,5.0,0.081,15.0,Low
44,3,5,24,0.68,52,19.5,2.15,51,2,30.37,29.5,56.8,3.714,0.316,20.57,High
538,2,9,44,1.14,40,20.5,0.53,49,1,29.29,25.0,59.8,10.0,2.151,62.86,High
460,1,8,12,0.27,6,20.9,1.87,98,5,26.55,32.7,69.0,3.0,0.144,15.43,Medium
616,1,10,12,0.02,5,20.6,2.54,29,0,29.49,29.3,68.1,1.667,0.008,18.86,Medium
482,2,7,2,0.71,17,19.8,2.56,18,2,19.39,30.8,61.0,1.545,0.277,2.29,Medium
508,1,7,11,0.28,9,20.7,2.65,24,3,34.28,24.4,57.6,4.5,0.106,12.57,Medium
114,2,2,37,0.34,34,19.5,0.94,58,5,29.25,29.9,58.9,2.429,0.362,15.86,Medium
467,1,0,36,0.12,16,20.8,1.47,26,1,28.34,28.6,77.8,8.0,0.082,5.14,Low
675,2,7,48,1.08,7,20.0,0.86,79,4,44.25,33.6,82.6,0.778,1.256,54.86,Medium
570,3,11,48,1.3,47,19.1,2.9,13,0,43.67,34.8,60.9,2.611,0.448,82.29,High
414,2,5,9,0.83,5,20.4,3.58,44,3,26.36,27.3,84.6,1.0,0.232,7.71,Medium
311,1,11,41,0.19,10,20.6,2.33,42,2,24.65,24.3,71.1,3.333,0.082,70.29,Medium
589,1,7,1,0.19,3,20.9,0.62,99,5,32.21,29.9,69.6,1.5,0.306,1.14,Medium
669,2,9,30,0.73,36,20.6,0.84,29,4,24.2,26.0,69.0,12.0,0.869,42.86,High
450,2,1,46,0.31,35,19.5,2.21,92,3,17.28,25.3,70.3,2.5,0.14,13.14,Medium
474,1,6,47,0.34,14,20.5,4.0,60,4,19.63,28.7,82.8,3.5,0.085,47.0,Medium
631,3,10,5,0.61,43,18.8,2.83,28,3,24.73,29.6,61.7,2.048,0.216,7.86,High
283,3,10,44,1.39,43,19.8,2.23,44,0,15.11,32.9,82.7,3.909,0.623,69.14,High
42,3,1,31,1.87,23,19.3,0.45,10,5,16.66,28.7,80.3,1.438,4.156,8.86,High
518,2,11,4,0.68,27,20.5,2.51,70,2,29.14,22.8,62.9,6.75,0.271,6.86,Medium
503,2,10,19,0.14,40,20.8,0.49,62,0,20.19,30.7,66.5,20.0,0.286,29.86,Medium
520,1,1,32,0.03,13,20.7,2.39,81,5,19.28,26.7,80.4,6.5,0.013,9.14,Low
207,2,10,15,0.81,34,19.9,2.61,100,5,11.46,30.0,56.1,3.4,0.31,23.57,High
657,2,10,30,0.34,31,19.9,3.51,96,5,30.44,30.5,85.1,3.1,0.097,47.14,Medium
502,2,4,49,0.9,20,20.4,0.91,31,2,34.88,24.0,78.2,4.0,0.989,35.0,Medium
328,1,4,8,0.32,13,20.4,3.62,54,5,36.79,24.7,65.2,2.6,0.088,5.71,Medium
232,1,12,40,0.23,16,20.5,0.73,39,3,21.29,32.3,82.9,4.0,0.315,74.29,Medium
425,2,0,34,0.42,6,20.6,2.23,50,2,35.72,28.5,58.1,2.0,0.188,4.86,Low
670,2,8,33,0.32,25,20.2,0.93,20,2,35.12,25.5,76.4,3.571,0.344,42.43,Medium
86,2,7,17,0.32,20,20.0,1.2,43,2,21.54,22.3,76.6,2.222,0.267,19.43,Medium
188,3,11,38,1.94,57,20.3,3.49,23,0,33.81,33.7,58.2,9.5,0.556,65.14,High
587,1,10,28,0.1,7,20.3,1.62,75,4,28.39,29.2,89.8,1.167,0.062,44.0,Medium
630,1,8,43,0.26,19,20.3,3.11,36,0,38.42,32.6,70.9,3.167,0.084,55.29,Medium
199,1,6,17,0.06,12,20.8,1.4,29,2,26.88,30.0,88.2,6.0,0.043,17.0,Medium
207,3,8,31,1.67,46,19.6,2.83,80,0,12.72,31.3,59.9,3.538,0.59,39.86,High
663,2,4,29,0.58,10,20.1,2.33,49,3,28.52,22.1,61.1,1.25,0.249,20.71,Medium
298,2,12,12,0.66,21,19.9,0.83,20,2,25.43,27.6,71.0,2.1,0.795,22.29,Medium
225,1,6,40,0.21,17,20.5,1.33,74,4,35.46,30.4,70.9,4.25,0.158,40.0,Medium
565,1,7,49,0.37,6,20.7,2.45,47,0,42.16,25.1,55.1,3.0,0.151,56.0,Medium
258,1,0,45,0.4,20,20.4,1.69,52,4,20.44,27.7,79.3,4.0,0.237,6.43,Medium
295,2,0,8,0.6,19,20.0,3.22,29,2,32.28,32.9,73.5,2.111,0.186,1.14,Medium
397,1,1,24,0.37,3,20.9,3.3,62,4,19.1,32.4,59.8,1.5,0.112,6.86,Low
68,2,5,40,0.5,12,20.5,1.96,42,4,13.27,22.4,66.1,3.0,0.255,34.29,Medium
346,1,0,14,0.3,17,20.3,1.83,66,5,30.26,24.3,86.0,2.833,0.164,2.0,Low
205,1,7,23,0.25,8,20.6,0.35,63,1,13.65,33.2,83.0,2.667,0.714,26.29,Medium
597,3,8,32,1.89,54,19.9,2.19,79,0,28.58,33.8,69.6,5.4,0.863,41.14,High
565,1,3,23,0.02,19,20.7,0.95,65,2,32.67,31.2,65.4,9.5,0.021,13.14,Medium
182,1,2,43,0.37,10,20.5,3.71,76,5,11.55,29.0,70.1,2.5,0.1,18.43,Low
660,2,4,12,1.14,32,20.7,1.51,78,4,42.68,33.6,89.8,16.0,0.755,8.57,High
85,1,10,15,0.19,7,20.4,0.89,96,1,28.93,32.6,73.9,1.4,0.213,23.57,Medium
57,1,6,25,0.35,17,20.6,0.8,76,3,18.05,34.7,59.4,5.667,0.437,25.0,Medium
594,2,12,22,0.13,19,19.6,2.17,33,3,29.94,23.9,71.2,1.462,0.06,40.86,Medium
534,1,3,18,0.22,9,20.5,2.64,66,0,23.72,34.4,55.3,2.25,0.083,10.29,Low
417,2,5,28,0.98,35,20.4,3.14,32,1,35.73,34.4,59.5,7.0,0.312,24.0,High
97,1,3,22,0.06,16,20.4,2.65,77,2,9.89,31.2,71.4,3.2,0.023,12.57,Low
169,1,5,29,0.29,6,20.5,1.55,12,2,11.23,31.2,82.6,1.5,0.187,24.86,Medium
460,2,11,45,1.13,6,19.8,0.68,97,1,38.92,34.8,82.9,0.545,1.662,77.14,Medium
528,3,8,5,1.87,68,19.0,1.75,56,4,26.05,27.5,82.5,3.579,1.069,6.43,High
391,1,0,20,0.18,9,20.4,2.93,45,4,33.68,30.7,86.4,1.8,0.061,2.86,Low
678,3,11,11,1.54,13,18.5,3.44,46,4,34.12,29.8,67.3,0.542,0.448,18.86,High
205,1,9,17,0.07,10,20.3,1.83,50,4,17.82,32.9,78.7,1.667,0.038,24.29,Medium
608,2,3,4,0.36,36,19.4,0.73,20,1,41.83,34.3,56.7,2.4,0.493,2.29,Medium
556,2,12,25,0.16,39,20.6,0.58,28,4,33.09,24.9,67.5,13.0,0.276,46.43,Medium
593,2,1,24,0.52,5,19.6,2.73,37,1,25.57,27.9,84.3,0.385,0.19,6.86,Low
542,1,12,30,0.25,16,20.7,2.45,19,2,29.91,34.0,67.8,8.0,0.102,55.71,Medium
342,1,7,22,0.36,12,20.8,1.19,82,2,23.38,30.0,68.0,6.0,0.303,25.14,Medium
436,1,11,41,0.38,11,20.8,2.37,20,3,37.91,23.5,73.0,5.5,0.16,70.29,Medium
679,1,2,45,0.33,3,20.9,3.61,50,1,31.78,31.6,78.2,1.5,0.091,19.29,Low
582,2,8,11,0.76,15,19.5,3.38,19,3,22.16,30.5,58.4,1.071,0.225,14.14,Medium
423,2,11,19,0.8,34,20.3,3.13,50,1,35.52,22.8,62.2,5.667,0.256,32.57,High
308,2,0,33,0.48,19,19.7,3.77,80,1,33.44,25.9,57.0,1.583,0.127,4.71,Medium
212,2,4,19,0.56,22,20.4,3.24,11,5,35.27,31.1,75.4,4.4,0.173,13.57,Medium
62,2,1,12,0.27,34,20.3,2.46,21,4,27.48,33.7,67.7,5.667,0.11,3.43,Medium
102,2,4,31,1.05,24,19.9,0.33,87,2,24.28,23.2,83.0,2.4,3.182,22.14,High
606,3,1,8,1.74,56,19.6,1.05,36,2,26.75,31.6,80.5,4.308,1.657,2.29,High
655,2,9,28,0.29,19,19.8,0.78,98,1,32.36,33.6,70.0,1.727,0.372,40.0,Medium
159,1,12,11,0.4,3,20.4,2.49,89,0,22.04,33.5,79.8,0.6,0.161,20.43,Medium
352,2,2,40,0.17,28,20.4,1.42,77,4,27.48,22.7,74.1,5.6,0.12,17.14,Medium
409,1,1,37,0.04,8,20.4,1.75,23,5,28.54,29.5,75.7,1.6,0.023,10.57,Low
615,2,11,14,1.01,29,20.1,3.97,22,3,31.72,34.5,63.2,3.625,0.254,24.0,High
110,3,1,1,0.51,74,20.3,2.07,93,1,10.96,31.0,86.6,12.333,0.246,0.29,High
76,1,0,8,0.39,10,20.9,1.27,40,5,26.22,24.7,60.6,5.0,0.307,1.14,Low
416,1,7,5,0.29,16,20.5,2.9,42,4,17.79,28.2,68.7,4.0,0.1,5.71,Medium
406,2,10,30,0.22,5,20.7,2.75,29,1,34.06,23.0,68.2,2.5,0.08,47.14,Medium
555,2,1,42,0.82,32,20.9,3.89,95,5,38.37,34.7,56.9,16.0,0.211,12.0,Medium
232,2,9,40,0.11,21,20.0,2.51,58,1,22.88,22.8,69.0,2.333,0.044,57.14,Medium
446,1,9,16,0.05,12,20.6,0.33,27,1,17.85,24.8,71.1,4.0,0.152,22.86,Medium
67,2,1,18,0.41,5,20.6,1.8,93,0,12.06,29.3,61.9,1.667,0.228,5.14,Low
587,2,4,19,0.78,19,20.1,2.52,99,4,35.63,31.0,74.3,2.375,0.31,13.57,Medium
45,3,7,12,1.55,57,19.8,1.55,28,4,20.13,33.1,66.4,5.182,1.0,13.71,High
320,1,1,14,0.39,11,20.6,0.91,89,0,32.76,33.6,88.4,3.667,0.429,4.0,Low
280,1,8,36,0.34,8,20.4,1.19,36,4,34.07,31.2,61.8,1.6,0.286,46.29,Medium
57,1,11,16,0.36,10,20.6,3.03,62,2,17.34,27.7,73.2,3.333,0.119,27.43,Medium
312,1,3,32,0.14,7,20.6,2.08,21,1,24.78,22.5,63.0,2.333,0.067,18.29,Low
78,1,5,33,0.11,4,20.5,0.96,48,0,26.58,28.7,58.9,1.0,0.115,28.29,Medium
155,2,11,14,0.22,23,20.0,0.41,99,3,22.81,33.6,57.5,2.556,0.537,24.0,High
243,3,1,6,0.9,53,20.1,1.3,76,4,12.61,24.2,81.2,6.625,0.692,1.71,High
399,3,2,48,1.96,39,19.6,0.63,60,4,34.05,34.6,68.3,3.0,3.111,20.57,High
313,3,3,19,1.83,55,20.1,3.22,96,2,37.63,30.2,66.0,6.875,0.568,10.86,High
69,1,0,6,0.2,6,20.9,3.88,21,4,11.03,34.4,77.5,3.0,0.052,0.86,Low
425,2,7,18,0.9,17,20.0,2.26,97,1,34.07,31.0,77.8,1.889,0.398,20.57,Medium
587,1,12,4,0.32,8,20.5,3.19,84,2,21.19,32.9,77.1,2.0,0.1,7.43,Medium
659,2,6,44,0.83,20,20.7,3.09,56,0,32.36,29.1,57.4,10.0,0.269,44.0,Medium
59,1,8,41,0.33,3,20.3,1.85,42,4,30.54,25.5,85.5,0.5,0.178,52.71,Medium
538,3,5,46,0.63,55,19.1,2.57,94,4,26.77,26.4,79.8,3.056,0.245,39.43,High
436,1,5,19,0.28,13,20.8,0.78,27,0,28.32,34.8,81.3,6.5,0.359,16.29,Medium
391,1,0,1,0.37,4,20.7,1.95,24,3,39.68,34.6,81.0,2.0,0.19,0.14,Low
317,1,9,43,0.27,15,20.7,2.34,46,5,19.55,31.8,75.5,7.5,0.115,61.43,Medium
206,1,11,33,0.03,4,20.6,2.02,87,3,27.55,31.3,79.0,1.333,0.015,56.57,Medium
145,1,11,40,0.3,9,20.3,1.3,46,5,32.47,30.5,70.7,1.5,0.231,68.57,Medium
619,1,4,6,0.36,9,20.5,1.6,99,2,36.77,24.3,79.7,2.25,0.225,4.29,Medium
193,2,8,13,0.85,29,20.4,2.42,91,1,30.26,28.3,78.6,5.8,0.351,16.71,Medium
608,1,3,4,0.38,17,20.4,0.61,27,3,36.49,33.5,68.2,3.4,0.623,2.29,Medium
570,2,11,47,0.81,37,20.6,1.33,18,4,43.28,33.2,88.6,12.333,0.609,80.57,High
42,2,9,8,0.37,9,20.9,4.0,24,3,16.68,23.6,65.5,4.5,0.092,11.43,Medium
556,1,12,37,0.35,17,20.4,3.01,68,2,38.32,32.4,61.0,3.4,0.116,68.71,Medium
568,3,10,49,1.17,47,19.8,3.4,53,5,37.52,24.4,72.4,4.273,0.344,77.0,High
547,2,0,31,0.28,10,19.6,3.08,81,4,27.85,33.5,77.1,0.769,0.091,4.43,Low
608,3,8,11,1.04,61,19.4,0.37,31,3,22.65,28.3,89.0,4.067,2.811,14.14,High
594,1,11,14,0.03,11,20.5,3.35,80,1,29.51,32.8,77.6,2.75,0.009,24.0,Medium
582,1,1,50,0.33,20,20.8,0.38,10,0,31.89,24.5,89.8,10.0,0.868,14.29,Medium
87,3,7,34,1.58,65,20.2,3.78,17,4,18.18,30.2,81.3,9.286,0.418,38.86,High
270,1,7,49,0.12,10,20.7,2.79,100,0,25.11,29.4,86.1,5.0,0.043,56.0,Medium
485,2,4,35,0.16,34,20.6,2.79,66,3,27.96,34.1,61.2,11.333,0.057,25.0,Medium
315,3,6,21,0.46,75,18.9,0.68,66,1,30.12,27.6,68.8,3.75,0.676,21.0,High
640,1,7,37,0.14,6,20.8,0.53,54,0,26.65,33.2,83.2,3.0,0.264,42.29,Medium
487,3,6,40,2.01,42,19.3,3.83,38,0,27.51,24.8,84.6,2.625,0.525,40.0,High
420,3,3,16,1.13,43,20.3,0.45,11,4,40.48,33.8,81.6,7.167,2.511,9.14,High
430,1,1,28,0.3,13,20.4,1.57,75,2,27.91,23.9,60.2,2.6,0.191,8.0,Low
611,1,12,41,0.34,8,20.5,3.72,83,4,40.44,34.8,57.2,2.0,0.091,76.14,Medium
457,2,3,13,0.26,26,20.4,0.89,27,3,23.61,27.6,62.6,5.2,0.292,7.43,Medium
572,1,2,15,0.05,9,20.8,2.95,73,5,34.21,24.3,66.8,4.5,0.017,6.43,Low
94,1,11,38,0.09,16,20.3,1.03,49,1,29.86,30.5,63.8,2.667,0.087,65.14,Medium
278,3,3,44,1.26,56,19.4,3.13,25,5,25.3,30.1,86.1,3.733,0.403,25.14,High
124,1,10,32,0.05,18,20.8,2.67,80,5,14.36,34.0,64.4,9.0,0.019,50.29,Medium
420,2,10,44,0.12,28,19.8,3.42,24,3,25.76,34.3,75.0,2.545,0.035,69.14,Medium
405,1,11,45,0.1,7,20.6,0.41,28,0,29.07,26.8,78.3,2.333,0.244,77.14,Medium
251,2,10,29,0.66,17,19.8,3.86,35,5,22.56,34.6,88.9,1.545,0.171,45.57,Medium
578,3,3,41,1.14,37,20.1,0.6,83,0,42.29,24.9,71.0,4.625,1.9,23.43,High
421,1,2,7,0.39,13,20.8,2.82,86,4,32.71,26.9,75.4,6.5,0.138,3.0,Low
70,1,0,26,0.26,3,20.5,1.99,65,3,20.33,33.4,80.8,0.75,0.131,3.71,Low
344,2,7,6,0.69,26,20.5,0.63,48,4,20.52,29.5,73.6,6.5,1.095,6.86,Medium
40,1,5,12,0.14,20,20.8,1.2,49,1,10.66,33.1,68.3,10.0,0.117,10.29,Medium
492,1,9,44,0.24,2,20.4,2.38,63,1,26.38,29.8,64.0,0.4,0.101,62.86,Medium
368,2,4,27,0.59,36,20.1,0.42,56,3,19.96,32.1,77.9,4.5,1.405,19.29,High
193,2,1,2,0.5,28,19.7,3.05,94,1,33.39,31.6,88.1,2.333,0.164,0.57,Medium
211,1,6,43,0.29,11,20.9,1.97,69,1,15.36,31.4,83.9,5.5,0.147,43.0,Medium
617,1,1,28,0.25,11,20.6,1.89,95,3,24.4,22.1,58.4,3.667,0.132,8.0,Low
63,2,3,48,0.91,40,20.3,1.03,29,3,18.31,26.0,87.3,6.667,0.883,27.43,High
520,2,9,24,0.93,5,20.3,2.13,90,2,38.08,23.2,89.7,0.833,0.437,34.29,Medium
464,1,12,46,0.12,17,20.8,2.95,94,5,20.18,26.8,88.2,8.5,0.041,85.43,Medium
468,1,9,20,0.22,19,20.8,3.05,42,3,40.94,32.3,79.1,9.5,0.072,28.57,Medium
373,1,9,2,0.23,16,20.6,3.61,94,2,39.02,27.1,67.1,5.333,0.064,2.86,Medium
500,1,9,34,0.11,3,20.7,1.79,79,4,24.39,25.1,70.6,1.5,0.061,48.57,Medium
366,2,8,3,0.64,40,20.4,3.37,60,1,20.9,31.7,57.0,8.0,0.19,3.86,Medium
439,1,12,39,0.1,10,20.6,2.5,91,1,35.56,25.4,62.8,3.333,0.04,72.43,Medium
221,3,2,7,0.41,15,19.0,3.51,97,2,23.63,27.1,83.8,0.789,0.117,3.0,Low
469,2,6,28,0.37,21,20.1,3.02,10,2,29.17,29.6,57.1,2.625,0.123,28.0,Medium
636,1,11,6,0.39,9,20.7,3.32,64,0,30.01,24.4,59.1,4.5,0.117,10.29,Medium
454,2,5,36,0.69,6,19.5,3.37,62,5,19.03,28.5,87.4,0.429,0.205,30.86,Medium
165,1,9,15,0.29,14,20.3,3.32,37,1,20.11,26.8,84.6,2.333,0.087,21.43,Medium
567,1,11,1,0.32,2,20.4,3.54,13,1,31.74,29.6,82.5,0.4,0.09,1.71,Medium
71,1,4,23,0.03,4,20.7,2.55,69,0,16.77,34.5,58.2,2.0,0.012,16.43,Medium
632,1,6,41,0.27,20,20.4,3.74,57,0,35.61,33.4,66.8,4.0,0.072,41.0,Medium
461,2,1,33,0.77,13,20.3,1.05,65,5,30.4,28.4,71.9,2.167,0.733,9.43,Medium
206,2,8,46,0.54,13,20.8,1.11,56,0,13.58,28.4,86.9,6.5,0.486,59.14,Medium
183,1,3,18,0.38,10,20.3,0.49,83,2,24.08,24.1,59.7,1.667,0.776,10.29,Medium
258,2,10,5,0.85,20,20.2,1.74,70,3,21.7,26.7,74.4,2.857,0.489,7.86,Medium
148,1,2,27,0.16,13,20.9,1.89,26,5,11.13,22.4,63.0,6.5,0.085,11.57,Low
542,2,2,8,0.19,11,20.4,0.79,25,4,21.07,27.6,84.1,2.2,0.241,3.43,Low
275,3,9,39,1.64,73,19.8,3.69,38,1,26.88,22.8,66.4,6.636,0.444,55.71,High
100,1,2,15,0.27,18,20.7,3.99,24,2,18.83,32.6,66.9,9.0,0.068,6.43,Medium
147,3,9,46,0.39,46,19.3,1.57,59,5,30.32,23.4,81.7,2.875,0.248,65.71,High
131,1,12,4,0.31,19,20.8,1.24,37,3,28.14,22.1,59.3,9.5,0.25,7.43,Medium
456,3,8,45,1.75,40,19.1,2.39,19,5,23.56,29.9,86.7,2.222,0.732,57.86,High
309,1,5,2,0.33,18,20.3,3.36,61,0,31.49,29.7,83.4,3.0,0.098,1.71,Medium
507,1,6,28,0.33,20,20.7,2.1,86,4,31.79,24.9,76.6,10.0,0.157,28.0,Medium
185,2,4,6,0.48,32,20.8,0.96,49,1,17.59,30.6,78.0,16.0,0.5,4.29,Medium
235,2,10,35,0.73,26,19.7,0.65,46,3,13.93,27.3,68.7,2.167,1.123,55.0,High
332,2,8,41,1.03,24,20.3,0.35,61,0,31.39,28.1,65.3,4.0,2.943,52.71,High
436,1,12,29,0.29,14,20.6,3.14,59,0,20.19,23.6,68.7,4.667,0.092,53.86,Medium
355,2,2,18,0.53,6,19.6,1.67,61,4,33.74,29.7,77.1,0.462,0.317,7.71,Low
201,3,11,32,1.98,26,19.0,2.95,97,2,19.76,22.6,57.2,1.368,0.671,54.86,High
191,1,4,12,0.02,18,20.5,3.4,35,2,20.14,24.0,84.0,4.5,0.006,8.57,Medium
674,1,6,5,0.31,2,20.7,3.66,67,1,24.21,23.4,88.5,1.0,0.085,5.0,Medium
273,1,12,6,0.02,9,20.5,0.85,34,5,34.87,23.5,64.5,2.25,0.024,11.14,Medium
193,1,11,46,0.24,10,20.8,1.14,25,0,32.94,29.9,85.9,5.0,0.211,78.86,Medium
151,2,4,45,1.07,35,20.2,1.28,92,0,31.46,25.7,56.1,5.0,0.836,32.14,High
241,2,10,30,0.15,13,19.5,0.72,71,4,33.0,31.9,60.3,0.929,0.208,47.14,Medium
583,1,1,14,0.21,18,20.4,0.36,72,4,42.2,34.2,85.3,3.6,0.583,4.0,Medium
83,3,9,25,1.23,65,20.4,2.81,29,2,31.92,24.1,69.3,13.0,0.438,35.71,High
410,2,7,19,0.65,38,19.6,3.07,54,1,23.46,27.4,81.9,2.923,0.212,21.71,Medium
545,3,2,21,0.89,18,20.6,3.89,49,2,27.35,31.7,59.5,6.0,0.229,9.0,Medium
610,2,8,2,0.68,37,19.7,3.86,52,0,30.02,34.8,63.8,3.083,0.176,2.57,Medium
202,1,4,29,0.22,19,20.6,2.13,60,3,28.06,27.7,87.0,6.333,0.103,20.71,Medium
368,2,8,29,0.32,17,20.5,1.74,20,5,26.54,30.6,56.9,4.25,0.184,37.29,Medium
408,2,1,24,0.6,22,20.5,3.78,100,1,31.92,27.1,58.3,5.5,0.159,6.86,Medium
303,2,4,15,0.39,22,19.9,2.49,10,5,22.88,32.6,55.5,2.2,0.157,10.71,Medium
651,1,4,23,0.24,17,20.4,0.75,100,3,27.4,26.1,87.6,3.4,0.32,16.43,Medium
411,1,3,18,0.02,2,20.8,3.06,84,3,31.04,24.1,70.1,1.0,0.007,10.29,Low
349,1,4,39,0.33,15,20.7,3.01,86,3,31.55,26.7,79.9,7.5,0.11,27.86,Medium
576,2,7,33,0.24,27,20.3,0.87,61,0,39.82,34.3,89.9,4.5,0.276,37.71,Medium
661,1,7,28,0.03,8,20.4,0.89,38,4,36.53,23.7,86.6,1.6,0.034,32.0,Medium
230,1,9,21,0.19,5,20.9,3.01,43,4,12.08,22.5,85.8,2.5,0.063,30.0,Medium
577,1,6,36,0.01,2,20.4,1.72,69,2,32.34,28.0,80.3,0.4,0.006,36.0,Medium
401,1,0,44,0.22,6,20.4,3.88,67,3,36.54,34.5,59.9,1.2,0.057,6.29,Low
591,1,9,14,0.32,16,20.4,1.27,74,3,32.31,33.2,73.8,3.2,0.252,20.0,Medium
260,2,3,1,0.55,14,20.4,0.44,48,5,36.46,32.1,77.5,2.8,1.25,0.57,High
451,1,6,3,0.11,10,20.4,1.56,44,4,21.64,26.6,63.1,2.0,0.071,3.0,Medium
323,2,8,6,0.47,13,20.9,0.97,24,4,33.24,30.6,89.4,6.5,0.485,7.71,Medium
69,3,11,16,0.85,38,20.3,1.23,69,4,24.71,30.9,71.6,6.333,0.691,27.43,High
581,1,11,27,0.23,13,20.6,1.25,53,4,44.16,26.5,67.7,4.333,0.184,46.29,Medium
115,2,7,37,0.82,25,20.3,0.96,35,0,13.52,24.7,84.9,4.167,0.854,42.29,Medium
449,2,8,32,0.55,17,20.7,1.44,70,3,36.14,26.8,62.3,8.5,0.382,41.14,Medium
537,1,9,5,0.38,19,20.8,0.96,84,2,32.75,24.9,83.5,9.5,0.396,7.14,Medium
543,3,3,13,0.51,13,18.6,0.58,87,4,39.96,22.2,83.4,0.565,0.879,7.43,Medium
269,2,5,20,1.12,35,20.3,3.11,77,0,17.5,26.0,61.4,5.833,0.36,17.14,High
307,3,9,1,1.74,59,20.3,3.66,21,0,23.13,33.2,73.4,9.833,0.475,1.43,High
296,3,11,39,1.33,21,19.3,3.65,12,2,29.21,32.9,89.3,1.313,0.364,66.86,High
269,2,0,25,0.51,15,20.9,2.46,68,4,28.72,34.2,68.3,7.5,0.207,3.57,Low
443,1,12,12,0.03,18,20.8,2.4,34,3,33.27,24.4,65.7,9.0,0.013,22.29,Medium
489,3,4,24,0.95,66,19.9,0.88,89,3,33.72,23.3,84.5,6.6,1.08,17.14,High
540,2,1,8,0.59,35,19.7,3.29,97,2,39.5,26.0,76.7,2.917,0.179,2.29,Medium
463,1,9,28,0.26,19,20.6,0.53,75,2,30.44,27.3,74.3,6.333,0.491,40.0,Medium
576,1,9,31,0.33,20,20.5,1.09,35,2,31.89,28.5,89.5,5.0,0.303,44.29,Medium
239,3,6,18,1.01,73,20.0,3.57,44,3,15.58,22.7,68.4,8.111,0.283,18.0,High
399,2,12,17,0.37,20,20.9,3.05,52,4,25.22,27.8,80.9,10.0,0.121,31.57,Medium
397,1,10,48,0.26,6,20.5,3.17,40,2,36.65,33.1,86.7,1.5,0.082,75.43,Medium
287,1,2,39,0.21,14,20.5,1.14,92,0,33.14,29.3,64.6,3.5,0.184,16.71,Low
678,1,0,16,0.39,18,20.3,1.15,66,2,23.73,25.6,85.3,3.0,0.339,2.29,Medium
261,1,8,24,0.17,14,20.5,3.04,61,4,15.43,24.5,80.3,3.5,0.056,30.86,Medium
83,2,4,50,1.02,9,19.9,2.97,13,3,31.3,24.9,62.3,0.9,0.343,35.71,Medium
435,1,12,46,0.07,13,20.6,3.52,42,0,34.59,26.1,56.6,4.333,0.02,85.43,Medium
502,2,6,14,0.38,29,20.7,3.06,35,2,34.1,34.0,71.4,14.5,0.124,14.0,Medium
293,1,2,32,0.07,3,20.7,3.1,35,4,21.38,30.1,64.3,1.5,0.023,13.71,Low
330,3,1,4,1.75,24,20.1,2.51,21,0,15.33,24.3,72.1,3.0,0.697,1.14,High
157,1,8,17,0.09,9,20.8,0.38,85,3,14.78,28.2,77.2,4.5,0.237,21.86,Medium
129,1,3,21,0.24,12,20.3,3.29,67,5,20.58,26.8,79.7,2.0,0.073,12.0,Low
392,2,12,42,0.86,37,20.1,1.9,97,1,27.02,27.3,61.5,4.625,0.453,78.0,High
521,1,1,41,0.08,14,20.9,3.49,99,4,22.86,30.8,59.2,7.0,0.023,11.71,Low
623,1,3,32,0.13,5,20.7,3.87,69,2,34.08,26.7,77.6,2.5,0.034,18.29,Low
294,2,8,29,0.61,8,20.5,2.62,11,2,36.85,33.9,72.7,2.0,0.233,37.29,Medium
454,3,5,8,1.25,48,19.5,3.0,13,3,40.52,25.5,72.4,3.429,0.417,6.86,High
564,3,12,1,1.08,52,20.0,2.85,39,2,31.2,28.7,81.9,5.778,0.379,1.86,High
47,3,4,40,0.51,67,19.8,3.33,26,3,7.41,24.4,57.0,6.091,0.153,28.57,High
290,2,12,25,0.65,36,20.6,3.81,42,1,25.07,31.6,57.9,12.0,0.171,46.43,High
313,3,8,36,0.34,33,20.7,0.42,94,4,27.93,33.7,89.9,16.5,0.81,46.29,High
420,1,11,22,0.15,8,20.8,2.7,29,3,19.48,30.1,82.3,4.0,0.056,37.71,Medium
173,2,9,43,0.96,14,20.8,1.63,89,3,33.35,27.0,62.7,7.0,0.589,61.43,Medium
449,1,0,16,0.12,3,20.8,2.83,13,3,36.5,29.8,75.8,1.5,0.042,2.29,Low
253,3,0,8,1.96,10,18.6,0.77,28,5,25.73,29.9,62.5,0.435,2.545,1.14,High
120,2,8,9,0.64,7,19.9,3.54,99,0,18.23,31.9,79.3,0.7,0.181,11.57,Medium
73,2,0,23,0.48,35,20.3,3.57,48,4,29.79,25.7,70.7,5.833,0.134,3.29,Medium
640,3,11,10,1.79,57,20.5,2.28,44,5,27.68,26.3,78.8,14.25,0.785,17.14,High
537,1,10,13,0.15,5,20.6,0.98,75,1,22.58,27.7,64.6,1.667,0.153,20.43,Medium
411,1,7,44,0.36,20,20.3,0.5,63,4,18.18,32.2,78.1,3.333,0.72,50.29,Medium
565,1,6,47,0.16,12,20.3,2.92,89,2,32.17,33.0,64.2,2.0,0.055,47.0,Medium
341,2,4,38,0.24,20,19.8,2.93,24,5,26.78,33.0,80.8,1.818,0.082,27.14,Medium
82,1,5,2,0.24,8,20.5,1.53,66,3,26.86,29.7,67.6,2.0,0.157,1.71,Medium
563,1,0,33,0.18,16,20.7,3.75,27,5,27.99,24.0,70.4,8.0,0.048,4.71,Low
318,1,2,24,0.34,20,20.8,1.22,46,5,24.69,23.5,62.6,10.0,0.279,10.29,Medium
650,2,0,2,0.73,22,20.2,1.45,73,0,43.67,31.2,85.6,3.143,0.503,0.29,Medium
466,2,4,47,0.93,35,19.6,1.52,23,3,31.18,27.5,61.9,2.692,0.612,33.57,High
640,1,0,11,0.16,5,20.8,3.67,67,3,40.99,27.8,76.8,2.5,0.044,1.57,Low
196,2,10,31,0.49,11,20.4,1.05,60,2,17.69,24.6,57.2,2.2,0.467,48.71,Medium
145,2,10,4,0.93,26,19.9,3.86,17,2,22.96,25.7,67.8,2.6,0.241,6.29,Medium
412,3,12,12,0.67,71,20.1,3.48,25,3,32.23,34.9,88.5,8.875,0.193,22.29,High
464,1,0,36,0.24,2,20.6,3.11,88,2,36.88,31.9,65.6,0.667,0.077,5.14,Low
92,1,1,31,0.31,4,20.7,2.44,21,2,21.72,33.8,78.8,2.0,0.127,8.86,Low
637,1,6,36,0.35,15,20.3,2.43,59,0,45.1,32.1,76.6,2.5,0.144,36.0,Medium
570,3,8,23,1.72,35,19.9,0.64,92,5,29.1,22.3,58.1,3.5,2.688,29.57,High
418,3,2,3,1.53,40,20.1,3.78,30,3,33.45,25.7,56.2,5.0,0.405,1.29,High
483,1,9,3,0.26,18,20.4,2.72,33,0,31.12,30.7,86.1,3.6,0.096,4.29,Medium
104,2,9,14,0.89,30,20.6,1.9,77,2,21.07,25.7,87.9,10.0,0.468,20.0,High
294,2,4,9,0.41,29,20.1,2.08,11,4,15.57,25.0,72.9,3.625,0.197,6.43,Medium
192,2,6,20,0.82,14,20.5,2.52,45,0,15.46,25.3,77.7,3.5,0.325,20.0,Medium
484,1,7,39,0.18,11,20.5,2.4,93,2,31.29,28.7,78.9,2.75,0.075,44.57,Medium
358,1,7,43,0.09,20,20.7,1.54,21,2,34.52,34.1,64.0,10.0,0.058,49.14,Medium
134,3,5,28,1.99,58,20.3,2.46,61,2,16.05,30.5,61.9,9.667,0.809,24.0,High
51,3,9,25,1.23,25,20.0,2.29,44,4,31.18,27.1,69.6,2.778,0.537,35.71,High
182,2,12,10,0.24,28,20.2,0.81,41,5,31.69,32.0,77.1,4.0,0.296,18.57,Medium
93,1,3,15,0.27,4,20.4,1.83,72,5,31.87,29.3,64.4,0.8,0.148,8.57,Low
348,2,8,21,0.44,28,20.4,3.68,73,4,33.59,25.2,87.5,5.6,0.12,27.0,Medium
373,2,7,43,0.97,33,20.2,2.38,61,5,38.87,32.7,87.1,4.714,0.408,49.14,High
42,1,5,22,0.26,10,20.7,3.78,18,5,25.02,23.7,68.8,5.0,0.069,18.86,Medium
310,1,6,15,0.18,8,20.8,3.26,31,3,19.88,22.5,69.4,4.0,0.055,15.0,Medium
221,1,4,10,0.05,13,20.4,1.22,21,5,22.47,28.6,70.5,2.6,0.041,7.14,Medium
124,2,1,37,0.53,10,19.8,1.47,77,2,28.41,30.7,78.0,0.909,0.361,10.57,Low
600,1,8,6,0.29,18,20.8,2.06,90,2,40.99,34.9,86.9,9.0,0.141,7.71,Medium
473,1,3,12,0.06,8,20.6,0.31,72,5,36.53,29.7,80.1,2.667,0.194,6.86,Medium
81,3,11,33,0.57,20,19.7,1.59,88,0,8.94,31.6,72.2,1.667,0.358,56.57,Medium
342,2,12,27,0.12,15,19.9,2.6,56,4,17.73,29.8,66.7,1.5,0.046,50.14,Medium
137,3,12,19,0.86,10,19.9,2.07,37,2,14.07,33.7,72.6,1.0,0.415,35.29,Medium
415,1,0,28,0.06,14,20.6,1.99,19,0,37.72,29.7,60.4,4.667,0.03,4.0,Low
387,3,3,30,0.38,41,18.7,0.77,24,2,35.7,35.0,63.4,1.864,0.494,17.14,Medium
328,1,1,12,0.1,14,20.4,1.83,62,3,15.24,27.3,68.9,2.8,0.055,3.43,Low
404,1,0,27,0.19,6,20.8,2.8,28,2,19.69,27.9,66.6,3.0,0.068,3.86,Low
454,2,7,48,1.03,26,20.8,3.43,17,1,17.54,27.9,66.0,13.0,0.3,54.86,High
487,2,0,28,1.12,9,20.4,0.64,84,0,36.72,26.1,88.5,1.8,1.75,4.0,Medium
432,2,11,39,0.7,18,20.5,3.7,35,1,35.9,34.6,67.8,4.5,0.189,66.86,Medium
57,2,5,18,1.01,30,19.9,3.33,77,2,30.66,31.5,79.5,3.0,0.303,15.43,High
492,2,3,10,0.52,20,20.0,2.25,23,5,24.81,28.9,56.1,2.222,0.231,5.71,Medium
382,2,10,22,1.0,8,19.9,1.43,24,4,22.86,22.3,80.2,0.8,0.699,34.57,Medium
556,1,5,7,0.29,9,20.9,1.05,16,4,38.49,24.9,65.0,4.5,0.276,6.0,Medium
283,1,7,46,0.01,19,20.8,0.74,57,5,33.97,25.9,71.3,9.5,0.014,52.57,Medium
309,1,7,3,0.39,10,20.6,0.71,91,5,13.98,23.9,82.5,3.333,0.549,3.43,Medium
228,1,11,40,0.09,20,20.7,0.64,31,4,17.08,33.7,84.2,10.0,0.141,68.57,Medium
592,1,8,7,0.05,9,20.9,3.16,68,3,29.31,29.9,68.1,4.5,0.016,9.0,Medium
284,1,11,5,0.04,14,20.7,2.33,17,5,32.91,26.5,67.7,7.0,0.017,8.57,Medium
293,2,1,32,0.13,20,20.5,0.46,85,1,28.77,34.9,68.2,5.0,0.283,9.14,Medium
398,2,12,41,0.31,27,20.1,2.76,47,2,23.97,32.8,89.3,3.375,0.112,76.14,Medium
431,3,0,37,1.47,64,18.8,3.78,43,3,29.69,24.3,55.4,3.048,0.389,5.29,High
226,2,9,43,0.76,28,20.6,3.33,30,3,34.03,22.3,59.5,9.333,0.228,61.43,Medium
106,1,6,33,0.32,15,20.8,2.47,12,5,29.92,23.5,89.6,7.5,0.13,33.0,Medium
109,2,9,1,1.14,35,20.4,2.77,81,0,29.66,30.5,56.7,7.0,0.412,1.43,High
580,1,12,43,0.2,3,20.4,2.78,95,5,32.28,28.8,71.3,0.6,0.072,79.86,Medium
515,1,6,33,0.31,14,20.5,0.4,26,0,34.41,23.4,66.8,3.5,0.775,33.0,Medium
542,1,10,21,0.4,7,20.4,1.61,86,2,36.01,27.1,82.9,1.4,0.248,33.0,Medium
163,3,5,26,1.73,32,19.3,0.48,40,5,25.98,32.8,87.7,2.0,3.604,22.29,High
405,1,7,48,0.22,19,20.4,0.72,44,5,20.66,28.8,77.4,3.8,0.306,54.86,Medium
548,1,7,19,0.37,12,20.7,1.44,73,3,43.34,29.9,68.1,6.0,0.257,21.71,Medium
589,1,6,39,0.31,4,20.7,0.53,84,4,29.14,28.1,59.3,2.0,0.585,39.0,Medium
429,3,6,41,0.46,63,20.7,2.43,83,0,19.41,23.9,83.3,31.5,0.189,41.0,High
255,1,10,3,0.09,12,20.7,2.26,37,5,23.86,23.0,81.8,6.0,0.04,4.71,Medium
567,2,11,31,0.82,7,19.6,2.8,57,1,24.45,25.1,84.5,0.538,0.293,53.14,Medium
602,3,4,31,1.84,35,19.2,1.66,74,0,30.73,23.5,74.5,2.059,1.108,22.14,High
502,1,2,9,0.18,2,20.8,2.4,27,4,29.59,24.9,70.4,1.0,0.075,3.86,Low
323,2,12,29,0.83,35,20.5,3.19,57,5,37.25,30.4,66.1,8.75,0.26,53.86,High
616,1,4,14,0.09,9,20.6,2.87,19,1,36.78,30.7,62.4,3.0,0.031,10.0,Medium
110,2,7,23,0.75,36,19.5,3.21,14,4,12.54,23.8,88.9,2.571,0.234,26.29,Medium
429,2,5,29,0.31,40,19.6,2.28,92,2,31.41,34.9,61.5,3.077,0.136,24.86,Medium
511,3,12,34,0.71,44,19.1,0.69,78,2,36.99,26.2,69.0,2.444,1.029,63.14,High
109,1,2,32,0.24,5,20.9,0.31,85,3,15.41,25.4,61.8,2.5,0.774,13.71,Medium
577,2,8,35,0.22,13,20.5,3.49,91,4,35.36,27.4,86.3,3.25,0.063,45.0,Medium
640,1,7,21,0.05,12,20.7,0.44,36,4,37.22,26.0,72.6,6.0,0.114,24.0,Medium
233,1,5,26,0.34,7,20.5,1.42,16,5,21.71,23.2,89.2,1.75,0.239,22.29,Medium
382,3,4,27,0.92,42,20.3,2.61,30,0,35.48,33.9,88.7,7.0,0.352,19.29,High
213,1,3,37,0.11,11,20.4,1.72,46,0,29.34,28.4,85.1,2.2,0.064,21.14,Low
103,3,12,40,1.05,41,20.6,2.24,53,2,24.46,28.1,56.7,13.667,0.469,74.29,High
118,1,9,50,0.26,4,20.7,0.3,55,0,10.74,27.1,66.8,2.0,0.867,71.43,Medium
214,1,10,7,0.25,15,20.5,3.37,72,2,12.35,27.2,68.4,3.75,0.074,11.0,Medium
581,2,5,18,0.87,4,19.6,1.56,25,1,29.93,24.8,61.9,0.308,0.558,15.43,Medium
651,3,1,22,1.46,22,20.0,2.99,65,5,25.07,31.9,66.2,2.444,0.488,6.29,High
601,1,0,46,0.04,20,20.8,2.68,52,1,25.3,31.6,65.6,10.0,0.015,6.57,Medium
145,2,2,37,0.11,9,19.7,2.2,84,4,12.27,25.5,59.0,0.75,0.05,15.86,Low
410,2,6,37,0.44,4,20.8,3.37,84,1,20.29,29.5,65.0,2.0,0.131,37.0,Medium
71,1,4,3,0.13,18,20.6,2.23,29,0,15.04,30.1,72.7,6.0,0.058,2.14,Medium
452,1,4,35,0.24,9,20.7,1.99,19,5,39.85,29.1,71.2,4.5,0.121,25.0,Medium
374,3,1,27,2.04,34,20.3,2.96,49,2,39.26,31.0,75.2,5.667,0.689,7.71,High
613,2,1,7,0.48,38,20.6,3.58,34,0,26.55,28.7,85.9,12.667,0.134,2.0,Medium
281,1,8,17,0.37,14,20.4,1.75,11,5,34.07,23.6,85.8,2.8,0.211,21.86,Medium
123,2,12,11,1.03,14,19.8,1.87,11,1,32.3,26.1,87.8,1.273,0.551,20.43,Medium
80,3,7,25,1.47,73,20.0,3.67,13,2,25.56,32.0,76.7,8.111,0.401,28.57,High
476,2,7,20,1.01,8,19.5,2.71,16,4,29.88,31.1,86.3,0.571,0.373,22.86,Medium
222,2,11,4,0.49,8,19.4,2.79,12,1,32.73,32.8,79.5,0.533,0.176,6.86,Medium
652,2,7,10,0.55,22,20.7,1.92,46,3,28.94,32.5,59.8,11.0,0.286,11.43,Medium
584,2,3,38,0.89,18,20.3,1.48,32,3,37.97,35.0,70.2,3.0,0.601,21.71,Medium
229,1,10,7,0.16,8,20.9,2.62,80,1,16.3,32.3,72.9,4.0,0.061,11.0,Medium
510,2,6,34,0.29,18,19.9,3.68,12,3,19.7,33.5,80.8,1.8,0.079,34.0,Medium
276,1,9,39,0.28,20,20.4,0.6,57,4,30.31,25.1,83.7,4.0,0.467,55.71,Medium
235,1,4,46,0.34,2,20.6,1.69,69,5,23.14,22.7,55.2,0.667,0.201,32.86,Medium
611,2,12,20,0.52,26,20.1,2.17,82,2,40.29,30.6,76.3,3.25,0.24,37.14,Medium
464,1,1,16,0.25,10,20.6,3.04,79,0,26.2,32.6,86.9,3.333,0.082,4.57,Low
324,2,2,24,0.3,6,20.5,2.57,84,2,34.41,26.4,61.9,1.5,0.117,10.29,Low
399,1,9,27,0.37,5,20.3,1.82,36,5,33.92,31.0,58.8,0.833,0.203,38.57,Medium
356,1,10,15,0.38,12,20.7,1.23,64,1,29.43,27.2,67.4,6.0,0.309,23.57,Medium
543,1,2,10,0.21,16,20.8,3.84,40,2,31.26,23.7,85.3,8.0,0.055,4.29,Low
243,3,10,12,1.09,39,19.3,3.48,37,5,24.46,32.7,58.9,2.438,0.313,18.86,High
493,2,11,21,1.1,31,19.8,3.47,27,0,36.31,22.9,60.6,2.818,0.317,36.0,High
262,1,4,39,0.22,14,20.4,1.19,36,1,12.94,34.9,58.7,2.8,0.185,27.86,Medium
482,2,5,38,0.66,36,20.6,1.2,43,5,37.59,32.8,55.9,12.0,0.55,32.57,Medium
467,1,5,46,0.07,4,20.7,0.39,21,5,19.3,22.5,56.6,2.0,0.179,39.43,Medium
129,1,2,34,0.18,8,20.4,0.54,43,3,20.52,22.8,77.2,1.6,0.333,14.57,Medium
621,2,7,1,0.43,35,19.8,2.98,36,5,26.03,23.7,55.7,3.182,0.144,1.14,Medium
354,1,1,3,0.34,2,20.3,2.63,62,2,15.35,22.9,56.6,0.333,0.129,0.86,Low
153,1,3,22,0.03,17,20.8,3.99,56,2,17.11,34.5,70.9,8.5,0.008,12.57,Low
170,2,9,23,0.93,8,20.5,3.26,64,5,21.99,28.0,78.0,2.0,0.285,32.86,Medium
654,3,8,38,1.18,70,20.2,3.7,80,3,42.11,31.3,86.7,10.0,0.319,48.86,High
105,1,7,30,0.22,20,20.4,1.99,94,0,21.51,23.7,62.5,4.0,0.111,34.29,Medium
204,1,8,31,0.14,18,20.5,2.19,38,0,17.17,25.6,59.1,4.5,0.064,39.86,Medium
126,2,12,30,0.62,29,20.6,2.99,38,2,25.6,23.5,74.4,9.667,0.207,55.71,Medium
81,1,10,7,0.36,5,20.8,2.3,54,3,22.9,32.5,72.8,2.5,0.157,11.0,Medium
373,1,6,47,0.08,9,20.7,1.96,27,0,22.66,26.7,64.8,4.5,0.041,47.0,Medium
617,1,0,27,0.06,3,20.7,3.87,39,4,32.37,26.1,69.7,1.5,0.016,3.86,Low
116,2,3,30,0.48,26,20.5,3.1,81,5,30.39,25.6,56.9,6.5,0.155,17.14,Medium
367,1,12,3,0.28,18,20.8,2.29,67,4,26.12,31.2,78.7,9.0,0.122,5.57,Medium
641,3,2,42,1.7,11,20.6,0.38,27,0,22.95,31.9,56.1,3.667,4.474,18.0,High
673,1,12,5,0.27,19,20.7,3.6,25,1,33.47,25.8,58.7,9.5,0.075,9.29,Medium
326,1,0,45,0.11,10,20.4,1.9,49,4,26.67,27.6,71.9,2.0,0.058,6.43,Low
339,1,7,4,0.32,5,20.6,2.02,99,2,16.45,29.3,69.5,1.667,0.158,4.57,Medium
54,1,2,21,0.3,16,20.4,1.44,69,0,12.73,31.0,78.1,3.2,0.208,9.0,Low
425,2,12,34,0.95,7,20.5,2.66,82,4,22.78,33.4,78.0,1.75,0.357,63.14,Medium
98,1,3,33,0.37,20,20.4,1.79,22,3,26.23,27.8,75.8,4.0,0.207,18.86,Medium
627,1,7,2,0.03,18,20.6,3.92,46,4,38.0,23.6,87.5,6.0,0.008,2.29,Medium
290,1,1,17,0.06,16,20.5,0.6,55,5,25.49,26.9,68.0,4.0,0.1,4.86,Medium
526,1,3,18,0.36,17,20.5,3.9,40,3,22.86,25.5,80.5,4.25,0.092,10.29,Low
378,1,2,21,0.14,5,20.7,0.72,21,5,17.2,30.7,62.2,2.5,0.194,9.0,Medium
67,2,0,25,0.31,6,19.9,0.78,11,3,23.27,23.3,80.8,0.6,0.397,3.57,Low
117,3,4,17,2.08,41,20.2,1.65,30,5,19.43,33.2,82.4,5.857,1.261,12.14,High
244,2,10,9,0.82,40,20.5,1.45,50,3,14.71,23.6,84.1,10.0,0.566,14.14,High
185,1,11,6,0.31,12,20.6,0.87,78,2,15.66,33.1,66.5,4.0,0.356,10.29,Medium
582,1,10,40,0.33,11,20.9,0.98,57,0,35.24,28.9,64.4,5.5,0.337,62.86,Medium
236,1,5,36,0.09,12,20.8,0.93,57,4,13.24,25.0,67.2,6.0,0.097,30.86,Medium
570,1,0,32,0.24,16,20.8,1.63,50,0,32.45,33.3,80.1,8.0,0.147,4.57,Low
341,3,5,12,0.81,45,19.8,1.28,45,5,26.1,31.1,72.2,4.091,0.633,10.29,High
641,1,4,28,0.35,6,20.5,2.32,46,0,35.66,22.6,55.3,1.5,0.151,20.0,Medium
168,3,10,30,1.71,55,20.6,3.5,56,2,24.45,32.4,72.4,18.333,0.489,47.14,High
428,1,1,9,0.35,10,20.8,1.61,25,0,27.93,33.5,63.9,5.0,0.217,2.57,Low
242,2,0,6,0.95,13,20.7,3.05,65,0,32.56,29.5,89.7,6.5,0.311,0.86,Medium
519,1,9,10,0.29,11,20.4,2.84,60,1,38.03,26.7,87.8,2.2,0.102,14.29,Medium
98,1,5,4,0.13,18,20.9,1.26,93,1,27.1,31.7,89.2,9.0,0.103,3.43,Medium
313,3,7,36,1.72,73,19.9,1.28,83,2,24.08,24.0,87.4,7.3,1.344,41.14,High
464,2,5,20,0.98,36,20.7,0.94,87,5,32.56,31.7,67.4,18.0,1.043,17.14,High
237,2,7,46,0.87,37,19.7,3.45,46,5,15.37,31.5,78.1,3.083,0.252,52.57,High
326,3,2,14,1.0,69,19.4,3.32,86,1,17.25,27.1,78.3,4.6,0.301,6.0,High
71,2,4,3,0.18,39,20.0,2.17,45,5,16.57,34.0,66.8,4.333,0.083,2.14,Medium
165,3,5,1,0.59,71,20.3,1.38,27,5,27.37,33.3,59.6,11.833,0.428,0.86,High
386,2,2,34,0.93,15,19.7,1.08,27,3,27.42,32.1,86.5,1.25,0.861,14.57,Medium
311,1,12,15,0.21,8,20.7,3.15,91,3,30.95,24.5,82.6,4.0,0.067,27.86,Medium
632,1,5,8,0.07,10,20.4,2.62,15,0,32.38,23.8,55.0,2.0,0.027,6.86,Medium
297,3,11,34,1.8,37,20.5,0.55,59,4,32.39,30.7,68.4,9.25,3.273,58.29,High
405,2,1,2,0.68,18,19.4,3.3,55,1,20.79,22.1,74.9,1.2,0.206,0.57,Medium
410,1,9,14,0.39,17,20.9,3.59,39,3,21.72,27.8,84.0,8.5,0.109,20.0,Medium
321,3,11,20,1.54,57,19.9,3.37,76,2,17.86,22.7,89.3,5.7,0.457,34.29,High
67,2,6,35,0.69,34,19.5,0.88,12,0,11.82,29.9,71.5,2.429,0.784,35.0,Medium
164,2,12,18,0.7,6,19.6,1.08,54,1,26.89,25.2,89.9,0.462,0.648,33.43,Medium
375,3,12,40,1.1,13,19.0,1.03,76,5,26.42,28.0,67.3,0.684,1.068,74.29,High
604,2,0,28,0.28,21,19.6,1.12,10,4,29.17,25.7,57.3,1.615,0.25,4.0,Medium
64,1,8,41,0.2,12,20.7,1.55,79,3,24.42,28.4,67.2,6.0,0.129,52.71,Medium
45,2,9,49,0.56,19,20.0,2.6,22,2,27.02,26.4,65.4,2.111,0.215,70.0,Medium
442,1,2,33,0.28,3,20.5,3.88,64,2,23.96,23.4,86.9,0.75,0.072,14.14,Low
271,2,4,49,1.05,13,19.6,3.54,94,2,29.31,33.9,78.9,1.0,0.297,35.0,Medium
307,2,4,39,1.07,28,20.1,3.88,35,4,32.49,33.8,58.7,3.5,0.276,27.86,High
492,2,10,36,1.08,27,20.2,1.95,96,5,38.31,27.5,72.9,3.857,0.554,56.57,High
675,1,12,6,0.07,15,20.5,0.64,16,3,33.86,30.4,87.8,3.75,0.109,11.14,Medium
498,2,10,38,0.16,14,19.8,1.09,67,4,29.36,29.9,66.1,1.273,0.147,59.71,Medium
152,1,4,23,0.11,9,20.9,1.92,96,5,32.03,29.8,89.9,4.5,0.057,16.43,Medium
54,1,0,19,0.32,16,20.5,3.21,15,3,15.62,30.2,62.0,4.0,0.1,2.71,Low
222,3,11,38,0.7,30,19.6,1.07,27,0,34.12,32.8,82.1,2.308,0.654,65.14,Medium
390,2,1,10,0.26,19,19.4,2.34,56,3,39.49,33.6,89.7,1.267,0.111,2.86,Medium
389,2,8,37,0.29,28,20.0,0.33,54,4,32.66,23.5,63.2,3.111,0.879,47.57,High
592,2,0,22,1.1,5,19.7,3.67,72,4,21.91,24.8,77.9,0.417,0.3,3.14,Medium
114,3,3,41,1.08,44,19.9,2.81,61,2,21.22,30.5,59.4,4.4,0.384,23.43,High
494,3,12,29,1.2,58,18.7,1.33,13,5,19.41,28.5,56.5,2.636,0.902,53.86,High
285,1,7,3,0.2,11,20.8,1.35,16,2,33.95,31.5,57.8,5.5,0.148,3.43,Medium
436,2,1,43,0.3,9,20.8,3.6,91,3,27.9,25.1,86.9,4.5,0.083,12.29,Low
541,2,0,48,0.23,13,19.8,2.3,51,2,30.02,34.6,84.2,1.182,0.1,6.86,Low
551,1,4,11,0.05,18,20.6,0.94,72,4,21.3,26.7,63.2,6.0,0.053,7.86,Medium
252,2,10,37,0.71,37,20.7,3.32,32,0,29.43,30.2,59.8,18.5,0.214,58.14,High
203,1,9,2,0.06,2,20.5,1.31,11,3,31.74,31.1,59.3,0.5,0.046,2.86,Medium
563,1,12,23,0.33,10,20.4,3.82,63,3,28.8,34.0,71.9,2.0,0.086,42.71,Medium
428,1,4,21,0.05,11,20.5,2.72,63,4,18.73,29.7,63.1,2.75,0.018,15.0,Medium
543,3,10,29,1.85,71,20.7,0.47,61,2,28.81,32.6,80.2,35.5,3.936,45.57,High
401,1,8,43,0.14,7,20.3,1.65,53,5,23.93,23.8,70.3,1.167,0.085,55.29,Medium
334,2,8,34,0.25,27,19.8,1.32,73,4,26.05,23.7,74.5,2.455,0.189,43.71,Medium
210,1,1,44,0.08,19,20.6,2.81,99,4,32.62,26.7,56.4,6.333,0.028,12.57,Medium
578,1,10,18,0.35,15,20.4,0.44,14,0,27.78,26.9,71.8,3.0,0.795,28.29,Medium
206,3,1,17,1.32,40,19.1,0.37,41,0,15.71,24.5,74.0,2.222,3.568,4.86,High
120,1,1,33,0.14,18,20.6,1.67,43,5,21.04,22.3,67.4,6.0,0.084,9.43,Medium
336,1,9,26,0.38,13,20.6,3.83,23,2,29.01,23.0,61.8,4.333,0.099,37.14,Medium
256,1,7,37,0.27,12,20.5,1.77,79,1,34.61,30.5,71.0,3.0,0.153,42.29,Medium
474,3,6,16,0.94,65,20.0,0.55,94,1,37.18,32.5,74.0,7.222,1.709,16.0,High
586,3,5,44,2.09,65,18.8,3.48,59,0,38.65,31.0,76.0,3.095,0.601,37.71,High
657,1,7,27,0.37,11,20.4,2.24,100,1,43.67,29.7,68.8,2.2,0.165,30.86,Medium
410,3,7,38,1.9,16,18.7,3.55,68,1,36.37,27.6,74.8,0.727,0.535,43.43,High
174,2,7,5,0.86,12,20.7,1.0,87,0,17.86,30.8,89.9,6.0,0.86,5.71,Medium
505,1,2,8,0.15,14,20.4,1.43,56,5,25.2,23.0,56.5,2.8,0.105,3.43,Low
317,1,2,10,0.32,8,20.9,1.61,14,0,19.13,27.1,69.9,4.0,0.199,4.29,Low
574,1,3,47,0.38,2,20.4,2.68,26,3,33.27,23.7,63.4,0.4,0.142,26.86,Low
361,1,9,49,0.07,11,20.6,1.0,77,2,18.86,22.9,64.6,3.667,0.07,70.0,Medium
394,1,4,24,0.08,3,20.8,2.67,11,5,21.77,29.8,80.8,1.5,0.03,17.14,Medium
618,2,7,2,0.19,4,20.1,0.66,27,2,40.36,25.5,65.6,0.5,0.288,2.29,Medium
610,1,10,22,0.2,9,20.6,1.61,99,5,39.41,25.1,87.5,3.0,0.124,34.57,Medium
303,1,1,29,0.13,5,20.5,3.77,26,3,21.68,26.6,88.1,1.25,0.034,8.29,Low
224,3,6,28,1.69,26,19.9,0.96,23,2,16.81,33.6,63.6,2.6,1.76,28.0,High
92,3,1,23,0.7,41,19.8,1.92,17,5,28.23,23.3,86.0,3.727,0.365,6.57,Medium
523,2,11,35,0.95,34,19.7,2.91,88,5,40.47,33.5,72.6,2.833,0.326,60.0,High
618,1,2,39,0.05,16,20.5,1.2,87,0,37.98,24.9,87.2,4.0,0.042,16.71,Low
411,1,10,6,0.27,7,20.3,3.73,46,1,26.39,23.1,80.9,1.167,0.072,9.43,Medium
440,3,11,44,0.75,60,19.1,1.1,51,4,23.63,23.2,55.1,3.333,0.682,75.43,High
313,1,3,11,0.31,2,20.7,2.01,82,3,17.58,29.6,63.9,1.0,0.154,6.29,Low
193,1,7,26,0.25,16,20.9,1.48,74,1,11.95,26.1,71.2,8.0,0.169,29.71,Medium
533,1,9,14,0.24,3,20.7,1.08,34,4,19.67,31.8,62.6,1.5,0.222,20.0,Medium
183,1,11,28,0.15,15,20.4,0.91,92,3,17.38,34.1,86.0,3.0,0.165,48.0,Medium
356,3,10,2,0.63,46,20.4,1.61,40,2,20.1,25.6,69.7,9.2,0.391,3.14,High
463,3,8,19,0.52,50,19.6,1.46,18,2,22.39,25.9,69.4,3.846,0.356,24.43,High
109,3,8,24,1.0,56,20.6,1.81,23,5,22.38,33.0,72.5,18.667,0.552,30.86,High
461,1,12,41,0.23,14,20.7,2.21,39,5,21.21,24.8,81.0,7.0,0.104,76.14,Medium
183,1,9,11,0.2,20,20.7,3.4,33,1,18.7,26.2,80.6,10.0,0.059,15.71,Medium
242,2,2,15,1.08,23,19.7,0.98,72,3,18.88,27.4,64.6,1.917,1.102,6.43,Medium
523,1,1,15,0.25,8,20.5,3.1,72,1,22.0,24.3,74.6,2.0,0.081,4.29,Low
358,3,10,13,1.59,49,19.8,3.62,87,1,15.74,24.2,77.3,4.455,0.439,20.43,High
610,1,7,28,0.03,19,20.6,3.76,96,5,26.01,30.7,83.3,6.333,0.008,32.0,Medium
341,2,6,30,0.26,23,20.0,3.93,97,4,25.04,22.3,88.3,2.556,0.066,30.0,Medium
426,2,11,36,0.69,23,19.7,1.81,38,3,32.97,34.1,83.7,1.917,0.381,61.71,Medium
202,3,11,23,1.44,31,19.8,3.23,12,4,19.07,26.3,75.3,2.818,0.446,39.43,High
426,1,12,10,0.11,11,20.7,3.56,36,1,20.46,26.3,80.7,5.5,0.031,18.57,Medium
593,3,9,46,0.62,40,19.1,1.23,31,3,27.32,34.5,80.5,2.222,0.504,65.71,High
480,1,1,3,0.16,19,20.3,1.7,55,0,35.49,34.2,65.4,3.167,0.094,0.86,Medium
565,1,8,36,0.38,7,20.5,1.23,59,5,43.06,31.7,79.3,1.75,0.309,46.29,Medium
300,3,12,16,2.02,51,19.5,0.62,97,5,15.5,30.8,76.8,3.643,3.258,29.71,High
346,1,8,35,0.22,5,20.5,3.04,39,5,27.72,30.5,85.4,1.25,0.072,45.0,Medium
314,2,9,5,0.62,19,20.3,2.56,27,5,25.71,32.8,87.1,3.167,0.242,7.14,Medium
42,1,10,11,0.15,2,20.3,0.87,30,0,19.08,23.0,62.5,0.333,0.172,17.29,Medium
633,1,2,14,0.28,4,20.5,0.32,19,1,37.12,25.2,83.9,1.0,0.875,6.0,Medium
606,1,2,32,0.2,3,20.8,0.98,15,1,43.11,25.2,74.2,1.5,0.204,13.71,Low
396,2,3,7,0.83,4,19.4,0.32,94,3,37.6,28.3,66.2,0.267,2.594,4.0,High
147,2,10,49,0.32,15,20.8,3.44,20,3,32.7,26.9,67.0,7.5,0.093,77.0,Medium
582,1,3,33,0.2,15,20.7,0.72,71,0,27.38,26.8,57.5,7.5,0.278,18.86,Medium
99,3,11,36,1.93,42,18.6,2.61,67,0,31.69,23.7,59.9,1.826,0.739,61.71,High
572,1,8,47,0.34,7,20.4,2.76,35,2,23.04,30.2,74.9,1.4,0.123,60.43,Medium
52,1,9,46,0.28,13,20.4,1.97,37,1,12.9,25.4,57.7,2.6,0.142,65.71,Medium
204,1,10,3,0.15,11,20.4,3.83,30,0,22.32,24.9,58.5,2.2,0.039,4.71,Medium
260,1,6,32,0.21,5,20.8,3.95,96,0,22.12,23.3,81.5,2.5,0.053,32.0,Medium
519,2,11,35,0.2,16,20.2,3.54,62,5,23.28,23.8,75.9,2.286,0.056,60.0,Medium
213,1,3,50,0.2,12,20.4,3.47,12,1,18.5,24.2,76.5,2.4,0.058,28.57,Low
329,3,0,24,1.5,13,19.5,3.24,35,0,16.01,29.9,64.8,0.929,0.463,3.43,High
42,2,8,21,0.34,35,20.2,1.91,30,4,17.77,25.8,87.5,5.0,0.178,27.0,Medium
664,2,11,1,0.51,22,20.6,1.56,81,5,38.21,31.4,89.9,7.333,0.327,1.71,Medium
562,1,5,46,0.26,16,20.4,2.98,10,0,24.06,28.5,60.7,3.2,0.087,39.43,Medium
601,1,0,8,0.05,7,20.3,1.02,98,4,29.69,33.8,59.6,1.167,0.049,1.14,Low
68,1,3,25,0.02,11,20.3,1.46,78,0,8.65,22.9,76.6,1.833,0.014,14.29,Low
107,2,10,46,0.8,21,20.2,3.77,44,3,19.74,32.4,80.2,3.0,0.212,72.29,Medium
490,2,8,36,0.92,20,20.6,1.96,61,1,39.71,30.2,58.1,6.667,0.469,46.29,Medium
