timestamp,section_id,ch4_pct,co_ppm,co2_pct,air_velocity_ms,temperature_c,humidity_pct,dust_pm10_mg,is_anomaly,alert_msg
1716100000,SEC-WORKSHOP-3,0.06,12,0.17,1.03,34.5,74.1,82,0,NORMAL: Environmental telemetry within statutory parameters.
1716100120,SEC-PIT-A,0.04,7,0.27,1.76,32.1,67.7,124,0,NORMAL: Environmental telemetry within statutory parameters.
1716100240,SEC-PIT-A,0.13,10,0.38,2.32,26.0,81.0,97,0,NORMAL: Environmental telemetry within statutory parameters.
1716100360,SEC-MAGAZINE,0.04,3,0.26,2.51,32.5,84.4,125,0,NORMAL: Environmental telemetry within statutory parameters.
1716100480,SEC-UG-L1,0.47,6,0.1,2.33,27.6,84.0,42,0,NORMAL: Environmental telemetry within statutory parameters.
1716100600,SEC-UG-L3,0.14,22,0.3,1.6,33.8,68.9,121,0,NORMAL: Environmental telemetry within statutory parameters.
1716100720,SEC-UG-L1,0.34,14,0.23,3.06,28.8,78.7,86,0,NORMAL: Environmental telemetry within statutory parameters.
1716100840,SEC-PIT-A,0.54,57,0.52,0.56,26.3,74.2,205,1,WARNING: Elevated Carbon Monoxide (57 ppm) detected. Probable spontaneous heating.
1716100960,SEC-UG-L1,0.47,3,0.17,2.15,27.9,75.9,50,0,NORMAL: Environmental telemetry within statutory parameters.
1716101080,SEC-PIT-B,0.09,4,0.36,1.24,26.1,76.6,46,0,NORMAL: Environmental telemetry within statutory parameters.
1716101200,SEC-PIT-A,0.13,6,0.27,1.9,34.8,68.6,127,0,NORMAL: Environmental telemetry within statutory parameters.
1716101320,SEC-UG-L2,0.42,12,0.1,2.49,27.2,75.8,57,0,NORMAL: Environmental telemetry within statutory parameters.
1716101440,SEC-CRUSHER,0.06,6,0.13,1.51,29.1,62.6,124,0,NORMAL: Environmental telemetry within statutory parameters.
1716101560,SEC-CHP,0.08,11,0.21,2.31,24.4,83.4,56,0,NORMAL: Environmental telemetry within statutory parameters.
1716101680,SEC-CRUSHER,0.1,9,0.18,2.75,27.3,69.6,136,0,NORMAL: Environmental telemetry within statutory parameters.
1716101800,SEC-MAGAZINE,0.12,7,0.11,2.66,26.5,67.3,68,0,NORMAL: Environmental telemetry within statutory parameters.
1716101920,SEC-PIT-B,0.11,10,0.12,2.21,30.5,78.4,82,0,NORMAL: Environmental telemetry within statutory parameters.
1716102040,SEC-PIT-A,0.05,8,0.34,0.82,29.5,69.4,88,0,NORMAL: Environmental telemetry within statutory parameters.
1716102160,SEC-PIT-B,0.08,5,0.22,1.25,29.0,77.3,37,0,NORMAL: Environmental telemetry within statutory parameters.
1716102280,SEC-HAUL-RD,0.09,9,0.22,1.38,28.3,69.5,127,0,NORMAL: Environmental telemetry within statutory parameters.
1716102400,SEC-CRUSHER,0.15,6,0.31,2.96,25.2,71.9,99,0,NORMAL: Environmental telemetry within statutory parameters.
1716102520,SEC-UG-L3,0.24,3,0.13,1.2,34.2,87.0,73,0,NORMAL: Environmental telemetry within statutory parameters.
1716102640,SEC-MAGAZINE,0.15,5,0.12,1.6,35.2,68.7,41,0,NORMAL: Environmental telemetry within statutory parameters.
1716102760,SEC-UG-L1,0.27,8,0.22,2.38,34.2,68.4,60,0,NORMAL: Environmental telemetry within statutory parameters.
1716102880,SEC-PIT-B,0.13,9,0.11,1.39,30.4,81.7,122,0,NORMAL: Environmental telemetry within statutory parameters.
1716103000,SEC-PIT-A,0.08,10,0.24,1.75,34.5,78.7,62,0,NORMAL: Environmental telemetry within statutory parameters.
1716103120,SEC-WORKSHOP-3,0.12,4,0.2,1.56,28.6,69.2,52,0,NORMAL: Environmental telemetry within statutory parameters.
1716103240,SEC-UG-L3,0.41,16,0.26,2.08,29.6,80.7,79,0,NORMAL: Environmental telemetry within statutory parameters.
1716103360,SEC-HAUL-RD,0.56,75,0.65,1.15,31.0,81.0,50,1,WARNING: Elevated Carbon Monoxide (75 ppm) detected. Probable spontaneous heating.
1716103480,SEC-PIT-B,0.06,6,0.09,1.52,27.9,78.3,46,0,NORMAL: Environmental telemetry within statutory parameters.
1716103600,SEC-CRUSHER,0.07,10,0.09,3.1,26.1,71.2,88,0,NORMAL: Environmental telemetry within statutory parameters.
1716103720,SEC-MAGAZINE,0.09,4,0.18,2.56,33.9,82.5,118,0,NORMAL: Environmental telemetry within statutory parameters.
1716103840,SEC-PIT-A,0.05,11,0.2,1.89,31.5,78.8,97,0,NORMAL: Environmental telemetry within statutory parameters.
1716103960,SEC-CRUSHER,0.07,7,0.3,1.08,33.2,72.6,138,0,NORMAL: Environmental telemetry within statutory parameters.
1716104080,SEC-CHP,0.12,11,0.37,1.07,35.3,74.9,57,0,NORMAL: Environmental telemetry within statutory parameters.
1716104200,SEC-CRUSHER,0.05,3,0.18,3.04,27.0,74.4,110,0,NORMAL: Environmental telemetry within statutory parameters.
1716104320,SEC-HAUL-RD,0.09,3,0.22,0.9,29.3,61.4,97,0,NORMAL: Environmental telemetry within statutory parameters.
1716104440,SEC-HAUL-RD,0.07,8,0.28,2.64,30.2,65.0,38,0,NORMAL: Environmental telemetry within statutory parameters.
1716104560,SEC-CHP,0.09,7,0.27,2.23,32.4,74.9,80,0,NORMAL: Environmental telemetry within statutory parameters.
1716104680,SEC-CRUSHER,0.05,4,0.12,1.15,29.0,67.7,98,0,NORMAL: Environmental telemetry within statutory parameters.
1716104800,SEC-WORKSHOP-3,0.07,11,0.25,0.9,28.3,64.1,76,0,NORMAL: Environmental telemetry within statutory parameters.
1716104920,SEC-PIT-B,0.15,4,0.18,2.33,28.9,60.6,73,0,NORMAL: Environmental telemetry within statutory parameters.
1716105040,SEC-UG-L3,0.42,5,0.33,1.84,33.1,76.0,49,0,NORMAL: Environmental telemetry within statutory parameters.
1716105160,SEC-UG-L3,0.31,10,0.29,0.92,29.4,81.3,108,0,NORMAL: Environmental telemetry within statutory parameters.
1716105280,SEC-CRUSHER,0.12,5,0.16,2.41,28.6,65.1,112,0,NORMAL: Environmental telemetry within statutory parameters.
1716105400,SEC-UG-L3,0.25,3,0.31,2.38,27.1,76.8,70,0,NORMAL: Environmental telemetry within statutory parameters.
1716105520,SEC-CHP,0.06,8,0.15,2.27,32.2,83.2,128,0,NORMAL: Environmental telemetry within statutory parameters.
1716105640,SEC-HAUL-RD,0.11,11,0.2,3.03,27.9,68.9,36,0,NORMAL: Environmental telemetry within statutory parameters.
1716105760,SEC-WORKSHOP-3,0.13,10,0.14,2.47,28.5,71.3,121,0,NORMAL: Environmental telemetry within statutory parameters.
1716105880,SEC-HAUL-RD,0.11,11,0.38,1.0,35.3,70.3,130,0,NORMAL: Environmental telemetry within statutory parameters.
1716106000,SEC-UG-L3,0.27,17,0.09,2.3,31.2,75.8,56,0,NORMAL: Environmental telemetry within statutory parameters.
1716106120,SEC-CRUSHER,0.04,7,0.25,1.98,28.3,75.1,65,0,NORMAL: Environmental telemetry within statutory parameters.
1716106240,SEC-CRUSHER,0.13,4,0.2,1.31,30.6,65.0,49,0,NORMAL: Environmental telemetry within statutory parameters.
1716106360,SEC-UG-L1,0.54,15,0.25,1.64,28.8,76.8,62,0,NORMAL: Environmental telemetry within statutory parameters.
1716106480,SEC-CHP,0.11,8,0.23,2.08,33.9,73.9,63,0,NORMAL: Environmental telemetry within statutory parameters.
1716106600,SEC-WORKSHOP-3,0.14,5,0.36,1.23,24.0,83.2,71,0,NORMAL: Environmental telemetry within statutory parameters.
1716106720,SEC-WORKSHOP-3,0.12,4,0.2,2.37,28.7,77.8,88,0,NORMAL: Environmental telemetry within statutory parameters.
1716106840,SEC-HAUL-RD,0.11,11,0.38,2.24,28.7,60.6,128,0,NORMAL: Environmental telemetry within statutory parameters.
1716106960,SEC-HAUL-RD,0.1,10,0.29,3.08,32.5,84.7,37,0,NORMAL: Environmental telemetry within statutory parameters.
1716107080,SEC-CRUSHER,0.13,5,0.22,2.54,26.0,86.2,65,0,NORMAL: Environmental telemetry within statutory parameters.
1716107200,SEC-UG-L2,0.19,3,0.14,1.91,31.9,72.4,66,0,NORMAL: Environmental telemetry within statutory parameters.
1716107320,SEC-UG-L2,0.54,19,0.27,2.73,34.0,85.4,77,0,NORMAL: Environmental telemetry within statutory parameters.
1716107440,SEC-UG-L2,0.53,3,0.3,2.44,34.0,87.9,87,0,NORMAL: Environmental telemetry within statutory parameters.
1716107560,SEC-CRUSHER,0.39,8,0.31,2.21,32.2,72.3,753,1,ALERT: Airborne respirable dust concentration (753 mg/m³) exceeded DGMS permissible limits.
1716107680,SEC-PIT-A,0.08,3,0.19,2.52,31.2,72.3,100,0,NORMAL: Environmental telemetry within statutory parameters.
1716107800,SEC-PIT-B,0.13,12,0.31,1.07,28.2,78.4,56,0,NORMAL: Environmental telemetry within statutory parameters.
1716107920,SEC-UG-L1,0.45,9,0.16,1.59,24.9,85.2,123,0,NORMAL: Environmental telemetry within statutory parameters.
1716108040,SEC-WORKSHOP-3,0.12,8,0.17,1.87,29.2,67.2,135,0,NORMAL: Environmental telemetry within statutory parameters.
1716108160,SEC-UG-L3,0.43,7,0.24,0.86,30.5,80.0,82,0,NORMAL: Environmental telemetry within statutory parameters.
1716108280,SEC-UG-L3,0.12,12,0.22,1.86,25.8,82.5,72,0,NORMAL: Environmental telemetry within statutory parameters.
1716108400,SEC-UG-L1,0.19,15,0.16,1.35,30.7,64.2,62,0,NORMAL: Environmental telemetry within statutory parameters.
1716108520,SEC-PIT-A,0.12,11,0.2,2.28,35.2,78.0,56,0,NORMAL: Environmental telemetry within statutory parameters.
1716108640,SEC-HAUL-RD,0.07,8,0.19,3.02,25.9,74.7,117,0,NORMAL: Environmental telemetry within statutory parameters.
1716108760,SEC-UG-L1,0.23,5,0.18,1.54,25.7,77.0,63,0,NORMAL: Environmental telemetry within statutory parameters.
1716108880,SEC-PIT-B,0.08,10,0.25,2.33,33.7,83.7,36,0,NORMAL: Environmental telemetry within statutory parameters.
1716109000,SEC-MAGAZINE,0.12,8,0.28,1.76,34.9,74.2,47,0,NORMAL: Environmental telemetry within statutory parameters.
1716109120,SEC-UG-L3,0.31,20,0.34,3.13,29.1,74.6,42,0,NORMAL: Environmental telemetry within statutory parameters.
1716109240,SEC-UG-L2,0.42,10,0.15,2.52,24.5,77.1,57,0,NORMAL: Environmental telemetry within statutory parameters.
1716109360,SEC-MAGAZINE,0.12,4,0.35,1.12,24.7,66.4,73,0,NORMAL: Environmental telemetry within statutory parameters.
1716109480,SEC-HAUL-RD,0.09,4,0.24,2.68,33.1,62.0,75,0,NORMAL: Environmental telemetry within statutory parameters.
1716109600,SEC-WORKSHOP-3,0.05,6,0.11,2.21,29.6,75.9,111,0,NORMAL: Environmental telemetry within statutory parameters.
1716109720,SEC-HAUL-RD,0.14,10,0.31,1.27,31.3,81.2,138,0,NORMAL: Environmental telemetry within statutory parameters.
1716109840,SEC-PIT-A,0.08,7,0.23,1.22,29.6,67.9,99,0,NORMAL: Environmental telemetry within statutory parameters.
1716109960,SEC-UG-L3,0.31,13,0.16,2.15,31.2,63.1,74,0,NORMAL: Environmental telemetry within statutory parameters.
1716110080,SEC-UG-L1,0.2,19,0.22,1.19,32.7,78.8,43,0,NORMAL: Environmental telemetry within statutory parameters.
1716110200,SEC-PIT-B,0.09,11,0.33,1.26,32.8,66.0,48,0,NORMAL: Environmental telemetry within statutory parameters.
1716110320,SEC-MAGAZINE,0.12,10,0.11,1.52,26.4,78.8,113,0,NORMAL: Environmental telemetry within statutory parameters.
1716110440,SEC-CHP,0.12,5,0.34,2.26,27.7,74.5,55,0,NORMAL: Environmental telemetry within statutory parameters.
1716110560,SEC-WORKSHOP-3,0.13,7,0.15,1.43,28.3,68.6,73,0,NORMAL: Environmental telemetry within statutory parameters.
1716110680,SEC-CHP,0.07,7,0.21,1.74,24.1,86.3,88,0,NORMAL: Environmental telemetry within statutory parameters.
1716110800,SEC-PIT-A,0.08,5,0.37,2.64,33.4,65.7,37,0,NORMAL: Environmental telemetry within statutory parameters.
1716110920,SEC-UG-L3,0.23,13,0.21,1.72,30.4,65.6,106,0,NORMAL: Environmental telemetry within statutory parameters.
1716111040,SEC-UG-L2,0.26,11,0.11,1.38,32.3,86.4,76,0,NORMAL: Environmental telemetry within statutory parameters.
1716111160,SEC-HAUL-RD,0.15,3,0.31,1.74,29.6,67.8,125,0,NORMAL: Environmental telemetry within statutory parameters.
1716111280,SEC-HAUL-RD,0.05,3,0.27,1.46,29.0,68.0,82,0,NORMAL: Environmental telemetry within statutory parameters.
1716111400,SEC-WORKSHOP-3,0.12,8,0.37,2.56,25.7,64.2,140,0,NORMAL: Environmental telemetry within statutory parameters.
1716111520,SEC-UG-L3,0.33,17,0.15,2.17,31.6,75.6,132,0,NORMAL: Environmental telemetry within statutory parameters.
1716111640,SEC-UG-L3,0.11,5,0.34,2.48,27.6,83.9,129,0,NORMAL: Environmental telemetry within statutory parameters.
1716111760,SEC-WORKSHOP-3,0.06,8,0.22,1.91,26.3,87.2,77,0,NORMAL: Environmental telemetry within statutory parameters.
1716111880,SEC-UG-L3,0.42,3,0.12,2.34,28.6,73.6,89,0,NORMAL: Environmental telemetry within statutory parameters.
1716112000,SEC-PIT-A,0.05,11,0.19,2.16,35.0,84.4,39,0,NORMAL: Environmental telemetry within statutory parameters.
1716112120,SEC-CHP,0.09,12,0.18,0.96,30.5,87.3,44,0,NORMAL: Environmental telemetry within statutory parameters.
1716112240,SEC-PIT-B,0.13,4,0.25,1.92,35.4,81.1,118,0,NORMAL: Environmental telemetry within statutory parameters.
1716112360,SEC-CRUSHER,0.09,5,0.28,0.98,30.6,72.7,117,0,NORMAL: Environmental telemetry within statutory parameters.
1716112480,SEC-CRUSHER,0.08,7,0.08,2.79,24.1,69.0,37,0,NORMAL: Environmental telemetry within statutory parameters.
1716112600,SEC-UG-L1,0.15,13,0.24,2.37,32.9,76.1,60,0,NORMAL: Environmental telemetry within statutory parameters.
1716112720,SEC-CHP,0.12,12,0.13,2.66,27.5,62.8,61,0,NORMAL: Environmental telemetry within statutory parameters.
1716112840,SEC-MAGAZINE,0.13,5,0.24,3.09,34.0,86.0,76,0,NORMAL: Environmental telemetry within statutory parameters.
1716112960,SEC-UG-L2,0.12,11,0.15,3.01,28.1,63.8,133,0,NORMAL: Environmental telemetry within statutory parameters.
1716113080,SEC-WORKSHOP-3,0.14,3,0.21,2.59,26.4,61.4,129,0,NORMAL: Environmental telemetry within statutory parameters.
1716113200,SEC-WORKSHOP-3,0.06,9,0.26,1.1,29.8,76.2,57,0,NORMAL: Environmental telemetry within statutory parameters.
1716113320,SEC-MAGAZINE,0.12,4,0.36,2.58,32.6,68.9,80,0,NORMAL: Environmental telemetry within statutory parameters.
1716113440,SEC-UG-L2,0.09,19,0.19,1.41,34.9,60.5,49,0,NORMAL: Environmental telemetry within statutory parameters.
1716113560,SEC-CRUSHER,0.08,4,0.19,3.07,29.0,83.7,43,0,NORMAL: Environmental telemetry within statutory parameters.
1716113680,SEC-UG-L3,0.4,15,0.34,0.84,32.4,85.1,70,0,NORMAL: Environmental telemetry within statutory parameters.
1716113800,SEC-PIT-A,0.07,12,0.08,2.04,32.0,81.3,52,0,NORMAL: Environmental telemetry within statutory parameters.
1716113920,SEC-PIT-A,0.06,7,0.19,1.8,28.8,64.9,55,0,NORMAL: Environmental telemetry within statutory parameters.
1716114040,SEC-MAGAZINE,0.12,5,0.19,3.02,25.9,73.9,135,0,NORMAL: Environmental telemetry within statutory parameters.
1716114160,SEC-UG-L3,0.23,11,0.27,0.87,27.8,84.9,38,0,NORMAL: Environmental telemetry within statutory parameters.
1716114280,SEC-PIT-A,0.06,9,0.09,1.7,32.3,64.8,111,0,NORMAL: Environmental telemetry within statutory parameters.
1716114400,SEC-PIT-B,0.16,56,0.48,1.12,33.8,75.0,156,1,WARNING: Elevated Carbon Monoxide (56 ppm) detected. Probable spontaneous heating.
1716114520,SEC-UG-L1,0.45,3,0.17,1.93,25.5,78.4,67,0,NORMAL: Environmental telemetry within statutory parameters.
1716114640,SEC-CHP,0.11,4,0.22,2.6,26.3,66.1,108,0,NORMAL: Environmental telemetry within statutory parameters.
1716114760,SEC-UG-L1,0.11,5,0.3,2.52,34.2,62.9,71,0,NORMAL: Environmental telemetry within statutory parameters.
1716114880,SEC-UG-L2,0.41,12,0.18,3.14,30.8,74.5,120,0,NORMAL: Environmental telemetry within statutory parameters.
1716115000,SEC-UG-L3,0.11,16,0.19,1.15,34.7,61.0,129,0,NORMAL: Environmental telemetry within statutory parameters.
1716115120,SEC-CRUSHER,0.13,5,0.08,2.32,26.7,71.1,136,0,NORMAL: Environmental telemetry within statutory parameters.
1716115240,SEC-PIT-A,0.09,8,0.14,2.89,28.7,87.8,108,0,NORMAL: Environmental telemetry within statutory parameters.
1716115360,SEC-WORKSHOP-3,0.1,4,0.3,2.37,34.6,69.4,100,0,NORMAL: Environmental telemetry within statutory parameters.
1716115480,SEC-UG-L1,0.45,18,0.31,1.9,31.7,69.6,47,0,NORMAL: Environmental telemetry within statutory parameters.
1716115600,SEC-MAGAZINE,0.13,9,0.27,3.12,25.1,87.3,51,0,NORMAL: Environmental telemetry within statutory parameters.
1716115720,SEC-PIT-B,0.12,5,0.34,1.54,30.4,86.3,90,0,NORMAL: Environmental telemetry within statutory parameters.
1716115840,SEC-MAGAZINE,0.13,11,0.14,2.82,32.9,65.6,63,0,NORMAL: Environmental telemetry within statutory parameters.
1716115960,SEC-CHP,0.13,12,0.34,2.06,30.1,75.1,137,0,NORMAL: Environmental telemetry within statutory parameters.
1716116080,SEC-MAGAZINE,0.06,5,0.27,2.86,33.7,81.0,63,0,NORMAL: Environmental telemetry within statutory parameters.
1716116200,SEC-UG-L1,0.53,16,0.34,1.47,27.4,85.2,86,0,NORMAL: Environmental telemetry within statutory parameters.
1716116320,SEC-CRUSHER,0.09,5,0.3,1.52,26.9,75.6,44,0,NORMAL: Environmental telemetry within statutory parameters.
1716116440,SEC-UG-L3,0.41,22,0.37,0.94,25.6,73.5,87,0,NORMAL: Environmental telemetry within statutory parameters.
1716116560,SEC-UG-L1,0.45,10,0.2,1.18,28.5,65.4,88,0,NORMAL: Environmental telemetry within statutory parameters.
1716116680,SEC-CHP,0.63,32,0.6,0.22,25.7,72.4,262,1,ALERT: Air velocity dropped to 0.22 m/s (Statutory Minimum: 0.5 m/s).
1716116800,SEC-UG-L3,0.05,6,0.24,2.06,31.2,73.2,133,0,NORMAL: Environmental telemetry within statutory parameters.
1716116920,SEC-WORKSHOP-3,0.05,12,0.22,0.97,34.5,69.6,131,0,NORMAL: Environmental telemetry within statutory parameters.
1716117040,SEC-UG-L3,0.06,11,0.11,1.92,25.9,79.9,109,0,NORMAL: Environmental telemetry within statutory parameters.
1716117160,SEC-WORKSHOP-3,0.06,4,0.11,2.56,33.9,66.8,111,0,NORMAL: Environmental telemetry within statutory parameters.
1716117280,SEC-WORKSHOP-3,0.15,9,0.1,1.05,27.2,80.3,133,0,NORMAL: Environmental telemetry within statutory parameters.
1716117400,SEC-UG-L3,0.37,13,0.21,2.81,25.0,62.8,80,0,NORMAL: Environmental telemetry within statutory parameters.
1716117520,SEC-WORKSHOP-3,0.09,12,0.21,1.44,33.5,73.7,134,0,NORMAL: Environmental telemetry within statutory parameters.
1716117640,SEC-HAUL-RD,0.08,11,0.34,2.4,30.9,76.5,40,0,NORMAL: Environmental telemetry within statutory parameters.
1716117760,SEC-PIT-B,0.05,6,0.19,2.41,28.9,71.0,112,0,NORMAL: Environmental telemetry within statutory parameters.
1716117880,SEC-PIT-A,0.13,10,0.25,2.05,33.4,77.6,86,0,NORMAL: Environmental telemetry within statutory parameters.
1716118000,SEC-CRUSHER,0.04,12,0.13,2.31,25.1,85.8,77,0,NORMAL: Environmental telemetry within statutory parameters.
1716118120,SEC-PIT-A,0.13,7,0.19,2.44,35.2,67.0,80,0,NORMAL: Environmental telemetry within statutory parameters.
1716118240,SEC-WORKSHOP-3,0.08,7,0.31,1.19,32.9,75.3,106,0,NORMAL: Environmental telemetry within statutory parameters.
1716118360,SEC-CHP,0.12,5,0.33,2.86,28.0,75.1,77,0,NORMAL: Environmental telemetry within statutory parameters.
1716118480,SEC-UG-L2,0.2,5,0.27,1.55,31.4,81.2,98,0,NORMAL: Environmental telemetry within statutory parameters.
1716118600,SEC-UG-L2,0.4,14,0.18,1.85,32.7,86.9,81,0,NORMAL: Environmental telemetry within statutory parameters.
1716118720,SEC-CHP,0.45,84,0.89,1.23,30.2,71.1,193,1,WARNING: Elevated Carbon Monoxide (84 ppm) detected. Probable spontaneous heating.
1716118840,SEC-PIT-B,0.05,12,0.35,2.39,25.7,69.5,68,0,NORMAL: Environmental telemetry within statutory parameters.
1716118960,SEC-CHP,0.14,4,0.33,2.57,27.4,76.0,137,0,NORMAL: Environmental telemetry within statutory parameters.
1716119080,SEC-PIT-B,0.06,3,0.15,1.17,24.3,66.3,70,0,NORMAL: Environmental telemetry within statutory parameters.
1716119200,SEC-UG-L2,0.16,9,0.12,1.51,33.9,73.5,37,0,NORMAL: Environmental telemetry within statutory parameters.
1716119320,SEC-WORKSHOP-3,0.1,12,0.14,1.25,30.7,77.6,101,0,NORMAL: Environmental telemetry within statutory parameters.
1716119440,SEC-CRUSHER,0.12,8,0.32,1.43,28.2,85.9,82,0,NORMAL: Environmental telemetry within statutory parameters.
1716119560,SEC-UG-L2,0.22,7,0.18,2.79,26.8,75.1,124,0,NORMAL: Environmental telemetry within statutory parameters.
1716119680,SEC-UG-L1,0.51,19,0.29,2.08,33.3,76.9,48,0,NORMAL: Environmental telemetry within statutory parameters.
1716119800,SEC-CHP,0.11,11,0.33,1.34,30.6,61.5,69,0,NORMAL: Environmental telemetry within statutory parameters.
1716119920,SEC-HAUL-RD,0.11,4,0.37,1.21,29.2,78.2,106,0,NORMAL: Environmental telemetry within statutory parameters.
1716120040,SEC-CHP,0.12,4,0.28,0.96,27.2,67.1,127,0,NORMAL: Environmental telemetry within statutory parameters.
1716120160,SEC-PIT-A,0.09,5,0.38,1.32,27.6,79.5,92,0,NORMAL: Environmental telemetry within statutory parameters.
1716120280,SEC-UG-L3,0.33,19,0.36,1.15,35.3,76.4,104,0,NORMAL: Environmental telemetry within statutory parameters.
1716120400,SEC-PIT-A,0.05,8,0.26,2.66,31.1,74.8,44,0,NORMAL: Environmental telemetry within statutory parameters.
1716120520,SEC-UG-L1,0.17,22,0.31,3.18,24.3,86.0,58,0,NORMAL: Environmental telemetry within statutory parameters.
1716120640,SEC-PIT-B,0.05,9,0.25,3.08,33.3,70.7,84,0,NORMAL: Environmental telemetry within statutory parameters.
1716120760,SEC-WORKSHOP-3,0.08,4,0.17,1.23,34.1,74.0,90,0,NORMAL: Environmental telemetry within statutory parameters.
1716120880,SEC-UG-L1,0.14,14,0.38,2.32,29.2,62.6,78,0,NORMAL: Environmental telemetry within statutory parameters.
1716121000,SEC-UG-L3,2.28,16,0.64,0.73,35.1,74.8,40,1,CRITICAL: Methane concentration (2.28%) exceeded statutory limit (1.25%) in SEC-UG-L3.
1716121120,SEC-PIT-A,0.07,12,0.25,2.86,26.2,77.4,57,0,NORMAL: Environmental telemetry within statutory parameters.
1716121240,SEC-UG-L1,0.54,6,0.34,2.99,28.3,65.0,111,0,NORMAL: Environmental telemetry within statutory parameters.
1716121360,SEC-WORKSHOP-3,0.14,5,0.23,2.75,24.3,61.1,91,0,NORMAL: Environmental telemetry within statutory parameters.
1716121480,SEC-MAGAZINE,0.13,4,0.32,1.55,25.2,79.1,72,0,NORMAL: Environmental telemetry within statutory parameters.
1716121600,SEC-HAUL-RD,0.14,10,0.14,1.17,34.6,86.3,113,0,NORMAL: Environmental telemetry within statutory parameters.
1716121720,SEC-MAGAZINE,0.13,4,0.28,0.96,28.2,66.7,66,0,NORMAL: Environmental telemetry within statutory parameters.
1716121840,SEC-WORKSHOP-3,0.08,8,0.1,3.16,33.3,85.5,96,0,NORMAL: Environmental telemetry within statutory parameters.
1716121960,SEC-HAUL-RD,0.1,8,0.35,2.15,30.1,71.0,124,0,NORMAL: Environmental telemetry within statutory parameters.
1716122080,SEC-MAGAZINE,0.07,5,0.21,1.28,28.9,72.2,115,0,NORMAL: Environmental telemetry within statutory parameters.
1716122200,SEC-PIT-B,0.09,8,0.25,2.26,29.7,82.0,74,0,NORMAL: Environmental telemetry within statutory parameters.
1716122320,SEC-UG-L3,0.4,19,0.33,1.25,27.5,76.4,46,0,NORMAL: Environmental telemetry within statutory parameters.
1716122440,SEC-HAUL-RD,0.11,3,0.24,0.91,28.4,69.8,73,0,NORMAL: Environmental telemetry within statutory parameters.
1716122560,SEC-MAGAZINE,0.32,10,0.25,2.36,34.5,62.8,502,1,ALERT: Airborne respirable dust concentration (502 mg/m³) exceeded DGMS permissible limits.
1716122680,SEC-UG-L1,0.4,5,0.29,1.99,31.4,60.4,108,0,NORMAL: Environmental telemetry within statutory parameters.
1716122800,SEC-CRUSHER,0.12,7,0.08,1.38,34.5,69.3,139,0,NORMAL: Environmental telemetry within statutory parameters.
1716122920,SEC-UG-L1,0.46,14,0.36,1.76,25.6,66.9,54,0,NORMAL: Environmental telemetry within statutory parameters.
1716123040,SEC-UG-L3,0.26,21,0.29,2.97,26.4,84.6,74,0,NORMAL: Environmental telemetry within statutory parameters.
1716123160,SEC-UG-L3,0.05,16,0.19,2.82,33.4,73.7,59,0,NORMAL: Environmental telemetry within statutory parameters.
1716123280,SEC-HAUL-RD,0.11,19,0.14,2.38,31.3,63.2,516,1,ALERT: Airborne respirable dust concentration (516 mg/m³) exceeded DGMS permissible limits.
1716123400,SEC-WORKSHOP-3,0.65,43,0.71,0.21,28.6,75.0,267,1,ALERT: Air velocity dropped to 0.21 m/s (Statutory Minimum: 0.5 m/s).
1716123520,SEC-UG-L3,0.17,6,0.2,2.93,34.9,75.5,60,0,NORMAL: Environmental telemetry within statutory parameters.
1716123640,SEC-WORKSHOP-3,0.1,3,0.22,1.06,24.4,70.9,64,0,NORMAL: Environmental telemetry within statutory parameters.
1716123760,SEC-PIT-B,0.13,6,0.21,1.69,25.6,76.7,129,0,NORMAL: Environmental telemetry within statutory parameters.
1716123880,SEC-PIT-A,0.1,6,0.31,2.54,30.5,86.6,40,0,NORMAL: Environmental telemetry within statutory parameters.
1716124000,SEC-CHP,0.07,5,0.19,1.28,24.6,70.6,117,0,NORMAL: Environmental telemetry within statutory parameters.
1716124120,SEC-UG-L3,0.15,9,0.18,2.53,34.0,61.9,38,0,NORMAL: Environmental telemetry within statutory parameters.
1716124240,SEC-UG-L2,0.19,8,0.12,3.11,25.3,61.8,42,0,NORMAL: Environmental telemetry within statutory parameters.
1716124360,SEC-MAGAZINE,0.11,5,0.3,1.57,25.7,62.9,39,0,NORMAL: Environmental telemetry within statutory parameters.
1716124480,SEC-UG-L2,1.84,27,0.68,0.77,32.8,61.0,97,1,CRITICAL: Methane concentration (1.84%) exceeded statutory limit (1.25%) in SEC-UG-L2.
1716124600,SEC-MAGAZINE,0.38,17,0.18,2.23,34.5,66.7,710,1,ALERT: Airborne respirable dust concentration (710 mg/m³) exceeded DGMS permissible limits.
1716124720,SEC-WORKSHOP-3,0.08,10,0.22,2.96,30.2,70.1,93,0,NORMAL: Environmental telemetry within statutory parameters.
1716124840,SEC-UG-L1,0.41,15,0.38,2.92,32.5,72.1,82,0,NORMAL: Environmental telemetry within statutory parameters.
1716124960,SEC-UG-L3,0.27,20,0.34,3.17,33.7,69.9,51,0,NORMAL: Environmental telemetry within statutory parameters.
1716125080,SEC-CRUSHER,0.09,10,0.21,1.73,27.9,78.6,81,0,NORMAL: Environmental telemetry within statutory parameters.
1716125200,SEC-UG-L1,0.15,9,0.29,2.16,31.6,77.3,128,0,NORMAL: Environmental telemetry within statutory parameters.
1716125320,SEC-WORKSHOP-3,0.12,9,0.19,1.54,25.6,63.0,85,0,NORMAL: Environmental telemetry within statutory parameters.
1716125440,SEC-WORKSHOP-3,0.13,12,0.2,1.28,30.3,64.4,78,0,NORMAL: Environmental telemetry within statutory parameters.
1716125560,SEC-CRUSHER,0.09,10,0.09,1.3,31.7,67.7,107,0,NORMAL: Environmental telemetry within statutory parameters.
1716125680,SEC-HAUL-RD,0.11,12,0.31,1.27,27.6,66.9,87,0,NORMAL: Environmental telemetry within statutory parameters.
1716125800,SEC-UG-L1,0.29,22,0.36,2.27,31.2,61.0,129,0,NORMAL: Environmental telemetry within statutory parameters.
1716125920,SEC-PIT-B,0.05,3,0.36,2.89,33.8,68.8,77,0,NORMAL: Environmental telemetry within statutory parameters.
1716126040,SEC-CHP,0.06,6,0.17,0.96,34.5,76.3,114,0,NORMAL: Environmental telemetry within statutory parameters.
1716126160,SEC-WORKSHOP-3,0.12,7,0.17,2.73,34.4,64.3,55,0,NORMAL: Environmental telemetry within statutory parameters.
1716126280,SEC-CRUSHER,0.14,9,0.13,2.13,32.0,67.9,95,0,NORMAL: Environmental telemetry within statutory parameters.
1716126400,SEC-UG-L2,0.38,7,0.35,1.03,25.6,70.7,40,0,NORMAL: Environmental telemetry within statutory parameters.
1716126520,SEC-CRUSHER,0.12,12,0.29,2.76,30.7,65.1,91,0,NORMAL: Environmental telemetry within statutory parameters.
1716126640,SEC-PIT-A,0.14,12,0.18,1.62,34.2,61.9,45,0,NORMAL: Environmental telemetry within statutory parameters.
1716126760,SEC-UG-L1,0.39,7,0.11,3.04,26.3,77.8,120,0,NORMAL: Environmental telemetry within statutory parameters.
1716126880,SEC-UG-L3,0.52,5,0.19,3.16,24.2,84.9,98,0,NORMAL: Environmental telemetry within statutory parameters.
1716127000,SEC-CRUSHER,0.08,7,0.14,1.47,34.4,60.7,101,0,NORMAL: Environmental telemetry within statutory parameters.
1716127120,SEC-CHP,0.05,6,0.29,1.43,27.9,67.6,90,0,NORMAL: Environmental telemetry within statutory parameters.
1716127240,SEC-WORKSHOP-3,0.08,3,0.12,3.15,24.1,76.1,114,0,NORMAL: Environmental telemetry within statutory parameters.
1716127360,SEC-UG-L3,0.5,15,0.2,2.47,32.0,69.4,69,0,NORMAL: Environmental telemetry within statutory parameters.
1716127480,SEC-MAGAZINE,0.13,9,0.29,1.12,32.3,75.5,79,0,NORMAL: Environmental telemetry within statutory parameters.
1716127600,SEC-WORKSHOP-3,0.05,10,0.36,1.0,34.5,84.1,120,0,NORMAL: Environmental telemetry within statutory parameters.
1716127720,SEC-PIT-B,0.58,58,0.57,0.73,25.8,82.4,66,1,WARNING: Elevated Carbon Monoxide (58 ppm) detected. Probable spontaneous heating.
1716127840,SEC-PIT-B,0.04,3,0.3,1.62,24.8,76.3,114,0,NORMAL: Environmental telemetry within statutory parameters.
1716127960,SEC-WORKSHOP-3,0.08,4,0.26,0.93,26.3,80.9,52,0,NORMAL: Environmental telemetry within statutory parameters.
1716128080,SEC-PIT-B,0.12,4,0.08,2.7,26.4,80.1,64,0,NORMAL: Environmental telemetry within statutory parameters.
1716128200,SEC-CRUSHER,0.1,10,0.33,2.5,31.0,65.2,98,0,NORMAL: Environmental telemetry within statutory parameters.
1716128320,SEC-UG-L3,0.34,4,0.21,2.02,26.0,65.5,45,0,NORMAL: Environmental telemetry within statutory parameters.
1716128440,SEC-UG-L1,0.33,9,0.29,2.49,26.2,83.8,44,0,NORMAL: Environmental telemetry within statutory parameters.
1716128560,SEC-UG-L2,0.36,21,0.17,1.79,27.3,71.9,116,0,NORMAL: Environmental telemetry within statutory parameters.
1716128680,SEC-CHP,0.1,7,0.16,1.19,24.7,69.6,42,0,NORMAL: Environmental telemetry within statutory parameters.
1716128800,SEC-PIT-A,0.13,4,0.28,2.96,24.1,80.8,92,0,NORMAL: Environmental telemetry within statutory parameters.
1716128920,SEC-PIT-B,0.12,8,0.29,2.25,30.5,80.4,43,0,NORMAL: Environmental telemetry within statutory parameters.
1716129040,SEC-CHP,0.12,10,0.19,1.52,27.6,88.0,97,0,NORMAL: Environmental telemetry within statutory parameters.
1716129160,SEC-UG-L2,0.13,14,0.2,2.91,34.6,83.7,76,0,NORMAL: Environmental telemetry within statutory parameters.
1716129280,SEC-CRUSHER,0.14,10,0.13,2.57,28.8,60.7,84,0,NORMAL: Environmental telemetry within statutory parameters.
1716129400,SEC-UG-L1,0.23,7,0.2,0.83,33.4,85.4,136,0,NORMAL: Environmental telemetry within statutory parameters.
1716129520,SEC-UG-L1,0.13,6,0.08,1.93,27.9,60.6,69,0,NORMAL: Environmental telemetry within statutory parameters.
1716129640,SEC-CRUSHER,0.13,11,0.16,1.26,32.3,72.1,112,0,NORMAL: Environmental telemetry within statutory parameters.
1716129760,SEC-UG-L1,0.38,14,0.37,0.96,32.1,77.0,76,0,NORMAL: Environmental telemetry within statutory parameters.
1716129880,SEC-UG-L1,0.52,9,0.2,0.83,31.3,69.5,74,0,NORMAL: Environmental telemetry within statutory parameters.
1716130000,SEC-UG-L3,0.26,6,0.26,2.07,32.3,82.6,78,0,NORMAL: Environmental telemetry within statutory parameters.
1716130120,SEC-UG-L1,0.53,5,0.09,1.69,26.4,69.1,66,0,NORMAL: Environmental telemetry within statutory parameters.
1716130240,SEC-UG-L2,0.5,18,0.32,2.13,33.1,79.6,108,0,NORMAL: Environmental telemetry within statutory parameters.
1716130360,SEC-UG-L1,0.44,21,0.37,1.35,31.0,82.8,110,0,NORMAL: Environmental telemetry within statutory parameters.
1716130480,SEC-UG-L2,0.28,3,0.17,2.91,32.6,77.5,84,0,NORMAL: Environmental telemetry within statutory parameters.
1716130600,SEC-PIT-B,0.09,7,0.1,1.73,33.1,67.7,59,0,NORMAL: Environmental telemetry within statutory parameters.
1716130720,SEC-UG-L1,0.44,18,0.15,2.32,28.1,77.4,76,0,NORMAL: Environmental telemetry within statutory parameters.
1716130840,SEC-MAGAZINE,0.07,8,0.23,1.55,26.3,82.7,103,0,NORMAL: Environmental telemetry within statutory parameters.
1716130960,SEC-UG-L2,0.34,6,0.17,0.95,30.0,74.1,59,0,NORMAL: Environmental telemetry within statutory parameters.
1716131080,SEC-UG-L2,0.26,3,0.17,1.29,24.3,78.2,72,0,NORMAL: Environmental telemetry within statutory parameters.
1716131200,SEC-CRUSHER,0.33,9,0.23,1.76,30.8,81.2,560,1,ALERT: Airborne respirable dust concentration (560 mg/m³) exceeded DGMS permissible limits.
1716131320,SEC-PIT-B,0.09,6,0.29,1.89,30.7,69.0,55,0,NORMAL: Environmental telemetry within statutory parameters.
1716131440,SEC-PIT-A,0.14,11,0.22,1.14,28.3,60.7,127,0,NORMAL: Environmental telemetry within statutory parameters.
1716131560,SEC-CRUSHER,0.08,8,0.26,2.63,27.3,75.8,117,0,NORMAL: Environmental telemetry within statutory parameters.
1716131680,SEC-HAUL-RD,2.01,19,0.55,1.9,25.7,74.6,75,1,CRITICAL: Methane concentration (2.01%) exceeded statutory limit (1.25%) in SEC-HAUL-RD.
1716131800,SEC-UG-L2,0.22,14,0.18,1.79,24.8,71.2,131,0,NORMAL: Environmental telemetry within statutory parameters.
1716131920,SEC-PIT-A,0.11,9,0.29,2.12,33.4,72.6,46,0,NORMAL: Environmental telemetry within statutory parameters.
1716132040,SEC-PIT-B,0.14,6,0.15,2.35,24.3,78.0,106,0,NORMAL: Environmental telemetry within statutory parameters.
1716132160,SEC-UG-L2,0.06,10,0.36,3.09,29.8,69.0,52,0,NORMAL: Environmental telemetry within statutory parameters.
1716132280,SEC-CRUSHER,0.94,41,1.07,0.15,24.5,76.5,107,1,ALERT: Air velocity dropped to 0.15 m/s (Statutory Minimum: 0.5 m/s).
1716132400,SEC-UG-L2,0.29,14,0.29,2.2,29.9,83.2,82,0,NORMAL: Environmental telemetry within statutory parameters.
1716132520,SEC-CRUSHER,0.1,12,0.16,2.14,28.5,83.4,100,0,NORMAL: Environmental telemetry within statutory parameters.
1716132640,SEC-HAUL-RD,0.06,7,0.2,2.36,24.3,76.9,92,0,NORMAL: Environmental telemetry within statutory parameters.
1716132760,SEC-MAGAZINE,0.06,4,0.09,2.73,34.7,65.8,130,0,NORMAL: Environmental telemetry within statutory parameters.
1716132880,SEC-HAUL-RD,0.07,6,0.35,2.76,29.3,78.1,81,0,NORMAL: Environmental telemetry within statutory parameters.
1716133000,SEC-UG-L2,0.49,11,0.15,0.86,26.5,65.1,36,0,NORMAL: Environmental telemetry within statutory parameters.
1716133120,SEC-CHP,0.14,9,0.3,1.9,30.9,64.6,85,0,NORMAL: Environmental telemetry within statutory parameters.
1716133240,SEC-WORKSHOP-3,0.11,6,0.1,1.06,33.8,77.3,35,0,NORMAL: Environmental telemetry within statutory parameters.
1716133360,SEC-PIT-A,0.14,7,0.21,2.55,25.1,70.3,55,0,NORMAL: Environmental telemetry within statutory parameters.
1716133480,SEC-UG-L2,0.42,14,0.1,1.8,27.4,61.0,37,0,NORMAL: Environmental telemetry within statutory parameters.
1716133600,SEC-PIT-B,0.07,6,0.12,2.33,33.1,84.6,122,0,NORMAL: Environmental telemetry within statutory parameters.
1716133720,SEC-WORKSHOP-3,0.05,6,0.22,2.93,30.4,67.6,123,0,NORMAL: Environmental telemetry within statutory parameters.
1716133840,SEC-HAUL-RD,0.12,5,0.14,1.75,24.3,73.9,83,0,NORMAL: Environmental telemetry within statutory parameters.
1716133960,SEC-WORKSHOP-3,0.15,12,0.35,2.38,34.1,79.9,133,0,NORMAL: Environmental telemetry within statutory parameters.
1716134080,SEC-WORKSHOP-3,0.07,7,0.37,1.25,29.2,60.1,123,0,NORMAL: Environmental telemetry within statutory parameters.
1716134200,SEC-PIT-A,0.13,9,0.25,2.49,26.7,83.8,136,0,NORMAL: Environmental telemetry within statutory parameters.
1716134320,SEC-PIT-A,0.05,8,0.22,1.93,28.3,85.3,55,0,NORMAL: Environmental telemetry within statutory parameters.
1716134440,SEC-MAGAZINE,0.08,8,0.2,2.19,29.4,69.7,82,0,NORMAL: Environmental telemetry within statutory parameters.
1716134560,SEC-UG-L3,0.38,18,0.28,1.78,25.0,67.1,90,0,NORMAL: Environmental telemetry within statutory parameters.
1716134680,SEC-UG-L1,0.22,17,0.22,2.09,25.9,61.2,122,0,NORMAL: Environmental telemetry within statutory parameters.
1716134800,SEC-MAGAZINE,0.15,5,0.26,2.1,25.8,82.4,130,0,NORMAL: Environmental telemetry within statutory parameters.
1716134920,SEC-UG-L1,0.44,15,0.1,1.81,35.4,75.2,49,0,NORMAL: Environmental telemetry within statutory parameters.
1716135040,SEC-MAGAZINE,0.04,11,0.28,1.2,31.9,82.1,64,0,NORMAL: Environmental telemetry within statutory parameters.
1716135160,SEC-WORKSHOP-3,0.12,8,0.24,1.75,33.4,66.1,119,0,NORMAL: Environmental telemetry within statutory parameters.
1716135280,SEC-CHP,0.12,4,0.15,2.35,33.6,85.1,54,0,NORMAL: Environmental telemetry within statutory parameters.
1716135400,SEC-UG-L2,0.5,19,0.32,1.99,32.0,68.6,44,0,NORMAL: Environmental telemetry within statutory parameters.
1716135520,SEC-CRUSHER,0.06,4,0.37,1.26,24.4,63.4,37,0,NORMAL: Environmental telemetry within statutory parameters.
1716135640,SEC-UG-L1,0.39,5,0.16,3.08,34.9,78.5,89,0,NORMAL: Environmental telemetry within statutory parameters.
1716135760,SEC-PIT-A,0.07,9,0.19,1.53,30.8,73.4,114,0,NORMAL: Environmental telemetry within statutory parameters.
1716135880,SEC-HAUL-RD,0.11,3,0.23,1.64,32.1,84.1,67,0,NORMAL: Environmental telemetry within statutory parameters.
1716136000,SEC-CRUSHER,0.12,9,0.29,2.29,34.9,79.2,79,0,NORMAL: Environmental telemetry within statutory parameters.
1716136120,SEC-PIT-A,0.15,4,0.22,2.1,26.8,83.3,45,0,NORMAL: Environmental telemetry within statutory parameters.
1716136240,SEC-PIT-B,0.12,6,0.26,1.93,27.6,81.8,76,0,NORMAL: Environmental telemetry within statutory parameters.
1716136360,SEC-WORKSHOP-3,0.09,3,0.29,2.22,33.0,86.2,121,0,NORMAL: Environmental telemetry within statutory parameters.
1716136480,SEC-WORKSHOP-3,0.38,88,0.67,1.7,26.9,63.3,62,1,WARNING: Elevated Carbon Monoxide (88 ppm) detected. Probable spontaneous heating.
1716136600,SEC-MAGAZINE,0.14,7,0.34,0.9,27.8,63.1,111,0,NORMAL: Environmental telemetry within statutory parameters.
1716136720,SEC-UG-L1,0.08,18,0.23,0.81,32.6,78.3,134,0,NORMAL: Environmental telemetry within statutory parameters.
1716136840,SEC-UG-L1,0.06,8,0.15,2.88,33.7,66.4,109,0,NORMAL: Environmental telemetry within statutory parameters.
1716136960,SEC-WORKSHOP-3,0.14,4,0.11,1.13,35.3,76.9,129,0,NORMAL: Environmental telemetry within statutory parameters.
1716137080,SEC-PIT-A,0.08,9,0.09,2.06,28.2,75.2,123,0,NORMAL: Environmental telemetry within statutory parameters.
1716137200,SEC-CRUSHER,0.07,11,0.29,0.96,27.0,86.6,46,0,NORMAL: Environmental telemetry within statutory parameters.
1716137320,SEC-CHP,0.1,6,0.35,2.9,24.3,62.4,50,0,NORMAL: Environmental telemetry within statutory parameters.
1716137440,SEC-UG-L1,0.27,20,0.19,1.43,35.2,78.4,43,0,NORMAL: Environmental telemetry within statutory parameters.
1716137560,SEC-HAUL-RD,0.1,6,0.14,1.52,32.1,60.3,130,0,NORMAL: Environmental telemetry within statutory parameters.
1716137680,SEC-PIT-A,0.04,11,0.28,2.21,27.5,82.7,36,0,NORMAL: Environmental telemetry within statutory parameters.
1716137800,SEC-CHP,0.13,6,0.14,1.94,26.5,64.8,96,0,NORMAL: Environmental telemetry within statutory parameters.
1716137920,SEC-MAGAZINE,0.1,4,0.12,1.1,25.7,81.3,100,0,NORMAL: Environmental telemetry within statutory parameters.
1716138040,SEC-WORKSHOP-3,0.15,12,0.13,2.3,33.7,70.1,87,0,NORMAL: Environmental telemetry within statutory parameters.
1716138160,SEC-UG-L2,0.25,16,0.09,1.57,24.3,78.8,85,0,NORMAL: Environmental telemetry within statutory parameters.
1716138280,SEC-CHP,0.11,6,0.3,1.11,34.9,74.3,113,0,NORMAL: Environmental telemetry within statutory parameters.
1716138400,SEC-CRUSHER,0.12,5,0.15,2.05,32.9,72.1,98,0,NORMAL: Environmental telemetry within statutory parameters.
1716138520,SEC-PIT-A,0.1,5,0.31,0.9,28.5,73.0,70,0,NORMAL: Environmental telemetry within statutory parameters.
1716138640,SEC-CHP,0.1,8,0.36,2.85,29.9,70.8,95,0,NORMAL: Environmental telemetry within statutory parameters.
1716138760,SEC-HAUL-RD,0.14,12,0.26,2.69,29.4,62.5,52,0,NORMAL: Environmental telemetry within statutory parameters.
1716138880,SEC-WORKSHOP-3,0.1,12,0.27,1.4,34.7,84.5,69,0,NORMAL: Environmental telemetry within statutory parameters.
1716139000,SEC-HAUL-RD,0.07,8,0.35,2.16,35.2,65.4,79,0,NORMAL: Environmental telemetry within statutory parameters.
1716139120,SEC-CHP,0.09,7,0.26,2.41,32.8,84.9,59,0,NORMAL: Environmental telemetry within statutory parameters.
1716139240,SEC-UG-L1,0.39,9,0.29,1.67,30.4,65.7,104,0,NORMAL: Environmental telemetry within statutory parameters.
1716139360,SEC-WORKSHOP-3,0.06,7,0.27,1.29,31.3,69.4,136,0,NORMAL: Environmental telemetry within statutory parameters.
1716139480,SEC-WORKSHOP-3,0.08,7,0.36,1.9,25.7,77.0,78,0,NORMAL: Environmental telemetry within statutory parameters.
1716139600,SEC-UG-L3,0.23,20,0.38,0.81,33.3,67.1,59,0,NORMAL: Environmental telemetry within statutory parameters.
1716139720,SEC-WORKSHOP-3,0.15,12,0.33,2.03,26.3,61.4,88,0,NORMAL: Environmental telemetry within statutory parameters.
1716139840,SEC-CRUSHER,0.09,4,0.22,1.73,25.6,63.4,50,0,NORMAL: Environmental telemetry within statutory parameters.
1716139960,SEC-PIT-A,1.54,32,0.57,0.78,34.6,79.2,64,1,CRITICAL: Methane concentration (1.54%) exceeded statutory limit (1.25%) in SEC-PIT-A.
1716140080,SEC-UG-L2,1.26,25,0.79,1.61,28.9,66.5,112,1,CRITICAL: Methane concentration (1.26%) exceeded statutory limit (1.25%) in SEC-UG-L2.
1716140200,SEC-HAUL-RD,0.12,11,0.19,1.37,30.4,68.9,37,0,NORMAL: Environmental telemetry within statutory parameters.
1716140320,SEC-UG-L2,0.53,15,0.14,2.28,25.0,80.7,55,0,NORMAL: Environmental telemetry within statutory parameters.
1716140440,SEC-UG-L3,0.1,10,0.33,1.33,31.0,85.0,93,0,NORMAL: Environmental telemetry within statutory parameters.
1716140560,SEC-UG-L2,0.04,12,0.21,2.87,29.1,66.5,84,0,NORMAL: Environmental telemetry within statutory parameters.
1716140680,SEC-PIT-B,0.09,5,0.3,1.72,32.6,60.6,113,0,NORMAL: Environmental telemetry within statutory parameters.
1716140800,SEC-UG-L3,0.38,16,0.32,2.06,24.2,74.2,76,0,NORMAL: Environmental telemetry within statutory parameters.
1716140920,SEC-CRUSHER,0.11,8,0.12,0.99,31.9,64.7,124,0,NORMAL: Environmental telemetry within statutory parameters.
1716141040,SEC-CRUSHER,0.07,9,0.16,2.52,28.4,84.6,64,0,NORMAL: Environmental telemetry within statutory parameters.
1716141160,SEC-PIT-A,0.1,4,0.22,2.72,30.6,70.1,84,0,NORMAL: Environmental telemetry within statutory parameters.
1716141280,SEC-PIT-A,0.12,9,0.11,1.41,27.1,85.5,64,0,NORMAL: Environmental telemetry within statutory parameters.
1716141400,SEC-UG-L3,0.13,21,0.27,2.24,26.3,61.0,138,0,NORMAL: Environmental telemetry within statutory parameters.
1716141520,SEC-CRUSHER,0.12,4,0.29,1.18,32.0,61.4,113,0,NORMAL: Environmental telemetry within statutory parameters.
1716141640,SEC-PIT-B,0.07,5,0.17,2.86,34.0,65.2,70,0,NORMAL: Environmental telemetry within statutory parameters.
1716141760,SEC-CRUSHER,0.1,6,0.34,2.29,31.5,82.0,108,0,NORMAL: Environmental telemetry within statutory parameters.
1716141880,SEC-UG-L1,0.28,16,0.35,1.37,35.1,76.9,138,0,NORMAL: Environmental telemetry within statutory parameters.
1716142000,SEC-PIT-B,1.53,20,0.57,1.69,32.3,64.3,134,1,CRITICAL: Methane concentration (1.53%) exceeded statutory limit (1.25%) in SEC-PIT-B.
1716142120,SEC-UG-L1,0.04,8,0.31,2.03,29.8,85.1,37,0,NORMAL: Environmental telemetry within statutory parameters.
1716142240,SEC-CRUSHER,0.05,5,0.33,1.38,33.6,76.1,112,0,NORMAL: Environmental telemetry within statutory parameters.
1716142360,SEC-UG-L3,0.27,6,0.29,1.19,32.7,61.9,112,0,NORMAL: Environmental telemetry within statutory parameters.
1716142480,SEC-CRUSHER,0.07,11,0.32,2.43,30.3,80.3,85,0,NORMAL: Environmental telemetry within statutory parameters.
1716142600,SEC-MAGAZINE,0.11,11,0.19,2.25,33.6,71.3,126,0,NORMAL: Environmental telemetry within statutory parameters.
1716142720,SEC-UG-L3,0.25,19,0.34,1.1,26.4,76.8,39,0,NORMAL: Environmental telemetry within statutory parameters.
1716142840,SEC-CHP,0.05,9,0.19,1.52,27.6,65.6,38,0,NORMAL: Environmental telemetry within statutory parameters.
1716142960,SEC-PIT-A,0.13,5,0.21,2.22,32.6,78.2,132,0,NORMAL: Environmental telemetry within statutory parameters.
1716143080,SEC-UG-L3,0.11,10,0.35,1.41,29.4,73.0,86,0,NORMAL: Environmental telemetry within statutory parameters.
1716143200,SEC-UG-L2,0.25,4,0.15,1.15,34.6,68.3,116,0,NORMAL: Environmental telemetry within statutory parameters.
1716143320,SEC-PIT-A,0.14,9,0.1,1.51,29.9,73.4,140,0,NORMAL: Environmental telemetry within statutory parameters.
1716143440,SEC-WORKSHOP-3,0.67,36,0.63,0.28,32.6,75.7,127,1,ALERT: Air velocity dropped to 0.28 m/s (Statutory Minimum: 0.5 m/s).
1716143560,SEC-PIT-A,0.48,75,0.42,1.02,29.3,77.4,206,1,WARNING: Elevated Carbon Monoxide (75 ppm) detected. Probable spontaneous heating.
1716143680,SEC-UG-L3,0.45,21,0.12,1.85,29.0,74.4,97,0,NORMAL: Environmental telemetry within statutory parameters.
1716143800,SEC-MAGAZINE,0.1,4,0.38,1.17,28.3,78.5,140,0,NORMAL: Environmental telemetry within statutory parameters.
1716143920,SEC-WORKSHOP-3,0.11,5,0.12,3.0,31.1,67.7,46,0,NORMAL: Environmental telemetry within statutory parameters.
1716144040,SEC-UG-L2,0.51,24,0.66,0.18,33.2,84.7,196,1,ALERT: Air velocity dropped to 0.18 m/s (Statutory Minimum: 0.5 m/s).
1716144160,SEC-CRUSHER,0.07,6,0.08,0.96,27.1,73.5,39,0,NORMAL: Environmental telemetry within statutory parameters.
1716144280,SEC-PIT-B,0.14,5,0.36,1.98,31.7,82.7,45,0,NORMAL: Environmental telemetry within statutory parameters.
1716144400,SEC-CHP,0.15,10,0.37,1.42,30.3,85.2,106,0,NORMAL: Environmental telemetry within statutory parameters.
1716144520,SEC-CHP,0.08,5,0.28,2.8,30.0,67.8,110,0,NORMAL: Environmental telemetry within statutory parameters.
1716144640,SEC-HAUL-RD,0.07,3,0.21,1.45,27.5,87.2,100,0,NORMAL: Environmental telemetry within statutory parameters.
1716144760,SEC-CRUSHER,1.22,28,0.59,0.08,33.7,66.1,147,1,ALERT: Air velocity dropped to 0.08 m/s (Statutory Minimum: 0.5 m/s).
1716144880,SEC-UG-L2,0.12,6,0.29,2.01,32.5,71.7,87,0,NORMAL: Environmental telemetry within statutory parameters.
1716145000,SEC-CHP,0.07,12,0.22,3.03,32.9,85.9,43,0,NORMAL: Environmental telemetry within statutory parameters.
1716145120,SEC-PIT-A,0.13,5,0.2,3.15,34.8,63.3,77,0,NORMAL: Environmental telemetry within statutory parameters.
1716145240,SEC-UG-L2,0.55,15,0.26,1.77,27.3,77.1,65,0,NORMAL: Environmental telemetry within statutory parameters.
1716145360,SEC-UG-L1,0.34,21,0.19,1.0,24.9,80.6,45,0,NORMAL: Environmental telemetry within statutory parameters.
1716145480,SEC-UG-L1,0.29,5,0.36,2.7,31.5,87.8,124,0,NORMAL: Environmental telemetry within statutory parameters.
1716145600,SEC-PIT-A,0.04,7,0.38,1.68,34.6,79.6,122,0,NORMAL: Environmental telemetry within statutory parameters.
1716145720,SEC-HAUL-RD,0.06,7,0.18,0.89,24.9,61.1,109,0,NORMAL: Environmental telemetry within statutory parameters.
1716145840,SEC-PIT-A,0.06,5,0.35,2.78,25.2,76.6,97,0,NORMAL: Environmental telemetry within statutory parameters.
1716145960,SEC-HAUL-RD,0.05,12,0.17,0.96,33.8,64.4,112,0,NORMAL: Environmental telemetry within statutory parameters.
1716146080,SEC-MAGAZINE,0.11,7,0.09,2.85,25.9,73.2,120,0,NORMAL: Environmental telemetry within statutory parameters.
1716146200,SEC-WORKSHOP-3,0.1,7,0.28,2.76,33.3,66.6,88,0,NORMAL: Environmental telemetry within statutory parameters.
1716146320,SEC-UG-L3,0.15,17,0.12,1.17,24.7,84.5,45,0,NORMAL: Environmental telemetry within statutory parameters.
1716146440,SEC-UG-L1,0.27,7,0.3,1.48,31.9,76.2,77,0,NORMAL: Environmental telemetry within statutory parameters.
1716146560,SEC-WORKSHOP-3,0.05,11,0.3,1.53,26.4,73.3,125,0,NORMAL: Environmental telemetry within statutory parameters.
1716146680,SEC-PIT-A,0.08,8,0.1,0.88,26.9,65.2,137,0,NORMAL: Environmental telemetry within statutory parameters.
1716146800,SEC-WORKSHOP-3,0.15,8,0.21,2.76,35.1,71.8,130,0,NORMAL: Environmental telemetry within statutory parameters.
1716146920,SEC-CHP,0.12,5,0.08,2.68,28.8,73.6,67,0,NORMAL: Environmental telemetry within statutory parameters.
1716147040,SEC-CHP,0.14,6,0.23,1.99,34.4,80.2,70,0,NORMAL: Environmental telemetry within statutory parameters.
1716147160,SEC-CRUSHER,1.91,25,0.7,1.12,25.2,81.6,40,1,CRITICAL: Methane concentration (1.91%) exceeded statutory limit (1.25%) in SEC-CRUSHER.
1716147280,SEC-MAGAZINE,0.06,11,0.16,1.74,35.4,77.1,102,0,NORMAL: Environmental telemetry within statutory parameters.
1716147400,SEC-HAUL-RD,0.12,3,0.22,2.53,27.3,87.9,105,0,NORMAL: Environmental telemetry within statutory parameters.
1716147520,SEC-WORKSHOP-3,0.52,38,1.0,0.23,33.5,71.7,211,1,ALERT: Air velocity dropped to 0.23 m/s (Statutory Minimum: 0.5 m/s).
1716147640,SEC-WORKSHOP-3,0.11,6,0.36,2.8,29.2,68.4,63,0,NORMAL: Environmental telemetry within statutory parameters.
1716147760,SEC-PIT-A,0.11,12,0.16,1.44,26.6,66.2,102,0,NORMAL: Environmental telemetry within statutory parameters.
1716147880,SEC-WORKSHOP-3,0.04,3,0.37,2.73,30.2,85.2,70,0,NORMAL: Environmental telemetry within statutory parameters.
1716148000,SEC-CRUSHER,1.19,41,0.54,0.28,30.1,75.5,144,1,ALERT: Air velocity dropped to 0.28 m/s (Statutory Minimum: 0.5 m/s).
1716148120,SEC-PIT-B,0.14,9,0.25,1.59,31.5,60.4,104,0,NORMAL: Environmental telemetry within statutory parameters.
1716148240,SEC-CRUSHER,0.67,53,0.47,1.71,25.9,68.2,116,1,WARNING: Elevated Carbon Monoxide (53 ppm) detected. Probable spontaneous heating.
1716148360,SEC-UG-L3,0.5,9,0.3,1.67,34.7,68.7,132,0,NORMAL: Environmental telemetry within statutory parameters.
1716148480,SEC-MAGAZINE,0.11,4,0.37,2.9,35.0,61.8,35,0,NORMAL: Environmental telemetry within statutory parameters.
1716148600,SEC-UG-L3,0.1,17,0.18,2.0,30.1,74.3,134,0,NORMAL: Environmental telemetry within statutory parameters.
1716148720,SEC-WORKSHOP-3,0.07,4,0.19,1.02,28.5,65.3,57,0,NORMAL: Environmental telemetry within statutory parameters.
1716148840,SEC-UG-L3,0.5,22,0.32,2.7,35.4,64.5,46,0,NORMAL: Environmental telemetry within statutory parameters.
1716148960,SEC-CHP,0.13,11,0.14,3.18,31.3,60.8,131,0,NORMAL: Environmental telemetry within statutory parameters.
1716149080,SEC-CRUSHER,0.09,11,0.31,1.77,26.2,77.8,56,0,NORMAL: Environmental telemetry within statutory parameters.
1716149200,SEC-HAUL-RD,0.05,6,0.33,3.04,29.7,81.6,134,0,NORMAL: Environmental telemetry within statutory parameters.
1716149320,SEC-CRUSHER,0.08,3,0.09,1.25,28.1,87.7,108,0,NORMAL: Environmental telemetry within statutory parameters.
1716149440,SEC-CHP,0.09,3,0.37,2.87,25.5,62.7,45,0,NORMAL: Environmental telemetry within statutory parameters.
1716149560,SEC-MAGAZINE,0.05,5,0.22,2.13,32.3,69.5,105,0,NORMAL: Environmental telemetry within statutory parameters.
1716149680,SEC-HAUL-RD,0.13,8,0.15,2.09,27.4,84.0,89,0,NORMAL: Environmental telemetry within statutory parameters.
1716149800,SEC-PIT-A,0.11,5,0.29,2.76,27.2,83.8,54,0,NORMAL: Environmental telemetry within statutory parameters.
1716149920,SEC-PIT-B,0.08,10,0.17,1.52,24.3,68.0,37,0,NORMAL: Environmental telemetry within statutory parameters.
1716150040,SEC-UG-L1,0.48,19,0.26,2.84,25.3,87.3,81,0,NORMAL: Environmental telemetry within statutory parameters.
1716150160,SEC-CHP,0.05,12,0.14,2.72,24.6,68.7,64,0,NORMAL: Environmental telemetry within statutory parameters.
1716150280,SEC-MAGAZINE,0.14,4,0.32,2.12,34.0,75.3,108,0,NORMAL: Environmental telemetry within statutory parameters.
1716150400,SEC-MAGAZINE,0.05,9,0.31,0.9,25.1,69.3,88,0,NORMAL: Environmental telemetry within statutory parameters.
1716150520,SEC-PIT-A,0.05,12,0.08,2.94,29.4,70.1,40,0,NORMAL: Environmental telemetry within statutory parameters.
1716150640,SEC-MAGAZINE,0.06,11,0.35,1.39,25.9,78.2,77,0,NORMAL: Environmental telemetry within statutory parameters.
1716150760,SEC-HAUL-RD,0.05,3,0.22,2.55,25.9,86.8,51,0,NORMAL: Environmental telemetry within statutory parameters.
1716150880,SEC-MAGAZINE,0.08,11,0.34,2.18,32.9,65.3,128,0,NORMAL: Environmental telemetry within statutory parameters.
1716151000,SEC-MAGAZINE,0.09,12,0.28,1.26,27.4,63.8,102,0,NORMAL: Environmental telemetry within statutory parameters.
1716151120,SEC-HAUL-RD,0.1,7,0.15,2.85,32.1,67.1,50,0,NORMAL: Environmental telemetry within statutory parameters.
1716151240,SEC-HAUL-RD,0.15,9,0.26,2.59,25.5,65.2,123,0,NORMAL: Environmental telemetry within statutory parameters.
1716151360,SEC-HAUL-RD,0.11,5,0.29,1.35,32.6,80.5,66,0,NORMAL: Environmental telemetry within statutory parameters.
1716151480,SEC-CRUSHER,0.06,4,0.25,2.36,25.3,79.5,126,0,NORMAL: Environmental telemetry within statutory parameters.
1716151600,SEC-CRUSHER,0.06,5,0.12,2.36,34.0,69.1,50,0,NORMAL: Environmental telemetry within statutory parameters.
1716151720,SEC-CRUSHER,0.1,7,0.21,1.28,25.7,70.9,116,0,NORMAL: Environmental telemetry within statutory parameters.
1716151840,SEC-UG-L2,0.48,10,0.23,3.08,24.6,60.1,90,0,NORMAL: Environmental telemetry within statutory parameters.
1716151960,SEC-WORKSHOP-3,0.13,3,0.3,2.06,28.8,84.7,61,0,NORMAL: Environmental telemetry within statutory parameters.
1716152080,SEC-UG-L1,0.13,3,0.22,2.63,30.7,69.7,43,0,NORMAL: Environmental telemetry within statutory parameters.
1716152200,SEC-UG-L2,0.39,11,0.33,3.11,25.8,66.2,69,0,NORMAL: Environmental telemetry within statutory parameters.
1716152320,SEC-UG-L1,0.49,76,0.55,1.73,31.4,64.1,180,1,WARNING: Elevated Carbon Monoxide (76 ppm) detected. Probable spontaneous heating.
1716152440,SEC-UG-L3,0.31,6,0.16,2.38,27.6,71.3,137,0,NORMAL: Environmental telemetry within statutory parameters.
1716152560,SEC-PIT-B,0.14,6,0.35,1.41,32.7,78.7,66,0,NORMAL: Environmental telemetry within statutory parameters.
1716152680,SEC-MAGAZINE,0.1,11,0.36,2.31,24.0,86.8,102,0,NORMAL: Environmental telemetry within statutory parameters.
1716152800,SEC-CHP,0.12,9,0.25,0.8,26.2,80.5,59,0,NORMAL: Environmental telemetry within statutory parameters.
1716152920,SEC-CRUSHER,0.13,12,0.14,1.76,30.5,70.0,112,0,NORMAL: Environmental telemetry within statutory parameters.
1716153040,SEC-CRUSHER,0.06,6,0.18,2.86,29.4,66.8,80,0,NORMAL: Environmental telemetry within statutory parameters.
1716153160,SEC-CHP,0.09,11,0.08,0.98,34.3,66.5,107,0,NORMAL: Environmental telemetry within statutory parameters.
1716153280,SEC-PIT-A,0.09,4,0.11,3.18,29.1,63.8,105,0,NORMAL: Environmental telemetry within statutory parameters.
1716153400,SEC-UG-L2,0.09,11,0.08,2.21,35.4,78.0,50,0,NORMAL: Environmental telemetry within statutory parameters.
1716153520,SEC-WORKSHOP-3,0.05,6,0.26,1.02,33.1,75.0,67,0,NORMAL: Environmental telemetry within statutory parameters.
1716153640,SEC-UG-L2,0.99,41,1.11,0.22,29.6,87.8,305,1,ALERT: Air velocity dropped to 0.22 m/s (Statutory Minimum: 0.5 m/s).
1716153760,SEC-CRUSHER,0.05,11,0.25,3.02,24.0,79.5,70,0,NORMAL: Environmental telemetry within statutory parameters.
1716153880,SEC-CHP,0.1,5,0.09,1.03,30.6,78.7,115,0,NORMAL: Environmental telemetry within statutory parameters.
1716154000,SEC-UG-L2,0.12,4,0.3,1.27,26.3,68.3,61,0,NORMAL: Environmental telemetry within statutory parameters.
1716154120,SEC-PIT-A,0.06,5,0.09,2.54,26.3,77.6,127,0,NORMAL: Environmental telemetry within statutory parameters.
1716154240,SEC-UG-L3,0.26,5,0.33,1.18,24.1,70.5,83,0,NORMAL: Environmental telemetry within statutory parameters.
1716154360,SEC-MAGAZINE,0.13,9,0.11,2.63,24.8,71.6,62,0,NORMAL: Environmental telemetry within statutory parameters.
1716154480,SEC-CRUSHER,0.13,7,0.29,2.51,30.1,85.2,121,0,NORMAL: Environmental telemetry within statutory parameters.
1716154600,SEC-HAUL-RD,0.14,8,0.35,1.18,30.1,75.9,111,0,NORMAL: Environmental telemetry within statutory parameters.
1716154720,SEC-WORKSHOP-3,0.11,10,0.16,1.42,34.7,82.4,62,0,NORMAL: Environmental telemetry within statutory parameters.
1716154840,SEC-PIT-A,0.07,11,0.22,1.02,25.3,79.4,109,0,NORMAL: Environmental telemetry within statutory parameters.
1716154960,SEC-PIT-A,0.12,4,0.25,1.75,30.7,80.7,118,0,NORMAL: Environmental telemetry within statutory parameters.
1716155080,SEC-UG-L1,0.42,66,0.96,0.81,29.8,77.0,62,1,WARNING: Elevated Carbon Monoxide (66 ppm) detected. Probable spontaneous heating.
1716155200,SEC-PIT-B,0.1,8,0.24,1.02,27.8,63.8,68,0,NORMAL: Environmental telemetry within statutory parameters.
1716155320,SEC-UG-L1,0.36,11,0.14,2.58,31.3,74.5,837,1,ALERT: Airborne respirable dust concentration (837 mg/m³) exceeded DGMS permissible limits.
1716155440,SEC-HAUL-RD,0.09,11,0.1,2.62,25.9,67.7,93,0,NORMAL: Environmental telemetry within statutory parameters.
1716155560,SEC-CHP,2.07,15,0.73,1.61,27.7,81.2,61,1,CRITICAL: Methane concentration (2.07%) exceeded statutory limit (1.25%) in SEC-CHP.
1716155680,SEC-HAUL-RD,0.12,10,0.37,1.04,34.3,78.1,135,0,NORMAL: Environmental telemetry within statutory parameters.
1716155800,SEC-PIT-A,0.12,12,0.09,1.16,27.6,78.8,80,0,NORMAL: Environmental telemetry within statutory parameters.
1716155920,SEC-MAGAZINE,0.12,7,0.13,2.11,30.9,76.1,53,0,NORMAL: Environmental telemetry within statutory parameters.
1716156040,SEC-WORKSHOP-3,0.1,4,0.13,2.78,29.8,82.1,71,0,NORMAL: Environmental telemetry within statutory parameters.
1716156160,SEC-CHP,0.04,9,0.22,0.91,24.0,67.3,41,0,NORMAL: Environmental telemetry within statutory parameters.
1716156280,SEC-UG-L2,0.36,5,0.19,2.04,25.7,70.6,102,0,NORMAL: Environmental telemetry within statutory parameters.
1716156400,SEC-PIT-B,0.06,7,0.23,3.18,31.6,70.3,82,0,NORMAL: Environmental telemetry within statutory parameters.
1716156520,SEC-UG-L1,0.23,4,0.25,0.89,24.6,65.8,95,0,NORMAL: Environmental telemetry within statutory parameters.
1716156640,SEC-CRUSHER,0.11,10,0.27,2.69,32.9,81.8,37,0,NORMAL: Environmental telemetry within statutory parameters.
1716156760,SEC-MAGAZINE,0.05,7,0.32,3.03,26.9,74.8,85,0,NORMAL: Environmental telemetry within statutory parameters.
1716156880,SEC-MAGAZINE,0.12,7,0.27,1.42,26.0,86.6,117,0,NORMAL: Environmental telemetry within statutory parameters.
1716157000,SEC-WORKSHOP-3,0.07,6,0.19,2.63,31.4,71.2,102,0,NORMAL: Environmental telemetry within statutory parameters.
1716157120,SEC-UG-L2,0.07,15,0.27,1.51,30.0,78.1,56,0,NORMAL: Environmental telemetry within statutory parameters.
1716157240,SEC-UG-L3,0.12,10,0.34,2.62,28.2,80.3,51,0,NORMAL: Environmental telemetry within statutory parameters.
1716157360,SEC-MAGAZINE,0.05,7,0.1,2.9,28.5,86.5,140,0,NORMAL: Environmental telemetry within statutory parameters.
1716157480,SEC-CRUSHER,0.14,8,0.31,2.88,26.1,82.1,40,0,NORMAL: Environmental telemetry within statutory parameters.
1716157600,SEC-CHP,0.12,7,0.14,2.88,24.3,62.4,128,0,NORMAL: Environmental telemetry within statutory parameters.
1716157720,SEC-CRUSHER,0.13,7,0.23,3.1,29.8,85.7,102,0,NORMAL: Environmental telemetry within statutory parameters.
1716157840,SEC-UG-L2,0.23,20,0.29,2.04,27.8,87.2,70,0,NORMAL: Environmental telemetry within statutory parameters.
1716157960,SEC-WORKSHOP-3,0.12,8,0.09,2.45,35.4,68.2,42,0,NORMAL: Environmental telemetry within statutory parameters.
1716158080,SEC-UG-L2,0.15,14,0.14,2.06,27.6,79.8,110,0,NORMAL: Environmental telemetry within statutory parameters.
1716158200,SEC-CRUSHER,0.13,4,0.11,2.51,30.1,80.2,93,0,NORMAL: Environmental telemetry within statutory parameters.
1716158320,SEC-PIT-B,0.11,6,0.15,1.02,26.3,66.1,121,0,NORMAL: Environmental telemetry within statutory parameters.
1716158440,SEC-CRUSHER,0.15,3,0.34,2.85,24.9,62.3,127,0,NORMAL: Environmental telemetry within statutory parameters.
1716158560,SEC-HAUL-RD,0.09,8,0.38,1.03,33.9,81.8,99,0,NORMAL: Environmental telemetry within statutory parameters.
1716158680,SEC-MAGAZINE,0.04,5,0.14,0.86,24.3,63.0,138,0,NORMAL: Environmental telemetry within statutory parameters.
1716158800,SEC-CRUSHER,0.05,12,0.24,0.83,28.3,73.2,123,0,NORMAL: Environmental telemetry within statutory parameters.
1716158920,SEC-WORKSHOP-3,0.07,12,0.12,2.54,34.5,84.7,88,0,NORMAL: Environmental telemetry within statutory parameters.
1716159040,SEC-UG-L2,0.35,14,0.12,0.94,30.9,82.6,74,0,NORMAL: Environmental telemetry within statutory parameters.
1716159160,SEC-MAGAZINE,0.1,4,0.24,1.34,30.1,69.6,85,0,NORMAL: Environmental telemetry within statutory parameters.
1716159280,SEC-PIT-A,0.12,9,0.14,2.76,34.8,77.0,55,0,NORMAL: Environmental telemetry within statutory parameters.
1716159400,SEC-MAGAZINE,0.07,7,0.18,1.8,26.9,61.0,46,0,NORMAL: Environmental telemetry within statutory parameters.
1716159520,SEC-UG-L3,0.31,4,0.33,2.31,33.1,66.7,134,0,NORMAL: Environmental telemetry within statutory parameters.
1716159640,SEC-CRUSHER,0.15,3,0.24,1.03,25.5,81.8,130,0,NORMAL: Environmental telemetry within statutory parameters.
1716159760,SEC-PIT-A,0.14,3,0.24,1.29,28.6,77.0,84,0,NORMAL: Environmental telemetry within statutory parameters.
1716159880,SEC-PIT-A,0.12,4,0.18,2.59,35.0,81.5,47,0,NORMAL: Environmental telemetry within statutory parameters.
1716160000,SEC-UG-L3,0.22,16,0.23,1.24,25.3,77.5,108,0,NORMAL: Environmental telemetry within statutory parameters.
1716160120,SEC-WORKSHOP-3,0.1,5,0.27,3.16,27.3,87.0,68,0,NORMAL: Environmental telemetry within statutory parameters.
1716160240,SEC-PIT-B,0.14,3,0.32,3.16,26.2,68.4,134,0,NORMAL: Environmental telemetry within statutory parameters.
1716160360,SEC-WORKSHOP-3,0.14,11,0.12,0.91,31.4,77.2,64,0,NORMAL: Environmental telemetry within statutory parameters.
1716160480,SEC-PIT-B,0.91,42,0.51,0.24,28.2,75.8,219,1,ALERT: Air velocity dropped to 0.24 m/s (Statutory Minimum: 0.5 m/s).
1716160600,SEC-PIT-B,0.07,5,0.36,2.52,35.4,76.3,92,0,NORMAL: Environmental telemetry within statutory parameters.
1716160720,SEC-UG-L1,0.34,21,0.27,2.3,31.2,82.6,133,0,NORMAL: Environmental telemetry within statutory parameters.
1716160840,SEC-UG-L3,0.37,22,0.3,2.42,35.3,72.8,132,0,NORMAL: Environmental telemetry within statutory parameters.
1716160960,SEC-MAGAZINE,0.1,8,0.25,2.33,26.9,69.2,107,0,NORMAL: Environmental telemetry within statutory parameters.
1716161080,SEC-PIT-B,0.12,7,0.25,2.7,35.0,84.9,59,0,NORMAL: Environmental telemetry within statutory parameters.
1716161200,SEC-PIT-B,0.13,6,0.17,1.14,28.6,75.7,90,0,NORMAL: Environmental telemetry within statutory parameters.
1716161320,SEC-PIT-A,0.12,11,0.22,1.76,29.3,71.7,50,0,NORMAL: Environmental telemetry within statutory parameters.
1716161440,SEC-PIT-A,0.06,6,0.17,3.06,26.6,77.0,127,0,NORMAL: Environmental telemetry within statutory parameters.
1716161560,SEC-CHP,0.11,8,0.28,2.96,25.6,85.1,101,0,NORMAL: Environmental telemetry within statutory parameters.
1716161680,SEC-PIT-A,0.15,3,0.35,3.1,25.4,64.0,119,0,NORMAL: Environmental telemetry within statutory parameters.
1716161800,SEC-HAUL-RD,0.08,11,0.32,2.68,30.8,70.0,86,0,NORMAL: Environmental telemetry within statutory parameters.
1716161920,SEC-UG-L1,0.18,20,0.19,1.71,31.2,85.9,87,0,NORMAL: Environmental telemetry within statutory parameters.
1716162040,SEC-UG-L2,0.34,8,0.3,2.37,32.8,82.6,554,1,ALERT: Airborne respirable dust concentration (554 mg/m³) exceeded DGMS permissible limits.
1716162160,SEC-CHP,0.15,4,0.16,1.26,28.6,64.2,69,0,NORMAL: Environmental telemetry within statutory parameters.
1716162280,SEC-HAUL-RD,0.07,11,0.16,2.96,33.6,64.6,38,0,NORMAL: Environmental telemetry within statutory parameters.
1716162400,SEC-UG-L2,0.28,17,0.12,1.11,29.8,62.1,678,1,ALERT: Airborne respirable dust concentration (678 mg/m³) exceeded DGMS permissible limits.
1716162520,SEC-UG-L2,0.21,3,0.09,0.96,24.6,78.2,102,0,NORMAL: Environmental telemetry within statutory parameters.
1716162640,SEC-PIT-B,0.11,8,0.1,1.78,33.9,74.6,57,0,NORMAL: Environmental telemetry within statutory parameters.
1716162760,SEC-HAUL-RD,0.11,5,0.1,1.68,27.2,60.5,116,0,NORMAL: Environmental telemetry within statutory parameters.
1716162880,SEC-WORKSHOP-3,0.11,9,0.13,2.51,34.2,80.3,92,0,NORMAL: Environmental telemetry within statutory parameters.
1716163000,SEC-CRUSHER,0.11,8,0.09,2.72,34.0,80.3,130,0,NORMAL: Environmental telemetry within statutory parameters.
1716163120,SEC-WORKSHOP-3,0.14,5,0.25,3.04,32.8,67.4,43,0,NORMAL: Environmental telemetry within statutory parameters.
1716163240,SEC-CRUSHER,0.11,7,0.1,1.27,29.2,62.5,60,0,NORMAL: Environmental telemetry within statutory parameters.
1716163360,SEC-UG-L1,0.2,8,0.14,3.0,25.3,75.3,86,0,NORMAL: Environmental telemetry within statutory parameters.
1716163480,SEC-PIT-B,0.06,5,0.28,0.99,24.0,63.2,55,0,NORMAL: Environmental telemetry within statutory parameters.
1716163600,SEC-CRUSHER,0.1,8,0.12,1.99,35.2,70.5,108,0,NORMAL: Environmental telemetry within statutory parameters.
1716163720,SEC-UG-L2,0.08,20,0.17,1.44,32.3,64.7,41,0,NORMAL: Environmental telemetry within statutory parameters.
1716163840,SEC-HAUL-RD,0.06,9,0.17,0.9,25.1,67.7,139,0,NORMAL: Environmental telemetry within statutory parameters.
1716163960,SEC-PIT-A,0.06,7,0.33,1.76,25.2,64.0,103,0,NORMAL: Environmental telemetry within statutory parameters.
1716164080,SEC-WORKSHOP-3,0.09,11,0.13,1.25,33.6,77.9,36,0,NORMAL: Environmental telemetry within statutory parameters.
1716164200,SEC-WORKSHOP-3,0.1,5,0.11,1.26,34.7,71.8,101,0,NORMAL: Environmental telemetry within statutory parameters.
1716164320,SEC-HAUL-RD,0.12,10,0.32,2.45,26.7,71.9,91,0,NORMAL: Environmental telemetry within statutory parameters.
1716164440,SEC-UG-L2,0.32,6,0.33,1.23,35.5,71.4,122,0,NORMAL: Environmental telemetry within statutory parameters.
1716164560,SEC-CHP,0.12,3,0.23,2.49,32.3,72.0,104,0,NORMAL: Environmental telemetry within statutory parameters.
1716164680,SEC-PIT-B,0.12,9,0.34,1.99,30.0,82.6,86,0,NORMAL: Environmental telemetry within statutory parameters.
1716164800,SEC-PIT-A,0.04,11,0.12,2.38,26.1,77.6,56,0,NORMAL: Environmental telemetry within statutory parameters.
1716164920,SEC-CHP,0.05,9,0.28,2.38,32.9,75.1,36,0,NORMAL: Environmental telemetry within statutory parameters.
1716165040,SEC-WORKSHOP-3,0.12,9,0.25,2.56,31.5,86.2,101,0,NORMAL: Environmental telemetry within statutory parameters.
1716165160,SEC-PIT-B,0.06,12,0.2,1.9,35.0,75.6,111,0,NORMAL: Environmental telemetry within statutory parameters.
1716165280,SEC-MAGAZINE,0.07,9,0.27,2.1,30.3,60.5,135,0,NORMAL: Environmental telemetry within statutory parameters.
1716165400,SEC-UG-L1,0.51,13,0.32,3.08,32.4,78.5,123,0,NORMAL: Environmental telemetry within statutory parameters.
1716165520,SEC-MAGAZINE,0.12,7,0.23,1.5,27.4,77.0,51,0,NORMAL: Environmental telemetry within statutory parameters.
1716165640,SEC-HAUL-RD,0.11,4,0.17,1.88,29.8,86.9,104,0,NORMAL: Environmental telemetry within statutory parameters.
1716165760,SEC-PIT-A,0.09,8,0.36,1.36,28.6,70.9,104,0,NORMAL: Environmental telemetry within statutory parameters.
1716165880,SEC-UG-L2,0.54,8,0.09,2.28,28.4,62.2,70,0,NORMAL: Environmental telemetry within statutory parameters.
1716166000,SEC-HAUL-RD,0.25,20,0.22,1.3,30.6,72.2,799,1,ALERT: Airborne respirable dust concentration (799 mg/m³) exceeded DGMS permissible limits.
1716166120,SEC-WORKSHOP-3,0.06,5,0.18,2.18,35.4,61.1,98,0,NORMAL: Environmental telemetry within statutory parameters.
1716166240,SEC-MAGAZINE,0.1,9,0.27,2.44,26.7,61.5,136,0,NORMAL: Environmental telemetry within statutory parameters.
1716166360,SEC-UG-L3,0.38,14,0.31,1.74,31.1,79.2,128,0,NORMAL: Environmental telemetry within statutory parameters.
1716166480,SEC-HAUL-RD,1.43,32,0.39,1.65,27.1,65.1,135,1,CRITICAL: Methane concentration (1.43%) exceeded statutory limit (1.25%) in SEC-HAUL-RD.
1716166600,SEC-MAGAZINE,0.11,6,0.12,2.78,27.4,77.9,113,0,NORMAL: Environmental telemetry within statutory parameters.
1716166720,SEC-UG-L1,0.42,11,0.32,2.79,34.0,65.4,63,0,NORMAL: Environmental telemetry within statutory parameters.
1716166840,SEC-HAUL-RD,0.08,5,0.16,2.44,26.1,81.3,76,0,NORMAL: Environmental telemetry within statutory parameters.
1716166960,SEC-WORKSHOP-3,0.14,9,0.13,2.18,34.9,66.2,86,0,NORMAL: Environmental telemetry within statutory parameters.
1716167080,SEC-UG-L2,0.35,14,0.11,2.87,25.2,79.9,99,0,NORMAL: Environmental telemetry within statutory parameters.
1716167200,SEC-CHP,0.14,10,0.24,3.1,27.7,77.1,106,0,NORMAL: Environmental telemetry within statutory parameters.
1716167320,SEC-WORKSHOP-3,0.07,7,0.15,1.27,31.2,84.6,115,0,NORMAL: Environmental telemetry within statutory parameters.
1716167440,SEC-MAGAZINE,0.05,4,0.35,2.24,24.5,74.6,56,0,NORMAL: Environmental telemetry within statutory parameters.
1716167560,SEC-CHP,0.07,3,0.11,1.67,27.5,69.1,85,0,NORMAL: Environmental telemetry within statutory parameters.
1716167680,SEC-WORKSHOP-3,0.13,6,0.11,2.55,31.1,66.0,81,0,NORMAL: Environmental telemetry within statutory parameters.
1716167800,SEC-CRUSHER,0.13,11,0.11,2.72,33.8,61.3,92,0,NORMAL: Environmental telemetry within statutory parameters.
1716167920,SEC-HAUL-RD,0.13,4,0.17,2.65,24.4,69.9,46,0,NORMAL: Environmental telemetry within statutory parameters.
1716168040,SEC-WORKSHOP-3,0.1,4,0.29,2.06,24.7,80.5,106,0,NORMAL: Environmental telemetry within statutory parameters.
1716168160,SEC-UG-L1,0.04,14,0.12,2.83,30.4,81.5,102,0,NORMAL: Environmental telemetry within statutory parameters.
1716168280,SEC-CRUSHER,0.06,8,0.25,2.99,28.9,61.6,134,0,NORMAL: Environmental telemetry within statutory parameters.
1716168400,SEC-CHP,0.1,9,0.32,1.88,27.2,84.2,91,0,NORMAL: Environmental telemetry within statutory parameters.
1716168520,SEC-UG-L1,0.21,13,0.37,2.94,30.2,69.5,70,0,NORMAL: Environmental telemetry within statutory parameters.
1716168640,SEC-HAUL-RD,0.08,8,0.32,2.82,26.0,63.6,71,0,NORMAL: Environmental telemetry within statutory parameters.
1716168760,SEC-HAUL-RD,0.15,9,0.38,0.86,34.1,61.2,35,0,NORMAL: Environmental telemetry within statutory parameters.
1716168880,SEC-UG-L3,0.16,10,0.1,1.37,34.1,84.7,117,0,NORMAL: Environmental telemetry within statutory parameters.
1716169000,SEC-PIT-B,0.14,4,0.14,1.58,24.4,65.7,96,0,NORMAL: Environmental telemetry within statutory parameters.
1716169120,SEC-CRUSHER,0.06,4,0.17,1.48,30.0,70.7,101,0,NORMAL: Environmental telemetry within statutory parameters.
1716169240,SEC-HAUL-RD,0.12,5,0.23,2.84,28.9,85.2,63,0,NORMAL: Environmental telemetry within statutory parameters.
1716169360,SEC-WORKSHOP-3,0.07,9,0.12,0.82,33.7,87.6,81,0,NORMAL: Environmental telemetry within statutory parameters.
1716169480,SEC-UG-L1,0.19,5,0.24,2.73,32.1,82.6,57,0,NORMAL: Environmental telemetry within statutory parameters.
1716169600,SEC-PIT-B,0.06,4,0.12,2.26,24.1,68.5,117,0,NORMAL: Environmental telemetry within statutory parameters.
1716169720,SEC-PIT-B,2.18,31,0.42,0.97,26.3,75.5,80,1,CRITICAL: Methane concentration (2.18%) exceeded statutory limit (1.25%) in SEC-PIT-B.
1716169840,SEC-CHP,0.56,77,0.76,0.61,26.0,65.1,166,1,WARNING: Elevated Carbon Monoxide (77 ppm) detected. Probable spontaneous heating.
1716169960,SEC-CHP,0.08,8,0.25,1.44,28.4,84.2,52,0,NORMAL: Environmental telemetry within statutory parameters.
1716170080,SEC-PIT-A,0.11,11,0.33,2.85,29.2,85.2,129,0,NORMAL: Environmental telemetry within statutory parameters.
1716170200,SEC-MAGAZINE,0.05,3,0.24,1.24,35.0,78.1,91,0,NORMAL: Environmental telemetry within statutory parameters.
1716170320,SEC-UG-L1,0.22,65,1.05,1.35,35.0,85.9,97,1,WARNING: Elevated Carbon Monoxide (65 ppm) detected. Probable spontaneous heating.
1716170440,SEC-CHP,0.06,12,0.35,1.31,34.1,86.7,87,0,NORMAL: Environmental telemetry within statutory parameters.
1716170560,SEC-CRUSHER,0.11,12,0.1,1.53,30.3,66.6,105,0,NORMAL: Environmental telemetry within statutory parameters.
1716170680,SEC-UG-L1,0.23,10,0.32,2.85,26.3,75.6,104,0,NORMAL: Environmental telemetry within statutory parameters.
1716170800,SEC-UG-L3,0.1,17,0.3,2.92,25.9,71.0,63,0,NORMAL: Environmental telemetry within statutory parameters.
1716170920,SEC-UG-L2,0.33,11,0.34,2.19,29.7,80.0,134,0,NORMAL: Environmental telemetry within statutory parameters.
1716171040,SEC-PIT-B,0.09,12,0.21,1.25,29.1,64.5,57,0,NORMAL: Environmental telemetry within statutory parameters.
1716171160,SEC-CHP,0.14,10,0.31,2.99,25.3,73.7,127,0,NORMAL: Environmental telemetry within statutory parameters.
1716171280,SEC-CHP,0.14,11,0.15,1.16,31.8,87.2,138,0,NORMAL: Environmental telemetry within statutory parameters.
1716171400,SEC-UG-L1,0.24,4,0.24,1.22,27.1,75.5,40,0,NORMAL: Environmental telemetry within statutory parameters.
1716171520,SEC-HAUL-RD,0.12,10,0.24,2.01,29.0,79.1,107,0,NORMAL: Environmental telemetry within statutory parameters.
1716171640,SEC-CHP,0.08,6,0.27,1.75,33.2,85.8,42,0,NORMAL: Environmental telemetry within statutory parameters.
1716171760,SEC-PIT-A,0.07,7,0.15,1.73,33.4,83.9,45,0,NORMAL: Environmental telemetry within statutory parameters.
1716171880,SEC-HAUL-RD,0.09,8,0.33,1.19,34.0,76.0,61,0,NORMAL: Environmental telemetry within statutory parameters.
1716172000,SEC-PIT-B,0.49,62,0.95,1.45,32.6,78.6,200,1,WARNING: Elevated Carbon Monoxide (62 ppm) detected. Probable spontaneous heating.
1716172120,SEC-PIT-B,0.09,11,0.14,2.27,34.5,76.1,60,0,NORMAL: Environmental telemetry within statutory parameters.
1716172240,SEC-WORKSHOP-3,0.12,10,0.11,3.12,28.6,77.7,53,0,NORMAL: Environmental telemetry within statutory parameters.
1716172360,SEC-UG-L1,0.12,17,0.2,2.61,24.6,77.0,52,0,NORMAL: Environmental telemetry within statutory parameters.
1716172480,SEC-PIT-B,0.08,4,0.12,1.23,31.1,60.9,50,0,NORMAL: Environmental telemetry within statutory parameters.
1716172600,SEC-UG-L1,0.38,19,0.31,3.04,34.6,80.9,60,0,NORMAL: Environmental telemetry within statutory parameters.
1716172720,SEC-UG-L2,0.36,73,0.55,0.52,29.2,84.6,95,1,WARNING: Elevated Carbon Monoxide (73 ppm) detected. Probable spontaneous heating.
1716172840,SEC-UG-L3,0.09,12,0.13,1.02,33.1,79.1,37,0,NORMAL: Environmental telemetry within statutory parameters.
1716172960,SEC-MAGAZINE,0.08,3,0.25,1.58,25.7,68.0,52,0,NORMAL: Environmental telemetry within statutory parameters.
1716173080,SEC-UG-L1,0.52,75,1.1,0.95,33.7,61.8,147,1,WARNING: Elevated Carbon Monoxide (75 ppm) detected. Probable spontaneous heating.
1716173200,SEC-PIT-A,0.06,12,0.26,1.11,30.7,83.1,123,0,NORMAL: Environmental telemetry within statutory parameters.
1716173320,SEC-PIT-B,0.09,5,0.16,1.82,30.3,75.1,80,0,NORMAL: Environmental telemetry within statutory parameters.
1716173440,SEC-CRUSHER,0.14,6,0.33,1.42,34.2,81.8,44,0,NORMAL: Environmental telemetry within statutory parameters.
1716173560,SEC-PIT-A,0.09,3,0.21,1.67,29.5,75.6,55,0,NORMAL: Environmental telemetry within statutory parameters.
1716173680,SEC-UG-L3,1.72,17,0.52,1.81,28.7,63.6,45,1,CRITICAL: Methane concentration (1.72%) exceeded statutory limit (1.25%) in SEC-UG-L3.
1716173800,SEC-UG-L3,0.52,6,0.18,1.43,33.5,79.2,55,0,NORMAL: Environmental telemetry within statutory parameters.
1716173920,SEC-PIT-A,0.12,7,0.09,0.94,31.1,85.4,37,0,NORMAL: Environmental telemetry within statutory parameters.
1716174040,SEC-CRUSHER,0.1,10,0.19,2.94,31.2,70.4,74,0,NORMAL: Environmental telemetry within statutory parameters.
1716174160,SEC-HAUL-RD,0.15,8,0.17,2.82,26.9,83.6,66,0,NORMAL: Environmental telemetry within statutory parameters.
1716174280,SEC-UG-L1,0.17,16,0.08,0.91,32.8,82.3,42,0,NORMAL: Environmental telemetry within statutory parameters.
1716174400,SEC-MAGAZINE,0.06,9,0.25,1.04,27.2,86.4,86,0,NORMAL: Environmental telemetry within statutory parameters.
1716174520,SEC-WORKSHOP-3,0.1,11,0.08,1.03,31.7,72.5,128,0,NORMAL: Environmental telemetry within statutory parameters.
1716174640,SEC-UG-L1,0.48,6,0.37,2.49,25.0,74.2,94,0,NORMAL: Environmental telemetry within statutory parameters.
1716174760,SEC-CRUSHER,0.07,10,0.29,1.6,33.3,68.1,41,0,NORMAL: Environmental telemetry within statutory parameters.
1716174880,SEC-MAGAZINE,0.09,6,0.32,1.22,26.3,60.5,125,0,NORMAL: Environmental telemetry within statutory parameters.
1716175000,SEC-CRUSHER,0.1,11,0.28,1.87,28.9,67.1,125,0,NORMAL: Environmental telemetry within statutory parameters.
1716175120,SEC-PIT-A,0.1,8,0.14,2.41,26.3,71.3,134,0,NORMAL: Environmental telemetry within statutory parameters.
1716175240,SEC-WORKSHOP-3,0.13,9,0.21,1.16,30.7,74.7,80,0,NORMAL: Environmental telemetry within statutory parameters.
1716175360,SEC-UG-L1,0.28,4,0.1,1.44,28.9,68.7,88,0,NORMAL: Environmental telemetry within statutory parameters.
1716175480,SEC-CHP,0.04,4,0.32,0.92,29.6,73.1,110,0,NORMAL: Environmental telemetry within statutory parameters.
1716175600,SEC-UG-L3,1.03,37,1.11,0.18,32.2,81.2,300,1,ALERT: Air velocity dropped to 0.18 m/s (Statutory Minimum: 0.5 m/s).
1716175720,SEC-UG-L3,0.2,5,0.17,1.21,31.0,74.1,67,0,NORMAL: Environmental telemetry within statutory parameters.
1716175840,SEC-HAUL-RD,0.13,10,0.36,1.75,30.1,73.8,112,0,NORMAL: Environmental telemetry within statutory parameters.
1716175960,SEC-UG-L2,0.14,21,0.21,1.09,28.4,75.6,88,0,NORMAL: Environmental telemetry within statutory parameters.
1716176080,SEC-UG-L3,0.5,6,0.12,1.96,29.6,76.0,41,0,NORMAL: Environmental telemetry within statutory parameters.
1716176200,SEC-UG-L2,0.13,13,0.21,1.31,35.1,78.8,123,0,NORMAL: Environmental telemetry within statutory parameters.
1716176320,SEC-HAUL-RD,0.1,4,0.38,1.87,24.8,83.0,36,0,NORMAL: Environmental telemetry within statutory parameters.
1716176440,SEC-UG-L3,0.26,7,0.09,1.92,29.3,85.3,100,0,NORMAL: Environmental telemetry within statutory parameters.
1716176560,SEC-UG-L1,0.25,8,0.28,2.38,33.2,77.6,115,0,NORMAL: Environmental telemetry within statutory parameters.
1716176680,SEC-PIT-B,0.14,11,0.36,2.72,28.2,79.7,65,0,NORMAL: Environmental telemetry within statutory parameters.
1716176800,SEC-HAUL-RD,0.11,12,0.21,1.15,25.0,72.4,49,0,NORMAL: Environmental telemetry within statutory parameters.
1716176920,SEC-PIT-A,0.1,12,0.37,3.03,24.4,83.0,100,0,NORMAL: Environmental telemetry within statutory parameters.
1716177040,SEC-PIT-B,0.14,7,0.17,1.13,25.4,86.5,132,0,NORMAL: Environmental telemetry within statutory parameters.
1716177160,SEC-CHP,0.12,6,0.25,1.86,28.3,86.1,99,0,NORMAL: Environmental telemetry within statutory parameters.
1716177280,SEC-MAGAZINE,0.13,7,0.24,1.81,29.4,62.6,75,0,NORMAL: Environmental telemetry within statutory parameters.
1716177400,SEC-UG-L1,0.23,5,0.17,1.77,31.5,62.4,132,0,NORMAL: Environmental telemetry within statutory parameters.
1716177520,SEC-UG-L1,0.29,21,0.16,1.2,28.9,85.3,120,0,NORMAL: Environmental telemetry within statutory parameters.
1716177640,SEC-UG-L1,0.42,21,0.36,2.41,31.6,61.4,96,0,NORMAL: Environmental telemetry within statutory parameters.
1716177760,SEC-PIT-A,0.07,4,0.16,2.7,30.7,63.1,136,0,NORMAL: Environmental telemetry within statutory parameters.
1716177880,SEC-CRUSHER,0.21,70,0.87,1.55,30.4,69.3,191,1,WARNING: Elevated Carbon Monoxide (70 ppm) detected. Probable spontaneous heating.
1716178000,SEC-CRUSHER,0.13,10,0.25,2.86,31.7,71.1,119,0,NORMAL: Environmental telemetry within statutory parameters.
1716178120,SEC-UG-L3,0.49,16,0.29,1.48,28.3,75.3,113,0,NORMAL: Environmental telemetry within statutory parameters.
1716178240,SEC-UG-L3,0.26,11,0.22,1.55,29.1,64.3,43,0,NORMAL: Environmental telemetry within statutory parameters.
1716178360,SEC-CHP,0.06,8,0.25,1.38,28.7,75.2,115,0,NORMAL: Environmental telemetry within statutory parameters.
1716178480,SEC-UG-L1,0.26,77,0.77,1.15,24.5,72.2,207,1,WARNING: Elevated Carbon Monoxide (77 ppm) detected. Probable spontaneous heating.
1716178600,SEC-UG-L3,0.12,19,0.21,2.18,24.3,83.3,89,0,NORMAL: Environmental telemetry within statutory parameters.
1716178720,SEC-PIT-B,0.06,4,0.26,2.62,26.9,78.5,127,0,NORMAL: Environmental telemetry within statutory parameters.
1716178840,SEC-HAUL-RD,0.06,6,0.29,1.06,29.5,71.4,62,0,NORMAL: Environmental telemetry within statutory parameters.
1716178960,SEC-PIT-A,0.15,3,0.36,1.57,25.1,69.3,100,0,NORMAL: Environmental telemetry within statutory parameters.
1716179080,SEC-PIT-A,0.08,7,0.31,1.99,25.4,62.7,68,0,NORMAL: Environmental telemetry within statutory parameters.
1716179200,SEC-CHP,0.14,7,0.16,2.69,28.6,61.8,88,0,NORMAL: Environmental telemetry within statutory parameters.
1716179320,SEC-WORKSHOP-3,0.14,4,0.31,1.1,30.8,76.1,68,0,NORMAL: Environmental telemetry within statutory parameters.
1716179440,SEC-MAGAZINE,0.1,3,0.34,1.91,25.7,67.6,105,0,NORMAL: Environmental telemetry within statutory parameters.
1716179560,SEC-WORKSHOP-3,0.1,4,0.32,2.82,26.1,71.0,114,0,NORMAL: Environmental telemetry within statutory parameters.
1716179680,SEC-CRUSHER,0.1,12,0.28,2.28,32.0,76.3,66,0,NORMAL: Environmental telemetry within statutory parameters.
1716179800,SEC-HAUL-RD,0.07,11,0.19,1.55,27.8,76.5,46,0,NORMAL: Environmental telemetry within statutory parameters.
1716179920,SEC-CHP,0.05,4,0.26,2.53,26.1,83.7,121,0,NORMAL: Environmental telemetry within statutory parameters.
1716180040,SEC-WORKSHOP-3,0.07,9,0.35,0.91,24.8,62.2,49,0,NORMAL: Environmental telemetry within statutory parameters.
1716180160,SEC-PIT-A,0.11,11,0.32,1.3,26.9,87.3,75,0,NORMAL: Environmental telemetry within statutory parameters.
1716180280,SEC-UG-L1,0.34,13,0.19,0.93,24.1,60.7,97,0,NORMAL: Environmental telemetry within statutory parameters.
1716180400,SEC-HAUL-RD,0.05,11,0.37,1.4,27.4,70.5,41,0,NORMAL: Environmental telemetry within statutory parameters.
1716180520,SEC-CRUSHER,0.07,11,0.26,1.84,24.6,82.1,87,0,NORMAL: Environmental telemetry within statutory parameters.
1716180640,SEC-UG-L3,0.46,12,0.17,2.88,32.7,69.5,97,0,NORMAL: Environmental telemetry within statutory parameters.
1716180760,SEC-PIT-A,0.13,7,0.31,3.12,33.0,82.5,59,0,NORMAL: Environmental telemetry within statutory parameters.
1716180880,SEC-PIT-A,0.07,8,0.16,1.77,33.0,83.9,83,0,NORMAL: Environmental telemetry within statutory parameters.
1716181000,SEC-UG-L1,0.21,12,0.1,1.75,30.9,69.7,77,0,NORMAL: Environmental telemetry within statutory parameters.
1716181120,SEC-PIT-A,0.15,10,0.14,1.3,35.1,82.3,572,1,ALERT: Airborne respirable dust concentration (572 mg/m³) exceeded DGMS permissible limits.
1716181240,SEC-CRUSHER,0.09,10,0.17,1.12,31.1,70.9,75,0,NORMAL: Environmental telemetry within statutory parameters.
1716181360,SEC-PIT-B,1.14,23,0.57,0.26,29.8,86.8,308,1,ALERT: Air velocity dropped to 0.26 m/s (Statutory Minimum: 0.5 m/s).
1716181480,SEC-MAGAZINE,0.11,3,0.08,2.97,24.2,73.3,103,0,NORMAL: Environmental telemetry within statutory parameters.
1716181600,SEC-MAGAZINE,0.09,10,0.38,1.11,26.0,76.7,45,0,NORMAL: Environmental telemetry within statutory parameters.
1716181720,SEC-CHP,0.13,3,0.36,1.46,35.4,71.4,52,0,NORMAL: Environmental telemetry within statutory parameters.
1716181840,SEC-UG-L3,0.37,16,0.1,2.55,24.6,74.8,56,0,NORMAL: Environmental telemetry within statutory parameters.
1716181960,SEC-UG-L2,0.49,13,0.15,1.63,32.4,84.3,110,0,NORMAL: Environmental telemetry within statutory parameters.
1716182080,SEC-MAGAZINE,1.38,40,0.64,0.28,26.0,63.6,221,1,ALERT: Air velocity dropped to 0.28 m/s (Statutory Minimum: 0.5 m/s).
1716182200,SEC-MAGAZINE,0.07,8,0.34,1.67,35.3,67.5,131,0,NORMAL: Environmental telemetry within statutory parameters.
1716182320,SEC-PIT-A,0.09,7,0.28,1.48,27.9,64.1,94,0,NORMAL: Environmental telemetry within statutory parameters.
1716182440,SEC-UG-L2,0.08,7,0.36,1.17,35.3,68.0,126,0,NORMAL: Environmental telemetry within statutory parameters.
1716182560,SEC-MAGAZINE,0.12,10,0.28,2.29,35.3,72.6,139,0,NORMAL: Environmental telemetry within statutory parameters.
1716182680,SEC-CRUSHER,0.07,7,0.27,2.43,29.6,60.9,56,0,NORMAL: Environmental telemetry within statutory parameters.
1716182800,SEC-MAGAZINE,0.12,4,0.35,1.65,31.5,61.7,36,0,NORMAL: Environmental telemetry within statutory parameters.
1716182920,SEC-PIT-B,0.08,6,0.33,1.41,31.3,60.9,126,0,NORMAL: Environmental telemetry within statutory parameters.
1716183040,SEC-HAUL-RD,0.15,8,0.3,2.01,27.1,85.0,53,0,NORMAL: Environmental telemetry within statutory parameters.
1716183160,SEC-CHP,0.14,3,0.09,3.01,33.1,80.7,124,0,NORMAL: Environmental telemetry within statutory parameters.
1716183280,SEC-MAGAZINE,0.23,14,0.25,1.13,28.0,64.8,697,1,ALERT: Airborne respirable dust concentration (697 mg/m³) exceeded DGMS permissible limits.
1716183400,SEC-UG-L3,0.38,14,0.16,1.83,30.1,82.9,140,0,NORMAL: Environmental telemetry within statutory parameters.
1716183520,SEC-CHP,0.09,12,0.15,2.49,25.2,78.0,105,0,NORMAL: Environmental telemetry within statutory parameters.
1716183640,SEC-CHP,0.11,5,0.24,3.1,31.6,84.5,100,0,NORMAL: Environmental telemetry within statutory parameters.
1716183760,SEC-CRUSHER,0.1,9,0.38,2.07,25.8,84.8,134,0,NORMAL: Environmental telemetry within statutory parameters.
1716183880,SEC-HAUL-RD,0.93,42,0.61,0.16,33.7,79.1,160,1,ALERT: Air velocity dropped to 0.16 m/s (Statutory Minimum: 0.5 m/s).
1716184000,SEC-UG-L3,0.06,5,0.34,3.17,32.6,70.7,104,0,NORMAL: Environmental telemetry within statutory parameters.
1716184120,SEC-UG-L3,0.11,9,0.33,2.36,29.2,74.6,110,0,NORMAL: Environmental telemetry within statutory parameters.
1716184240,SEC-UG-L2,0.09,6,0.38,2.38,24.3,85.8,98,0,NORMAL: Environmental telemetry within statutory parameters.
1716184360,SEC-UG-L1,0.33,8,0.24,2.04,32.2,75.6,41,0,NORMAL: Environmental telemetry within statutory parameters.
1716184480,SEC-UG-L2,0.1,6,0.08,1.35,24.2,79.4,35,0,NORMAL: Environmental telemetry within statutory parameters.
1716184600,SEC-CRUSHER,0.08,3,0.35,2.02,30.9,84.3,115,0,NORMAL: Environmental telemetry within statutory parameters.
1716184720,SEC-WORKSHOP-3,0.05,11,0.11,1.51,28.4,62.6,82,0,NORMAL: Environmental telemetry within statutory parameters.
1716184840,SEC-PIT-A,0.07,11,0.17,1.57,31.4,62.4,66,0,NORMAL: Environmental telemetry within statutory parameters.
1716184960,SEC-MAGAZINE,0.13,7,0.21,2.6,31.4,65.5,105,0,NORMAL: Environmental telemetry within statutory parameters.
1716185080,SEC-UG-L3,0.54,13,0.33,2.7,24.0,80.5,39,0,NORMAL: Environmental telemetry within statutory parameters.
1716185200,SEC-PIT-A,0.12,5,0.08,2.76,34.8,86.7,70,0,NORMAL: Environmental telemetry within statutory parameters.
1716185320,SEC-HAUL-RD,0.13,8,0.09,2.45,29.0,85.1,90,0,NORMAL: Environmental telemetry within statutory parameters.
1716185440,SEC-CRUSHER,0.05,3,0.35,1.74,27.4,62.4,82,0,NORMAL: Environmental telemetry within statutory parameters.
1716185560,SEC-PIT-B,0.14,6,0.38,0.8,30.2,62.8,92,0,NORMAL: Environmental telemetry within statutory parameters.
1716185680,SEC-HAUL-RD,0.14,7,0.31,1.93,31.1,70.3,101,0,NORMAL: Environmental telemetry within statutory parameters.
1716185800,SEC-MAGAZINE,0.09,11,0.14,2.13,30.1,75.9,83,0,NORMAL: Environmental telemetry within statutory parameters.
1716185920,SEC-HAUL-RD,0.08,10,0.32,2.07,29.0,75.6,104,0,NORMAL: Environmental telemetry within statutory parameters.
1716186040,SEC-HAUL-RD,0.1,10,0.31,0.97,28.3,76.6,38,0,NORMAL: Environmental telemetry within statutory parameters.
1716186160,SEC-UG-L1,0.47,21,0.22,1.7,30.8,63.5,123,0,NORMAL: Environmental telemetry within statutory parameters.
1716186280,SEC-PIT-B,0.14,8,0.22,3.11,30.6,83.3,101,0,NORMAL: Environmental telemetry within statutory parameters.
1716186400,SEC-UG-L1,0.19,5,0.25,0.81,28.2,63.9,108,0,NORMAL: Environmental telemetry within statutory parameters.
1716186520,SEC-PIT-B,0.08,11,0.17,3.1,29.6,68.1,93,0,NORMAL: Environmental telemetry within statutory parameters.
1716186640,SEC-PIT-B,0.06,7,0.2,1.24,25.1,78.8,44,0,NORMAL: Environmental telemetry within statutory parameters.
1716186760,SEC-MAGAZINE,0.05,12,0.2,1.13,26.0,63.9,69,0,NORMAL: Environmental telemetry within statutory parameters.
1716186880,SEC-WORKSHOP-3,0.1,10,0.1,2.5,32.3,70.3,68,0,NORMAL: Environmental telemetry within statutory parameters.
1716187000,SEC-UG-L1,0.32,12,0.19,2.8,27.7,81.8,40,0,NORMAL: Environmental telemetry within statutory parameters.
1716187120,SEC-UG-L1,0.18,75,0.75,0.5,24.2,80.6,197,1,WARNING: Elevated Carbon Monoxide (75 ppm) detected. Probable spontaneous heating.
1716187240,SEC-PIT-B,0.06,8,0.2,3.08,26.0,83.2,93,0,NORMAL: Environmental telemetry within statutory parameters.
1716187360,SEC-UG-L3,0.28,8,0.23,3.01,27.8,80.2,113,0,NORMAL: Environmental telemetry within statutory parameters.
1716187480,SEC-UG-L3,1.76,35,0.77,1.74,25.9,67.3,86,1,CRITICAL: Methane concentration (1.76%) exceeded statutory limit (1.25%) in SEC-UG-L3.
1716187600,SEC-WORKSHOP-3,0.05,9,0.1,3.06,34.6,82.3,104,0,NORMAL: Environmental telemetry within statutory parameters.
1716187720,SEC-CHP,1.31,26,0.77,1.5,25.1,76.1,55,1,CRITICAL: Methane concentration (1.31%) exceeded statutory limit (1.25%) in SEC-CHP.
1716187840,SEC-PIT-A,0.13,4,0.37,2.38,26.1,62.3,75,0,NORMAL: Environmental telemetry within statutory parameters.
1716187960,SEC-PIT-A,0.07,10,0.1,2.17,24.5,72.9,60,0,NORMAL: Environmental telemetry within statutory parameters.
1716188080,SEC-CRUSHER,0.11,3,0.37,1.42,33.5,78.3,124,0,NORMAL: Environmental telemetry within statutory parameters.
1716188200,SEC-MAGAZINE,0.07,8,0.29,1.34,25.6,75.9,117,0,NORMAL: Environmental telemetry within statutory parameters.
1716188320,SEC-WORKSHOP-3,0.1,6,0.34,1.79,30.8,67.8,51,0,NORMAL: Environmental telemetry within statutory parameters.
1716188440,SEC-WORKSHOP-3,0.09,4,0.37,2.7,34.6,87.4,100,0,NORMAL: Environmental telemetry within statutory parameters.
1716188560,SEC-UG-L2,0.45,5,0.14,2.65,24.8,67.2,134,0,NORMAL: Environmental telemetry within statutory parameters.
1716188680,SEC-PIT-A,0.13,12,0.2,2.44,29.4,68.3,43,0,NORMAL: Environmental telemetry within statutory parameters.
1716188800,SEC-CHP,0.1,6,0.18,3.0,30.1,71.4,88,0,NORMAL: Environmental telemetry within statutory parameters.
1716188920,SEC-UG-L3,0.26,16,0.21,2.21,35.4,87.9,63,0,NORMAL: Environmental telemetry within statutory parameters.
1716189040,SEC-UG-L3,0.3,20,0.17,1.22,26.6,85.8,137,0,NORMAL: Environmental telemetry within statutory parameters.
1716189160,SEC-UG-L3,0.11,4,0.18,0.93,29.1,67.7,139,0,NORMAL: Environmental telemetry within statutory parameters.
1716189280,SEC-PIT-A,0.09,8,0.19,1.67,25.8,75.8,85,0,NORMAL: Environmental telemetry within statutory parameters.
1716189400,SEC-PIT-A,0.1,8,0.35,1.58,29.7,79.6,40,0,NORMAL: Environmental telemetry within statutory parameters.
1716189520,SEC-PIT-A,0.11,6,0.11,1.0,29.3,74.2,47,0,NORMAL: Environmental telemetry within statutory parameters.
1716189640,SEC-CRUSHER,0.15,3,0.12,2.73,34.8,79.1,125,0,NORMAL: Environmental telemetry within statutory parameters.
1716189760,SEC-PIT-A,0.06,3,0.2,2.29,27.6,85.8,64,0,NORMAL: Environmental telemetry within statutory parameters.
1716189880,SEC-UG-L3,0.08,8,0.38,2.94,25.6,72.3,120,0,NORMAL: Environmental telemetry within statutory parameters.
1716190000,SEC-CHP,0.14,8,0.34,0.94,33.9,81.3,55,0,NORMAL: Environmental telemetry within statutory parameters.
1716190120,SEC-PIT-A,1.6,20,0.75,1.09,29.1,84.9,106,1,CRITICAL: Methane concentration (1.6%) exceeded statutory limit (1.25%) in SEC-PIT-A.
1716190240,SEC-CHP,0.54,46,0.89,0.23,26.2,63.6,270,1,ALERT: Air velocity dropped to 0.23 m/s (Statutory Minimum: 0.5 m/s).
1716190360,SEC-HAUL-RD,0.14,12,0.28,2.35,31.7,83.2,64,0,NORMAL: Environmental telemetry within statutory parameters.
1716190480,SEC-PIT-A,0.19,11,0.39,2.55,26.3,85.1,486,1,ALERT: Airborne respirable dust concentration (486 mg/m³) exceeded DGMS permissible limits.
1716190600,SEC-PIT-B,0.61,21,1.2,0.15,31.0,87.2,219,1,ALERT: Air velocity dropped to 0.15 m/s (Statutory Minimum: 0.5 m/s).
1716190720,SEC-UG-L3,1.06,23,1.26,0.28,34.1,77.3,176,1,ALERT: Air velocity dropped to 0.28 m/s (Statutory Minimum: 0.5 m/s).
1716190840,SEC-UG-L1,0.22,10,0.35,2.45,25.7,70.1,78,0,NORMAL: Environmental telemetry within statutory parameters.
1716190960,SEC-PIT-B,0.39,5,0.29,1.8,34.8,85.4,699,1,ALERT: Airborne respirable dust concentration (699 mg/m³) exceeded DGMS permissible limits.
1716191080,SEC-MAGAZINE,0.32,20,0.18,2.56,35.5,74.0,603,1,ALERT: Airborne respirable dust concentration (603 mg/m³) exceeded DGMS permissible limits.
1716191200,SEC-UG-L1,0.53,9,0.25,1.49,32.0,87.6,109,0,NORMAL: Environmental telemetry within statutory parameters.
1716191320,SEC-UG-L2,0.25,17,0.33,2.69,27.8,66.1,651,1,ALERT: Airborne respirable dust concentration (651 mg/m³) exceeded DGMS permissible limits.
1716191440,SEC-CHP,0.05,6,0.38,1.55,34.3,65.1,51,0,NORMAL: Environmental telemetry within statutory parameters.
1716191560,SEC-PIT-B,0.07,12,0.1,1.25,32.1,64.2,108,0,NORMAL: Environmental telemetry within statutory parameters.
1716191680,SEC-UG-L2,0.48,5,0.08,2.69,24.5,85.1,108,0,NORMAL: Environmental telemetry within statutory parameters.
1716191800,SEC-CRUSHER,0.05,6,0.08,2.63,30.4,71.6,104,0,NORMAL: Environmental telemetry within statutory parameters.
1716191920,SEC-UG-L3,0.12,6,0.11,1.74,33.1,77.3,63,0,NORMAL: Environmental telemetry within statutory parameters.
1716192040,SEC-PIT-A,0.11,10,0.18,2.9,30.4,87.5,107,0,NORMAL: Environmental telemetry within statutory parameters.
1716192160,SEC-WORKSHOP-3,0.1,5,0.11,2.22,32.9,68.7,110,0,NORMAL: Environmental telemetry within statutory parameters.
1716192280,SEC-CRUSHER,0.35,63,0.96,1.65,29.3,69.9,86,1,WARNING: Elevated Carbon Monoxide (63 ppm) detected. Probable spontaneous heating.
1716192400,SEC-UG-L1,0.39,5,0.31,1.25,25.3,82.4,707,1,ALERT: Airborne respirable dust concentration (707 mg/m³) exceeded DGMS permissible limits.
1716192520,SEC-UG-L1,0.42,3,0.13,1.84,25.1,82.3,56,0,NORMAL: Environmental telemetry within statutory parameters.
1716192640,SEC-UG-L1,1.8,30,0.66,1.56,29.0,81.6,64,1,CRITICAL: Methane concentration (1.8%) exceeded statutory limit (1.25%) in SEC-UG-L1.
1716192760,SEC-MAGAZINE,0.1,8,0.25,1.0,34.1,75.9,110,0,NORMAL: Environmental telemetry within statutory parameters.
1716192880,SEC-WORKSHOP-3,0.09,4,0.19,2.04,24.6,87.8,125,0,NORMAL: Environmental telemetry within statutory parameters.
1716193000,SEC-CHP,0.09,12,0.34,0.96,31.0,64.3,83,0,NORMAL: Environmental telemetry within statutory parameters.
1716193120,SEC-HAUL-RD,0.06,11,0.16,3.11,34.0,78.4,74,0,NORMAL: Environmental telemetry within statutory parameters.
1716193240,SEC-MAGAZINE,0.12,10,0.13,0.93,26.5,68.2,105,0,NORMAL: Environmental telemetry within statutory parameters.
1716193360,SEC-UG-L1,0.47,10,0.12,3.07,26.9,67.8,42,0,NORMAL: Environmental telemetry within statutory parameters.
1716193480,SEC-WORKSHOP-3,0.11,5,0.36,2.86,25.3,71.8,130,0,NORMAL: Environmental telemetry within statutory parameters.
1716193600,SEC-CHP,0.12,3,0.28,2.57,24.2,61.0,129,0,NORMAL: Environmental telemetry within statutory parameters.
1716193720,SEC-UG-L2,0.18,7,0.15,1.11,29.0,70.1,126,0,NORMAL: Environmental telemetry within statutory parameters.
1716193840,SEC-UG-L1,0.09,14,0.3,0.9,32.7,74.1,134,0,NORMAL: Environmental telemetry within statutory parameters.
1716193960,SEC-CRUSHER,0.05,7,0.2,0.81,24.7,80.0,140,0,NORMAL: Environmental telemetry within statutory parameters.
1716194080,SEC-HAUL-RD,0.13,10,0.22,1.75,25.1,75.0,109,0,NORMAL: Environmental telemetry within statutory parameters.
1716194200,SEC-UG-L1,0.39,8,0.38,1.02,34.2,79.2,122,0,NORMAL: Environmental telemetry within statutory parameters.
1716194320,SEC-PIT-B,0.08,12,0.09,3.07,32.6,74.9,109,0,NORMAL: Environmental telemetry within statutory parameters.
1716194440,SEC-PIT-B,0.04,6,0.33,2.58,27.2,77.4,140,0,NORMAL: Environmental telemetry within statutory parameters.
1716194560,SEC-CRUSHER,0.1,6,0.36,1.81,29.8,70.3,36,0,NORMAL: Environmental telemetry within statutory parameters.
1716194680,SEC-MAGAZINE,0.15,9,0.33,2.98,35.0,84.6,93,0,NORMAL: Environmental telemetry within statutory parameters.
1716194800,SEC-PIT-A,0.12,5,0.11,2.03,28.2,61.7,85,0,NORMAL: Environmental telemetry within statutory parameters.
1716194920,SEC-HAUL-RD,0.12,7,0.17,0.89,28.5,65.5,90,0,NORMAL: Environmental telemetry within statutory parameters.
1716195040,SEC-UG-L3,0.14,10,0.25,1.63,31.4,70.6,73,0,NORMAL: Environmental telemetry within statutory parameters.
1716195160,SEC-WORKSHOP-3,0.13,9,0.12,2.92,25.0,87.1,50,0,NORMAL: Environmental telemetry within statutory parameters.
1716195280,SEC-UG-L3,0.25,7,0.36,2.57,30.4,69.0,118,0,NORMAL: Environmental telemetry within statutory parameters.
1716195400,SEC-UG-L1,0.3,19,0.27,3.09,32.5,86.6,103,0,NORMAL: Environmental telemetry within statutory parameters.
1716195520,SEC-HAUL-RD,0.11,12,0.36,1.15,32.3,85.4,65,0,NORMAL: Environmental telemetry within statutory parameters.
1716195640,SEC-PIT-B,0.1,9,0.16,1.28,33.3,84.8,78,0,NORMAL: Environmental telemetry within statutory parameters.
1716195760,SEC-UG-L3,0.54,8,0.35,2.4,30.1,66.3,81,0,NORMAL: Environmental telemetry within statutory parameters.
1716195880,SEC-UG-L3,0.52,4,0.32,1.38,32.1,70.2,45,0,NORMAL: Environmental telemetry within statutory parameters.
1716196000,SEC-MAGAZINE,0.04,7,0.19,1.92,28.5,79.3,128,0,NORMAL: Environmental telemetry within statutory parameters.
1716196120,SEC-UG-L3,0.45,15,0.26,2.95,35.4,80.2,137,0,NORMAL: Environmental telemetry within statutory parameters.
1716196240,SEC-CHP,0.08,6,0.21,2.15,28.5,86.1,69,0,NORMAL: Environmental telemetry within statutory parameters.
1716196360,SEC-HAUL-RD,0.08,4,0.21,2.97,24.9,69.6,51,0,NORMAL: Environmental telemetry within statutory parameters.
1716196480,SEC-CHP,1.85,34,0.76,1.03,33.4,65.2,62,1,CRITICAL: Methane concentration (1.85%) exceeded statutory limit (1.25%) in SEC-CHP.
1716196600,SEC-CRUSHER,0.08,8,0.25,1.75,26.1,83.9,92,0,NORMAL: Environmental telemetry within statutory parameters.
1716196720,SEC-UG-L2,0.62,31,1.12,0.19,27.1,70.8,120,1,ALERT: Air velocity dropped to 0.19 m/s (Statutory Minimum: 0.5 m/s).
1716196840,SEC-UG-L3,1.09,38,0.66,0.23,34.8,82.9,130,1,ALERT: Air velocity dropped to 0.23 m/s (Statutory Minimum: 0.5 m/s).
1716196960,SEC-UG-L3,0.49,9,0.3,0.93,28.7,78.4,107,0,NORMAL: Environmental telemetry within statutory parameters.
1716197080,SEC-WORKSHOP-3,0.15,3,0.09,2.35,25.4,86.3,128,0,NORMAL: Environmental telemetry within statutory parameters.
1716197200,SEC-CHP,0.06,4,0.1,2.55,25.1,86.1,92,0,NORMAL: Environmental telemetry within statutory parameters.
1716197320,SEC-UG-L3,0.15,11,0.3,1.22,33.2,67.3,99,0,NORMAL: Environmental telemetry within statutory parameters.
1716197440,SEC-WORKSHOP-3,0.16,10,0.36,2.87,24.3,74.8,826,1,ALERT: Airborne respirable dust concentration (826 mg/m³) exceeded DGMS permissible limits.
1716197560,SEC-CHP,0.13,6,0.35,1.91,30.6,71.2,51,0,NORMAL: Environmental telemetry within statutory parameters.
1716197680,SEC-CHP,0.06,3,0.11,2.99,33.5,85.9,117,0,NORMAL: Environmental telemetry within statutory parameters.
1716197800,SEC-CHP,0.13,11,0.1,3.03,27.7,74.5,82,0,NORMAL: Environmental telemetry within statutory parameters.
1716197920,SEC-PIT-A,0.39,95,0.52,0.67,26.1,73.0,129,1,WARNING: Elevated Carbon Monoxide (95 ppm) detected. Probable spontaneous heating.
1716198040,SEC-UG-L2,0.05,12,0.15,2.18,25.4,85.7,136,0,NORMAL: Environmental telemetry within statutory parameters.
1716198160,SEC-CRUSHER,0.11,4,0.23,1.19,26.3,65.5,39,0,NORMAL: Environmental telemetry within statutory parameters.
1716198280,SEC-HAUL-RD,0.12,11,0.31,1.22,24.3,78.1,127,0,NORMAL: Environmental telemetry within statutory parameters.
1716198400,SEC-HAUL-RD,0.13,6,0.18,2.53,28.1,85.0,113,0,NORMAL: Environmental telemetry within statutory parameters.
1716198520,SEC-UG-L2,0.12,7,0.27,2.65,26.6,77.2,91,0,NORMAL: Environmental telemetry within statutory parameters.
1716198640,SEC-MAGAZINE,0.06,7,0.19,1.94,33.5,81.9,123,0,NORMAL: Environmental telemetry within statutory parameters.
1716198760,SEC-UG-L2,0.16,10,0.21,1.01,35.2,73.1,79,0,NORMAL: Environmental telemetry within statutory parameters.
1716198880,SEC-PIT-B,0.1,10,0.09,1.25,29.7,86.9,112,0,NORMAL: Environmental telemetry within statutory parameters.
1716199000,SEC-MAGAZINE,0.13,6,0.19,1.04,25.4,71.1,97,0,NORMAL: Environmental telemetry within statutory parameters.
1716199120,SEC-CHP,0.14,11,0.15,3.11,30.4,86.9,121,0,NORMAL: Environmental telemetry within statutory parameters.
1716199240,SEC-PIT-B,0.09,9,0.36,2.63,33.9,81.8,103,0,NORMAL: Environmental telemetry within statutory parameters.
1716199360,SEC-WORKSHOP-3,0.09,7,0.12,1.3,35.3,87.5,62,0,NORMAL: Environmental telemetry within statutory parameters.
1716199480,SEC-UG-L1,0.51,19,0.09,1.05,27.4,87.9,112,0,NORMAL: Environmental telemetry within statutory parameters.
1716199600,SEC-CHP,0.11,12,0.13,2.76,31.3,65.2,122,0,NORMAL: Environmental telemetry within statutory parameters.
1716199720,SEC-CHP,0.08,12,0.38,1.61,31.5,85.2,82,0,NORMAL: Environmental telemetry within statutory parameters.
1716199840,SEC-UG-L2,0.36,18,0.34,1.39,25.3,61.6,117,0,NORMAL: Environmental telemetry within statutory parameters.
1716199960,SEC-CRUSHER,0.09,4,0.33,0.82,27.6,84.0,120,0,NORMAL: Environmental telemetry within statutory parameters.
1716200080,SEC-UG-L3,0.37,13,0.12,2.93,26.5,70.8,44,0,NORMAL: Environmental telemetry within statutory parameters.
1716200200,SEC-CRUSHER,0.1,7,0.28,1.35,29.4,70.2,127,0,NORMAL: Environmental telemetry within statutory parameters.
1716200320,SEC-PIT-B,0.07,10,0.09,1.56,24.8,64.9,107,0,NORMAL: Environmental telemetry within statutory parameters.
1716200440,SEC-PIT-B,0.09,7,0.1,2.16,27.9,72.0,121,0,NORMAL: Environmental telemetry within statutory parameters.
1716200560,SEC-PIT-A,0.11,12,0.3,2.22,30.8,72.6,62,0,NORMAL: Environmental telemetry within statutory parameters.
1716200680,SEC-WORKSHOP-3,0.06,10,0.32,2.75,26.9,72.2,37,0,NORMAL: Environmental telemetry within statutory parameters.
1716200800,SEC-UG-L1,0.08,18,0.11,2.55,25.7,62.1,46,0,NORMAL: Environmental telemetry within statutory parameters.
1716200920,SEC-UG-L2,0.42,16,0.35,2.29,30.1,78.1,94,0,NORMAL: Environmental telemetry within statutory parameters.
1716201040,SEC-CRUSHER,0.16,10,0.23,2.79,24.9,76.9,598,1,ALERT: Airborne respirable dust concentration (598 mg/m³) exceeded DGMS permissible limits.
1716201160,SEC-UG-L1,0.37,3,0.22,1.61,35.1,75.0,108,0,NORMAL: Environmental telemetry within statutory parameters.
1716201280,SEC-WORKSHOP-3,0.09,6,0.33,3.05,31.9,85.2,115,0,NORMAL: Environmental telemetry within statutory parameters.
1716201400,SEC-UG-L3,0.35,15,0.18,1.25,31.7,82.0,100,0,NORMAL: Environmental telemetry within statutory parameters.
1716201520,SEC-CHP,0.05,3,0.13,2.21,33.7,81.7,80,0,NORMAL: Environmental telemetry within statutory parameters.
1716201640,SEC-WORKSHOP-3,0.07,7,0.25,1.89,29.5,79.9,71,0,NORMAL: Environmental telemetry within statutory parameters.
1716201760,SEC-PIT-A,0.15,10,0.2,1.54,32.8,73.9,120,0,NORMAL: Environmental telemetry within statutory parameters.
1716201880,SEC-UG-L3,0.34,12,0.35,1.01,26.3,84.9,139,0,NORMAL: Environmental telemetry within statutory parameters.
1716202000,SEC-CRUSHER,0.04,8,0.09,1.78,27.6,66.2,80,0,NORMAL: Environmental telemetry within statutory parameters.
1716202120,SEC-UG-L2,0.39,18,0.28,2.93,24.9,84.7,705,1,ALERT: Airborne respirable dust concentration (705 mg/m³) exceeded DGMS permissible limits.
1716202240,SEC-HAUL-RD,0.06,9,0.15,1.29,28.3,73.0,123,0,NORMAL: Environmental telemetry within statutory parameters.
1716202360,SEC-PIT-A,0.08,5,0.24,1.91,26.4,68.4,121,0,NORMAL: Environmental telemetry within statutory parameters.
1716202480,SEC-PIT-B,0.11,11,0.27,2.14,32.8,77.1,107,0,NORMAL: Environmental telemetry within statutory parameters.
1716202600,SEC-CHP,0.09,9,0.15,3.13,27.0,85.2,131,0,NORMAL: Environmental telemetry within statutory parameters.
1716202720,SEC-UG-L3,0.2,11,0.32,2.7,31.0,71.1,74,0,NORMAL: Environmental telemetry within statutory parameters.
1716202840,SEC-HAUL-RD,0.12,6,0.33,3.07,27.2,72.6,68,0,NORMAL: Environmental telemetry within statutory parameters.
1716202960,SEC-UG-L2,0.18,16,0.16,2.06,33.6,79.6,121,0,NORMAL: Environmental telemetry within statutory parameters.
1716203080,SEC-UG-L1,0.06,13,0.23,1.11,29.5,86.2,127,0,NORMAL: Environmental telemetry within statutory parameters.
1716203200,SEC-HAUL-RD,0.1,11,0.25,3.04,26.9,62.9,47,0,NORMAL: Environmental telemetry within statutory parameters.
1716203320,SEC-PIT-A,0.12,10,0.12,2.46,33.9,81.3,49,0,NORMAL: Environmental telemetry within statutory parameters.
1716203440,SEC-WORKSHOP-3,0.14,11,0.18,1.49,33.0,70.4,125,0,NORMAL: Environmental telemetry within statutory parameters.
1716203560,SEC-WORKSHOP-3,0.05,5,0.09,0.82,27.2,72.1,73,0,NORMAL: Environmental telemetry within statutory parameters.
1716203680,SEC-UG-L3,0.07,22,0.15,0.93,25.6,80.6,38,0,NORMAL: Environmental telemetry within statutory parameters.
1716203800,SEC-CHP,0.13,6,0.3,1.91,33.9,74.8,85,0,NORMAL: Environmental telemetry within statutory parameters.
1716203920,SEC-HAUL-RD,0.08,8,0.27,2.81,30.4,72.0,35,0,NORMAL: Environmental telemetry within statutory parameters.
1716204040,SEC-PIT-B,0.11,4,0.16,1.67,26.2,79.5,73,0,NORMAL: Environmental telemetry within statutory parameters.
1716204160,SEC-CRUSHER,0.05,6,0.36,2.12,34.2,68.3,41,0,NORMAL: Environmental telemetry within statutory parameters.
1716204280,SEC-UG-L1,0.25,7,0.09,1.4,29.3,65.1,74,0,NORMAL: Environmental telemetry within statutory parameters.
1716204400,SEC-CRUSHER,0.05,7,0.15,1.88,28.8,80.8,109,0,NORMAL: Environmental telemetry within statutory parameters.
1716204520,SEC-CRUSHER,0.1,3,0.09,2.7,27.6,79.8,118,0,NORMAL: Environmental telemetry within statutory parameters.
1716204640,SEC-UG-L1,0.18,21,0.37,1.17,31.5,78.1,138,0,NORMAL: Environmental telemetry within statutory parameters.
1716204760,SEC-WORKSHOP-3,0.07,10,0.16,3.18,26.4,68.9,73,0,NORMAL: Environmental telemetry within statutory parameters.
1716204880,SEC-UG-L1,0.44,14,0.36,1.19,30.4,86.4,139,0,NORMAL: Environmental telemetry within statutory parameters.
1716205000,SEC-CRUSHER,0.06,8,0.3,2.61,25.8,65.6,132,0,NORMAL: Environmental telemetry within statutory parameters.
1716205120,SEC-MAGAZINE,0.11,6,0.08,0.84,28.6,87.8,77,0,NORMAL: Environmental telemetry within statutory parameters.
1716205240,SEC-UG-L2,0.05,3,0.15,1.41,29.1,80.6,94,0,NORMAL: Environmental telemetry within statutory parameters.
1716205360,SEC-PIT-B,0.09,10,0.19,2.76,33.8,64.0,91,0,NORMAL: Environmental telemetry within statutory parameters.
1716205480,SEC-WORKSHOP-3,0.08,8,0.15,2.6,27.2,70.4,57,0,NORMAL: Environmental telemetry within statutory parameters.
1716205600,SEC-PIT-A,0.65,89,0.79,0.84,26.0,60.8,174,1,WARNING: Elevated Carbon Monoxide (89 ppm) detected. Probable spontaneous heating.
1716205720,SEC-UG-L3,0.52,7,0.09,2.1,24.8,87.2,93,0,NORMAL: Environmental telemetry within statutory parameters.
1716205840,SEC-HAUL-RD,0.13,3,0.11,2.52,31.6,63.7,55,0,NORMAL: Environmental telemetry within statutory parameters.
1716205960,SEC-PIT-A,0.05,9,0.35,1.42,29.3,81.7,104,0,NORMAL: Environmental telemetry within statutory parameters.
1716206080,SEC-PIT-B,0.09,10,0.18,1.43,31.2,83.3,48,0,NORMAL: Environmental telemetry within statutory parameters.
1716206200,SEC-UG-L1,0.07,14,0.27,1.35,25.8,79.0,91,0,NORMAL: Environmental telemetry within statutory parameters.
1716206320,SEC-UG-L1,0.48,5,0.13,1.56,33.2,76.4,40,0,NORMAL: Environmental telemetry within statutory parameters.
1716206440,SEC-CHP,0.12,7,0.29,3.0,32.5,86.5,127,0,NORMAL: Environmental telemetry within statutory parameters.
1716206560,SEC-WORKSHOP-3,0.06,12,0.31,0.98,25.1,62.4,58,0,NORMAL: Environmental telemetry within statutory parameters.
1716206680,SEC-PIT-A,0.09,11,0.09,2.47,30.4,82.6,123,0,NORMAL: Environmental telemetry within statutory parameters.
1716206800,SEC-HAUL-RD,1.73,16,0.73,1.28,33.2,86.1,49,1,CRITICAL: Methane concentration (1.73%) exceeded statutory limit (1.25%) in SEC-HAUL-RD.
1716206920,SEC-HAUL-RD,0.05,12,0.27,2.47,30.9,80.6,57,0,NORMAL: Environmental telemetry within statutory parameters.
1716207040,SEC-PIT-B,0.06,5,0.35,3.07,26.9,66.2,130,0,NORMAL: Environmental telemetry within statutory parameters.
1716207160,SEC-WORKSHOP-3,0.04,7,0.12,1.07,28.3,69.0,57,0,NORMAL: Environmental telemetry within statutory parameters.
1716207280,SEC-UG-L3,0.37,9,0.35,2.58,32.0,82.9,35,0,NORMAL: Environmental telemetry within statutory parameters.
1716207400,SEC-UG-L2,0.19,17,0.34,2.8,29.8,74.5,74,0,NORMAL: Environmental telemetry within statutory parameters.
1716207520,SEC-MAGAZINE,0.14,3,0.16,0.85,24.1,70.5,56,0,NORMAL: Environmental telemetry within statutory parameters.
1716207640,SEC-CRUSHER,0.12,4,0.26,2.9,33.1,72.5,59,0,NORMAL: Environmental telemetry within statutory parameters.
1716207760,SEC-UG-L3,0.5,15,0.21,2.38,34.9,76.7,55,0,NORMAL: Environmental telemetry within statutory parameters.
1716207880,SEC-CHP,0.07,10,0.36,1.94,26.0,85.5,136,0,NORMAL: Environmental telemetry within statutory parameters.
1716208000,SEC-HAUL-RD,0.09,9,0.18,1.0,31.0,60.8,138,0,NORMAL: Environmental telemetry within statutory parameters.
1716208120,SEC-CHP,0.14,5,0.26,1.08,34.6,86.7,76,0,NORMAL: Environmental telemetry within statutory parameters.
1716208240,SEC-CRUSHER,0.06,8,0.17,2.4,28.6,72.2,109,0,NORMAL: Environmental telemetry within statutory parameters.
1716208360,SEC-WORKSHOP-3,0.13,9,0.13,2.29,31.6,86.7,72,0,NORMAL: Environmental telemetry within statutory parameters.
1716208480,SEC-PIT-A,0.05,7,0.27,0.86,30.3,62.7,120,0,NORMAL: Environmental telemetry within statutory parameters.
1716208600,SEC-UG-L2,0.15,20,0.31,0.9,30.6,83.8,69,0,NORMAL: Environmental telemetry within statutory parameters.
1716208720,SEC-UG-L2,0.12,5,0.13,1.16,33.0,70.4,57,0,NORMAL: Environmental telemetry within statutory parameters.
1716208840,SEC-UG-L3,0.5,6,0.29,2.09,30.2,75.0,90,0,NORMAL: Environmental telemetry within statutory parameters.
1716208960,SEC-CRUSHER,0.04,12,0.11,1.58,30.2,70.9,106,0,NORMAL: Environmental telemetry within statutory parameters.
1716209080,SEC-UG-L3,0.47,3,0.09,1.73,34.7,85.6,107,0,NORMAL: Environmental telemetry within statutory parameters.
1716209200,SEC-WORKSHOP-3,0.1,6,0.33,2.05,32.5,70.9,134,0,NORMAL: Environmental telemetry within statutory parameters.
1716209320,SEC-CRUSHER,0.14,7,0.31,1.09,32.3,66.1,90,0,NORMAL: Environmental telemetry within statutory parameters.
1716209440,SEC-UG-L1,0.11,16,0.32,1.23,26.1,68.6,59,0,NORMAL: Environmental telemetry within statutory parameters.
1716209560,SEC-PIT-B,0.47,86,0.55,1.76,32.4,86.3,122,1,WARNING: Elevated Carbon Monoxide (86 ppm) detected. Probable spontaneous heating.
1716209680,SEC-HAUL-RD,0.12,4,0.11,2.87,25.8,81.3,92,0,NORMAL: Environmental telemetry within statutory parameters.
1716209800,SEC-HAUL-RD,0.15,7,0.25,2.06,25.9,79.6,118,0,NORMAL: Environmental telemetry within statutory parameters.
1716209920,SEC-PIT-B,0.04,6,0.34,1.81,32.5,80.9,37,0,NORMAL: Environmental telemetry within statutory parameters.
1716210040,SEC-PIT-A,1.34,43,0.63,0.13,28.6,84.4,229,1,ALERT: Air velocity dropped to 0.13 m/s (Statutory Minimum: 0.5 m/s).
1716210160,SEC-PIT-A,0.05,5,0.16,2.93,30.3,60.1,65,0,NORMAL: Environmental telemetry within statutory parameters.
1716210280,SEC-CHP,0.06,9,0.33,2.28,33.0,81.5,119,0,NORMAL: Environmental telemetry within statutory parameters.
1716210400,SEC-PIT-A,0.26,18,0.15,1.91,34.7,84.0,703,1,ALERT: Airborne respirable dust concentration (703 mg/m³) exceeded DGMS permissible limits.
1716210520,SEC-UG-L1,0.55,9,0.34,2.0,31.7,84.7,84,0,NORMAL: Environmental telemetry within statutory parameters.
1716210640,SEC-UG-L2,0.29,5,0.23,2.32,35.1,85.6,115,0,NORMAL: Environmental telemetry within statutory parameters.
1716210760,SEC-CRUSHER,0.09,6,0.21,1.53,25.2,87.2,134,0,NORMAL: Environmental telemetry within statutory parameters.
1716210880,SEC-UG-L2,0.3,8,0.14,1.34,25.8,78.8,112,0,NORMAL: Environmental telemetry within statutory parameters.
1716211000,SEC-MAGAZINE,0.06,5,0.22,2.24,30.1,69.1,43,0,NORMAL: Environmental telemetry within statutory parameters.
1716211120,SEC-PIT-A,0.14,10,0.2,2.36,32.7,80.3,89,0,NORMAL: Environmental telemetry within statutory parameters.
1716211240,SEC-HAUL-RD,0.11,11,0.24,2.86,27.1,81.6,139,0,NORMAL: Environmental telemetry within statutory parameters.
1716211360,SEC-HAUL-RD,0.11,9,0.12,3.0,25.3,87.2,123,0,NORMAL: Environmental telemetry within statutory parameters.
1716211480,SEC-CRUSHER,0.1,6,0.24,1.52,29.7,80.6,119,0,NORMAL: Environmental telemetry within statutory parameters.
1716211600,SEC-PIT-A,0.13,5,0.29,1.7,35.0,71.2,124,0,NORMAL: Environmental telemetry within statutory parameters.
1716211720,SEC-CRUSHER,0.11,8,0.25,1.03,29.2,68.6,76,0,NORMAL: Environmental telemetry within statutory parameters.
1716211840,SEC-MAGAZINE,0.14,5,0.18,1.34,31.7,77.6,69,0,NORMAL: Environmental telemetry within statutory parameters.
1716211960,SEC-PIT-A,0.12,5,0.25,2.26,27.1,73.3,91,0,NORMAL: Environmental telemetry within statutory parameters.
1716212080,SEC-HAUL-RD,0.1,7,0.1,1.85,28.6,60.6,114,0,NORMAL: Environmental telemetry within statutory parameters.
1716212200,SEC-PIT-A,0.11,7,0.29,2.0,28.0,77.3,106,0,NORMAL: Environmental telemetry within statutory parameters.
1716212320,SEC-HAUL-RD,0.07,11,0.14,2.26,33.7,63.2,99,0,NORMAL: Environmental telemetry within statutory parameters.
1716212440,SEC-WORKSHOP-3,0.13,11,0.36,1.62,32.4,75.0,86,0,NORMAL: Environmental telemetry within statutory parameters.
1716212560,SEC-MAGAZINE,0.08,12,0.24,1.44,24.1,76.9,75,0,NORMAL: Environmental telemetry within statutory parameters.
1716212680,SEC-MAGAZINE,0.14,8,0.37,1.08,25.9,63.9,39,0,NORMAL: Environmental telemetry within statutory parameters.
1716212800,SEC-WORKSHOP-3,0.19,6,0.11,2.09,30.1,67.1,618,1,ALERT: Airborne respirable dust concentration (618 mg/m³) exceeded DGMS permissible limits.
1716212920,SEC-MAGAZINE,0.06,11,0.34,2.18,34.1,82.5,59,0,NORMAL: Environmental telemetry within statutory parameters.
1716213040,SEC-CHP,0.11,11,0.25,2.29,29.4,83.3,129,0,NORMAL: Environmental telemetry within statutory parameters.
1716213160,SEC-PIT-B,0.09,6,0.08,3.02,33.1,85.6,92,0,NORMAL: Environmental telemetry within statutory parameters.
1716213280,SEC-PIT-A,1.96,27,0.68,1.16,31.4,60.5,131,1,CRITICAL: Methane concentration (1.96%) exceeded statutory limit (1.25%) in SEC-PIT-A.
1716213400,SEC-CHP,0.05,7,0.31,1.26,35.3,78.6,91,0,NORMAL: Environmental telemetry within statutory parameters.
1716213520,SEC-UG-L3,0.33,19,0.31,2.99,31.5,74.9,37,0,NORMAL: Environmental telemetry within statutory parameters.
1716213640,SEC-UG-L1,0.37,4,0.09,2.31,28.9,84.9,61,0,NORMAL: Environmental telemetry within statutory parameters.
1716213760,SEC-PIT-B,1.33,29,1.26,0.11,30.8,61.2,243,1,ALERT: Air velocity dropped to 0.11 m/s (Statutory Minimum: 0.5 m/s).
1716213880,SEC-WORKSHOP-3,0.08,9,0.25,3.03,34.5,64.6,139,0,NORMAL: Environmental telemetry within statutory parameters.
1716214000,SEC-PIT-A,0.13,5,0.12,2.98,30.9,84.4,113,0,NORMAL: Environmental telemetry within statutory parameters.
1716214120,SEC-UG-L1,0.26,8,0.14,2.85,31.0,69.3,50,0,NORMAL: Environmental telemetry within statutory parameters.
1716214240,SEC-UG-L2,0.37,12,0.21,0.87,27.5,85.2,98,0,NORMAL: Environmental telemetry within statutory parameters.
1716214360,SEC-UG-L3,0.39,13,0.19,1.33,27.8,62.7,90,0,NORMAL: Environmental telemetry within statutory parameters.
1716214480,SEC-UG-L2,0.2,18,0.33,3.13,27.8,69.7,71,0,NORMAL: Environmental telemetry within statutory parameters.
1716214600,SEC-PIT-B,0.13,12,0.1,2.58,25.5,65.2,85,0,NORMAL: Environmental telemetry within statutory parameters.
1716214720,SEC-PIT-B,0.05,10,0.15,2.67,31.3,73.0,53,0,NORMAL: Environmental telemetry within statutory parameters.
1716214840,SEC-UG-L1,0.18,20,0.3,2.28,27.7,78.9,106,0,NORMAL: Environmental telemetry within statutory parameters.
1716214960,SEC-MAGAZINE,0.06,7,0.13,2.82,32.2,68.8,52,0,NORMAL: Environmental telemetry within statutory parameters.
1716215080,SEC-CRUSHER,0.1,10,0.19,1.0,24.6,85.7,43,0,NORMAL: Environmental telemetry within statutory parameters.
1716215200,SEC-MAGAZINE,0.05,7,0.26,1.42,27.5,73.2,93,0,NORMAL: Environmental telemetry within statutory parameters.
1716215320,SEC-CHP,0.08,5,0.17,2.9,32.5,80.5,128,0,NORMAL: Environmental telemetry within statutory parameters.
1716215440,SEC-PIT-B,0.13,4,0.19,1.52,35.3,72.9,138,0,NORMAL: Environmental telemetry within statutory parameters.
1716215560,SEC-UG-L3,0.5,9,0.09,1.36,30.1,66.2,100,0,NORMAL: Environmental telemetry within statutory parameters.
1716215680,SEC-PIT-B,0.09,4,0.29,1.38,30.0,76.8,117,0,NORMAL: Environmental telemetry within statutory parameters.
1716215800,SEC-UG-L1,0.06,18,0.23,2.94,34.5,61.9,138,0,NORMAL: Environmental telemetry within statutory parameters.
1716215920,SEC-UG-L1,0.28,3,0.17,2.13,27.6,61.8,58,0,NORMAL: Environmental telemetry within statutory parameters.
1716216040,SEC-UG-L1,0.39,16,0.18,2.39,32.4,73.5,76,0,NORMAL: Environmental telemetry within statutory parameters.
1716216160,SEC-MAGAZINE,1.62,30,0.39,0.99,29.7,80.6,137,1,CRITICAL: Methane concentration (1.62%) exceeded statutory limit (1.25%) in SEC-MAGAZINE.
1716216280,SEC-WORKSHOP-3,0.14,12,0.32,2.21,35.3,66.3,43,0,NORMAL: Environmental telemetry within statutory parameters.
1716216400,SEC-CRUSHER,0.11,7,0.35,2.31,27.0,85.4,90,0,NORMAL: Environmental telemetry within statutory parameters.
1716216520,SEC-PIT-A,0.1,3,0.29,1.07,30.8,69.5,103,0,NORMAL: Environmental telemetry within statutory parameters.
1716216640,SEC-UG-L2,0.31,10,0.33,2.44,25.9,79.7,78,0,NORMAL: Environmental telemetry within statutory parameters.
1716216760,SEC-MAGAZINE,0.11,7,0.35,1.21,28.5,80.6,72,0,NORMAL: Environmental telemetry within statutory parameters.
1716216880,SEC-MAGAZINE,0.07,12,0.3,2.2,26.0,85.5,91,0,NORMAL: Environmental telemetry within statutory parameters.
1716217000,SEC-CHP,0.14,8,0.27,2.17,30.0,86.5,131,0,NORMAL: Environmental telemetry within statutory parameters.
1716217120,SEC-PIT-B,0.05,5,0.1,2.59,32.4,77.1,94,0,NORMAL: Environmental telemetry within statutory parameters.
1716217240,SEC-PIT-B,0.07,11,0.14,2.26,34.3,72.9,92,0,NORMAL: Environmental telemetry within statutory parameters.
1716217360,SEC-CHP,0.1,7,0.36,2.75,27.1,85.9,136,0,NORMAL: Environmental telemetry within statutory parameters.
1716217480,SEC-CRUSHER,0.14,11,0.38,3.16,25.0,80.3,48,0,NORMAL: Environmental telemetry within statutory parameters.
1716217600,SEC-PIT-A,0.1,9,0.33,1.07,30.6,77.1,45,0,NORMAL: Environmental telemetry within statutory parameters.
1716217720,SEC-WORKSHOP-3,0.05,8,0.25,2.93,32.5,77.3,37,0,NORMAL: Environmental telemetry within statutory parameters.
1716217840,SEC-HAUL-RD,0.06,4,0.21,2.19,27.6,75.7,82,0,NORMAL: Environmental telemetry within statutory parameters.
1716217960,SEC-CRUSHER,0.1,6,0.33,1.7,33.5,68.8,115,0,NORMAL: Environmental telemetry within statutory parameters.
1716218080,SEC-MAGAZINE,0.04,10,0.37,0.83,27.7,63.5,120,0,NORMAL: Environmental telemetry within statutory parameters.
1716218200,SEC-CRUSHER,1.38,22,0.69,0.71,35.0,74.9,103,1,CRITICAL: Methane concentration (1.38%) exceeded statutory limit (1.25%) in SEC-CRUSHER.
1716218320,SEC-HAUL-RD,0.07,8,0.18,1.38,24.5,61.7,89,0,NORMAL: Environmental telemetry within statutory parameters.
1716218440,SEC-MAGAZINE,0.1,4,0.34,2.52,27.3,61.7,40,0,NORMAL: Environmental telemetry within statutory parameters.
1716218560,SEC-UG-L1,0.4,9,0.2,2.97,33.1,74.9,124,0,NORMAL: Environmental telemetry within statutory parameters.
1716218680,SEC-UG-L2,0.25,17,0.1,2.46,32.3,71.2,100,0,NORMAL: Environmental telemetry within statutory parameters.
1716218800,SEC-UG-L2,0.16,22,0.1,0.82,30.3,87.3,77,0,NORMAL: Environmental telemetry within statutory parameters.
1716218920,SEC-CRUSHER,0.11,7,0.22,1.39,27.8,70.8,118,0,NORMAL: Environmental telemetry within statutory parameters.
1716219040,SEC-CRUSHER,0.09,5,0.19,2.7,25.2,68.1,49,0,NORMAL: Environmental telemetry within statutory parameters.
1716219160,SEC-CRUSHER,0.11,5,0.33,2.99,29.6,72.8,95,0,NORMAL: Environmental telemetry within statutory parameters.
1716219280,SEC-UG-L1,0.26,15,0.2,1.62,27.4,74.6,66,0,NORMAL: Environmental telemetry within statutory parameters.
1716219400,SEC-CRUSHER,0.07,9,0.1,2.94,35.5,72.9,114,0,NORMAL: Environmental telemetry within statutory parameters.
1716219520,SEC-CHP,0.06,11,0.34,2.32,28.7,67.4,73,0,NORMAL: Environmental telemetry within statutory parameters.
1716219640,SEC-CHP,0.04,11,0.24,1.12,24.1,64.0,62,0,NORMAL: Environmental telemetry within statutory parameters.
1716219760,SEC-CRUSHER,0.05,11,0.34,1.43,31.8,72.7,68,0,NORMAL: Environmental telemetry within statutory parameters.
1716219880,SEC-MAGAZINE,0.07,8,0.32,3.02,28.7,82.3,108,0,NORMAL: Environmental telemetry within statutory parameters.
1716220000,SEC-CRUSHER,0.07,12,0.27,2.46,30.6,64.8,35,0,NORMAL: Environmental telemetry within statutory parameters.
1716220120,SEC-MAGAZINE,0.07,12,0.23,2.64,32.7,69.8,75,0,NORMAL: Environmental telemetry within statutory parameters.
1716220240,SEC-UG-L2,0.43,20,0.3,1.89,25.4,67.4,97,0,NORMAL: Environmental telemetry within statutory parameters.
1716220360,SEC-UG-L2,0.34,8,0.34,2.52,32.9,81.4,618,1,ALERT: Airborne respirable dust concentration (618 mg/m³) exceeded DGMS permissible limits.
1716220480,SEC-PIT-A,0.14,12,0.23,2.05,29.8,65.8,43,0,NORMAL: Environmental telemetry within statutory parameters.
1716220600,SEC-WORKSHOP-3,0.12,11,0.15,1.36,27.3,73.3,86,0,NORMAL: Environmental telemetry within statutory parameters.
1716220720,SEC-PIT-A,0.05,3,0.26,2.29,34.8,69.8,49,0,NORMAL: Environmental telemetry within statutory parameters.
1716220840,SEC-MAGAZINE,0.14,3,0.14,1.11,28.0,82.1,52,0,NORMAL: Environmental telemetry within statutory parameters.
1716220960,SEC-PIT-A,0.05,5,0.34,1.36,31.0,80.3,45,0,NORMAL: Environmental telemetry within statutory parameters.
1716221080,SEC-CHP,0.05,7,0.31,0.96,32.1,73.9,42,0,NORMAL: Environmental telemetry within statutory parameters.
1716221200,SEC-HAUL-RD,0.07,12,0.14,1.45,26.8,75.4,134,0,NORMAL: Environmental telemetry within statutory parameters.
1716221320,SEC-PIT-B,0.31,14,0.13,2.27,25.7,67.8,553,1,ALERT: Airborne respirable dust concentration (553 mg/m³) exceeded DGMS permissible limits.
1716221440,SEC-WORKSHOP-3,0.15,17,0.39,2.73,28.7,65.1,774,1,ALERT: Airborne respirable dust concentration (774 mg/m³) exceeded DGMS permissible limits.
1716221560,SEC-CHP,0.35,9,0.16,1.03,31.4,66.0,835,1,ALERT: Airborne respirable dust concentration (835 mg/m³) exceeded DGMS permissible limits.
1716221680,SEC-CRUSHER,0.1,12,0.1,1.26,30.0,62.8,83,0,NORMAL: Environmental telemetry within statutory parameters.
1716221800,SEC-CRUSHER,0.09,5,0.24,1.88,26.0,86.2,118,0,NORMAL: Environmental telemetry within statutory parameters.
1716221920,SEC-UG-L1,0.06,13,0.31,1.37,28.8,63.8,137,0,NORMAL: Environmental telemetry within statutory parameters.
1716222040,SEC-HAUL-RD,0.09,11,0.26,0.82,29.5,68.8,94,0,NORMAL: Environmental telemetry within statutory parameters.
1716222160,SEC-PIT-A,0.07,8,0.37,2.15,24.3,72.9,36,0,NORMAL: Environmental telemetry within statutory parameters.
1716222280,SEC-HAUL-RD,0.06,3,0.28,1.21,25.3,75.1,46,0,NORMAL: Environmental telemetry within statutory parameters.
1716222400,SEC-CRUSHER,0.12,10,0.35,2.37,25.6,63.4,98,0,NORMAL: Environmental telemetry within statutory parameters.
1716222520,SEC-UG-L3,0.51,11,0.3,2.7,25.3,64.7,98,0,NORMAL: Environmental telemetry within statutory parameters.
1716222640,SEC-PIT-B,0.04,7,0.17,1.78,33.5,81.3,53,0,NORMAL: Environmental telemetry within statutory parameters.
1716222760,SEC-UG-L3,0.51,7,0.14,1.15,28.6,64.0,117,0,NORMAL: Environmental telemetry within statutory parameters.
1716222880,SEC-UG-L1,0.34,5,0.12,2.56,32.4,76.3,120,0,NORMAL: Environmental telemetry within statutory parameters.
1716223000,SEC-UG-L3,0.27,18,0.34,1.7,26.4,65.1,37,0,NORMAL: Environmental telemetry within statutory parameters.
1716223120,SEC-CHP,0.06,5,0.22,0.99,30.9,68.4,94,0,NORMAL: Environmental telemetry within statutory parameters.
1716223240,SEC-MAGAZINE,0.26,74,0.98,0.97,28.0,70.7,188,1,WARNING: Elevated Carbon Monoxide (74 ppm) detected. Probable spontaneous heating.
1716223360,SEC-UG-L1,0.33,6,0.18,3.03,34.6,62.5,109,0,NORMAL: Environmental telemetry within statutory parameters.
1716223480,SEC-CRUSHER,0.08,7,0.3,2.73,26.9,75.6,87,0,NORMAL: Environmental telemetry within statutory parameters.
1716223600,SEC-MAGAZINE,0.05,10,0.19,0.94,29.8,67.5,36,0,NORMAL: Environmental telemetry within statutory parameters.
1716223720,SEC-WORKSHOP-3,0.1,6,0.21,2.38,35.2,63.1,46,0,NORMAL: Environmental telemetry within statutory parameters.
1716223840,SEC-PIT-A,0.11,12,0.12,1.85,24.6,76.0,40,0,NORMAL: Environmental telemetry within statutory parameters.
1716223960,SEC-MAGAZINE,0.12,6,0.2,3.11,25.5,65.5,115,0,NORMAL: Environmental telemetry within statutory parameters.
1716224080,SEC-CHP,0.07,7,0.23,1.45,29.8,63.3,40,0,NORMAL: Environmental telemetry within statutory parameters.
1716224200,SEC-HAUL-RD,0.09,7,0.21,1.16,25.9,87.9,36,0,NORMAL: Environmental telemetry within statutory parameters.
1716224320,SEC-UG-L2,0.29,7,0.34,1.66,24.0,65.8,77,0,NORMAL: Environmental telemetry within statutory parameters.
1716224440,SEC-UG-L2,1.27,31,0.49,1.71,29.2,76.6,143,1,CRITICAL: Methane concentration (1.27%) exceeded statutory limit (1.25%) in SEC-UG-L2.
1716224560,SEC-HAUL-RD,1.38,18,0.5,0.6,28.4,81.1,63,1,CRITICAL: Methane concentration (1.38%) exceeded statutory limit (1.25%) in SEC-HAUL-RD.
1716224680,SEC-UG-L1,0.11,18,0.14,1.9,31.7,86.5,109,0,NORMAL: Environmental telemetry within statutory parameters.
1716224800,SEC-HAUL-RD,0.12,12,0.09,0.82,32.4,68.4,136,0,NORMAL: Environmental telemetry within statutory parameters.
1716224920,SEC-PIT-B,0.14,11,0.21,3.2,26.8,61.4,84,0,NORMAL: Environmental telemetry within statutory parameters.
1716225040,SEC-HAUL-RD,0.15,11,0.16,1.33,25.4,62.7,90,0,NORMAL: Environmental telemetry within statutory parameters.
1716225160,SEC-UG-L2,0.08,6,0.24,1.0,31.6,75.5,46,0,NORMAL: Environmental telemetry within statutory parameters.
1716225280,SEC-CHP,0.08,5,0.31,3.11,25.7,60.5,74,0,NORMAL: Environmental telemetry within statutory parameters.
1716225400,SEC-UG-L3,0.38,5,0.19,1.58,27.2,71.5,65,0,NORMAL: Environmental telemetry within statutory parameters.
1716225520,SEC-WORKSHOP-3,0.14,12,0.26,1.48,27.1,71.3,125,0,NORMAL: Environmental telemetry within statutory parameters.
1716225640,SEC-WORKSHOP-3,0.05,3,0.25,1.44,32.3,82.7,117,0,NORMAL: Environmental telemetry within statutory parameters.
1716225760,SEC-MAGAZINE,0.12,5,0.36,2.37,29.1,85.8,100,0,NORMAL: Environmental telemetry within statutory parameters.
1716225880,SEC-UG-L3,0.12,15,0.12,2.07,34.2,73.9,99,0,NORMAL: Environmental telemetry within statutory parameters.
1716226000,SEC-CHP,0.09,8,0.27,1.26,25.8,86.1,74,0,NORMAL: Environmental telemetry within statutory parameters.
1716226120,SEC-CHP,0.04,7,0.11,2.29,30.4,63.9,133,0,NORMAL: Environmental telemetry within statutory parameters.
1716226240,SEC-CHP,0.05,9,0.36,2.31,31.3,69.2,135,0,NORMAL: Environmental telemetry within statutory parameters.
1716226360,SEC-HAUL-RD,0.13,6,0.12,2.2,24.6,71.9,592,1,ALERT: Airborne respirable dust concentration (592 mg/m³) exceeded DGMS permissible limits.
1716226480,SEC-PIT-A,0.44,85,0.5,0.61,32.3,80.9,72,1,WARNING: Elevated Carbon Monoxide (85 ppm) detected. Probable spontaneous heating.
1716226600,SEC-UG-L1,0.5,21,0.3,3.02,24.8,62.5,89,0,NORMAL: Environmental telemetry within statutory parameters.
1716226720,SEC-PIT-A,0.07,11,0.29,0.83,28.9,81.0,129,0,NORMAL: Environmental telemetry within statutory parameters.
1716226840,SEC-UG-L2,0.43,11,0.17,2.54,31.5,85.0,74,0,NORMAL: Environmental telemetry within statutory parameters.
1716226960,SEC-WORKSHOP-3,0.06,7,0.19,3.12,31.2,69.3,48,0,NORMAL: Environmental telemetry within statutory parameters.
1716227080,SEC-PIT-A,0.12,6,0.37,1.54,27.0,69.8,54,0,NORMAL: Environmental telemetry within statutory parameters.
1716227200,SEC-CRUSHER,0.15,11,0.13,3.06,25.2,79.0,131,0,NORMAL: Environmental telemetry within statutory parameters.
1716227320,SEC-WORKSHOP-3,0.06,10,0.38,2.02,32.1,70.8,88,0,NORMAL: Environmental telemetry within statutory parameters.
1716227440,SEC-CHP,0.13,5,0.34,1.46,35.0,77.4,44,0,NORMAL: Environmental telemetry within statutory parameters.
1716227560,SEC-WORKSHOP-3,0.08,11,0.21,2.86,33.1,68.2,69,0,NORMAL: Environmental telemetry within statutory parameters.
1716227680,SEC-WORKSHOP-3,0.11,12,0.1,1.3,24.4,87.3,36,0,NORMAL: Environmental telemetry within statutory parameters.
1716227800,SEC-PIT-B,0.07,12,0.23,1.52,25.4,68.8,53,0,NORMAL: Environmental telemetry within statutory parameters.
1716227920,SEC-UG-L3,0.2,12,0.3,2.91,28.4,64.3,131,0,NORMAL: Environmental telemetry within statutory parameters.
1716228040,SEC-PIT-B,0.08,9,0.33,2.25,28.1,70.0,131,0,NORMAL: Environmental telemetry within statutory parameters.
1716228160,SEC-HAUL-RD,0.04,9,0.28,1.46,31.4,62.5,71,0,NORMAL: Environmental telemetry within statutory parameters.
1716228280,SEC-PIT-B,0.12,10,0.31,2.11,30.1,73.0,45,0,NORMAL: Environmental telemetry within statutory parameters.
1716228400,SEC-PIT-A,0.09,7,0.15,2.43,27.3,84.5,135,0,NORMAL: Environmental telemetry within statutory parameters.
1716228520,SEC-MAGAZINE,0.12,11,0.24,2.21,30.2,87.8,88,0,NORMAL: Environmental telemetry within statutory parameters.
1716228640,SEC-CRUSHER,0.13,8,0.33,2.76,26.1,64.5,40,0,NORMAL: Environmental telemetry within statutory parameters.
1716228760,SEC-CHP,0.11,7,0.1,2.54,33.9,63.3,66,0,NORMAL: Environmental telemetry within statutory parameters.
1716228880,SEC-CRUSHER,0.1,12,0.25,1.2,34.0,70.8,808,1,ALERT: Airborne respirable dust concentration (808 mg/m³) exceeded DGMS permissible limits.
1716229000,SEC-PIT-A,0.05,6,0.11,1.87,30.8,76.9,140,0,NORMAL: Environmental telemetry within statutory parameters.
1716229120,SEC-PIT-A,0.13,3,0.36,1.3,33.4,66.7,95,0,NORMAL: Environmental telemetry within statutory parameters.
1716229240,SEC-WORKSHOP-3,0.1,10,0.31,2.13,33.0,62.9,40,0,NORMAL: Environmental telemetry within statutory parameters.
1716229360,SEC-CRUSHER,0.06,8,0.29,2.28,35.4,80.2,131,0,NORMAL: Environmental telemetry within statutory parameters.
1716229480,SEC-UG-L3,0.37,17,0.33,1.59,34.6,77.6,81,0,NORMAL: Environmental telemetry within statutory parameters.
1716229600,SEC-PIT-B,0.09,6,0.18,1.2,24.3,85.8,50,0,NORMAL: Environmental telemetry within statutory parameters.
1716229720,SEC-MAGAZINE,0.14,10,0.24,0.81,33.0,76.8,52,0,NORMAL: Environmental telemetry within statutory parameters.
1716229840,SEC-PIT-A,0.09,9,0.11,0.87,29.9,81.8,123,0,NORMAL: Environmental telemetry within statutory parameters.
1716229960,SEC-WORKSHOP-3,0.06,6,0.28,2.91,31.3,70.8,110,0,NORMAL: Environmental telemetry within statutory parameters.
1716230080,SEC-WORKSHOP-3,0.05,6,0.23,2.81,29.1,71.7,40,0,NORMAL: Environmental telemetry within statutory parameters.
1716230200,SEC-PIT-B,0.04,7,0.24,2.42,30.3,82.0,126,0,NORMAL: Environmental telemetry within statutory parameters.
1716230320,SEC-WORKSHOP-3,0.1,3,0.13,1.42,26.2,81.5,72,0,NORMAL: Environmental telemetry within statutory parameters.
1716230440,SEC-UG-L2,0.53,8,0.37,1.09,24.4,87.8,109,0,NORMAL: Environmental telemetry within statutory parameters.
1716230560,SEC-HAUL-RD,0.08,8,0.33,1.42,29.4,70.9,120,0,NORMAL: Environmental telemetry within statutory parameters.
1716230680,SEC-WORKSHOP-3,0.08,9,0.27,1.08,33.8,85.6,108,0,NORMAL: Environmental telemetry within statutory parameters.
1716230800,SEC-CHP,0.14,5,0.11,0.93,33.6,85.1,49,0,NORMAL: Environmental telemetry within statutory parameters.
1716230920,SEC-UG-L1,0.04,3,0.15,1.67,31.5,81.5,139,0,NORMAL: Environmental telemetry within statutory parameters.
1716231040,SEC-UG-L1,0.15,6,0.27,2.88,25.6,75.2,108,0,NORMAL: Environmental telemetry within statutory parameters.
1716231160,SEC-UG-L3,0.15,3,0.17,1.06,30.9,82.7,89,0,NORMAL: Environmental telemetry within statutory parameters.
1716231280,SEC-PIT-A,0.07,5,0.11,2.99,29.5,70.2,83,0,NORMAL: Environmental telemetry within statutory parameters.
1716231400,SEC-MAGAZINE,0.12,9,0.29,1.39,34.0,77.2,120,0,NORMAL: Environmental telemetry within statutory parameters.
1716231520,SEC-CHP,0.1,4,0.08,0.84,34.1,67.7,50,0,NORMAL: Environmental telemetry within statutory parameters.
1716231640,SEC-WORKSHOP-3,0.12,5,0.23,2.77,33.1,84.0,109,0,NORMAL: Environmental telemetry within statutory parameters.
1716231760,SEC-PIT-B,0.07,8,0.18,2.64,25.6,81.6,49,0,NORMAL: Environmental telemetry within statutory parameters.
1716231880,SEC-WORKSHOP-3,0.08,4,0.12,2.22,30.5,74.2,132,0,NORMAL: Environmental telemetry within statutory parameters.
1716232000,SEC-CHP,0.06,3,0.31,2.75,25.8,80.6,94,0,NORMAL: Environmental telemetry within statutory parameters.
1716232120,SEC-PIT-A,0.13,9,0.31,2.82,32.9,71.8,82,0,NORMAL: Environmental telemetry within statutory parameters.
1716232240,SEC-WORKSHOP-3,0.04,4,0.21,0.87,24.7,74.0,61,0,NORMAL: Environmental telemetry within statutory parameters.
1716232360,SEC-PIT-B,0.13,10,0.24,2.34,29.5,80.2,64,0,NORMAL: Environmental telemetry within statutory parameters.
1716232480,SEC-UG-L2,0.2,10,0.24,2.66,27.4,62.0,91,0,NORMAL: Environmental telemetry within statutory parameters.
1716232600,SEC-UG-L3,0.21,17,0.28,1.72,30.5,69.3,55,0,NORMAL: Environmental telemetry within statutory parameters.
1716232720,SEC-CRUSHER,0.08,5,0.35,1.25,33.6,87.9,101,0,NORMAL: Environmental telemetry within statutory parameters.
1716232840,SEC-WORKSHOP-3,0.07,3,0.21,2.94,26.4,73.4,122,0,NORMAL: Environmental telemetry within statutory parameters.
1716232960,SEC-PIT-B,0.12,8,0.14,2.12,29.5,79.4,86,0,NORMAL: Environmental telemetry within statutory parameters.
1716233080,SEC-CHP,0.06,11,0.21,2.01,31.0,71.4,95,0,NORMAL: Environmental telemetry within statutory parameters.
1716233200,SEC-PIT-A,0.1,11,0.38,2.22,26.0,79.4,64,0,NORMAL: Environmental telemetry within statutory parameters.
1716233320,SEC-CHP,0.07,8,0.32,2.45,32.9,73.3,112,0,NORMAL: Environmental telemetry within statutory parameters.
1716233440,SEC-HAUL-RD,0.05,8,0.26,1.88,32.9,68.8,67,0,NORMAL: Environmental telemetry within statutory parameters.
1716233560,SEC-CHP,0.05,10,0.23,2.92,32.2,69.6,98,0,NORMAL: Environmental telemetry within statutory parameters.
1716233680,SEC-UG-L1,0.08,3,0.15,2.68,25.7,65.1,68,0,NORMAL: Environmental telemetry within statutory parameters.
1716233800,SEC-UG-L2,0.42,7,0.22,1.29,32.1,64.9,42,0,NORMAL: Environmental telemetry within statutory parameters.
1716233920,SEC-UG-L1,0.09,5,0.33,2.79,34.2,71.9,118,0,NORMAL: Environmental telemetry within statutory parameters.
1716234040,SEC-PIT-B,0.05,5,0.1,1.51,34.2,70.4,113,0,NORMAL: Environmental telemetry within statutory parameters.
1716234160,SEC-UG-L3,0.32,21,0.25,0.88,34.8,83.4,57,0,NORMAL: Environmental telemetry within statutory parameters.
1716234280,SEC-HAUL-RD,0.21,63,0.92,1.79,33.1,60.4,195,1,WARNING: Elevated Carbon Monoxide (63 ppm) detected. Probable spontaneous heating.
1716234400,SEC-UG-L3,0.24,18,0.33,0.95,24.3,62.0,104,0,NORMAL: Environmental telemetry within statutory parameters.
1716234520,SEC-WORKSHOP-3,0.12,6,0.32,0.99,29.1,81.8,59,0,NORMAL: Environmental telemetry within statutory parameters.
1716234640,SEC-CHP,0.14,7,0.25,1.3,33.6,65.1,87,0,NORMAL: Environmental telemetry within statutory parameters.
1716234760,SEC-UG-L3,0.15,6,0.34,1.86,27.2,72.4,107,0,NORMAL: Environmental telemetry within statutory parameters.
1716234880,SEC-UG-L2,0.04,10,0.37,0.88,32.7,69.1,85,0,NORMAL: Environmental telemetry within statutory parameters.
1716235000,SEC-PIT-A,0.08,12,0.33,2.12,32.0,66.1,48,0,NORMAL: Environmental telemetry within statutory parameters.
1716235120,SEC-HAUL-RD,0.09,5,0.38,1.98,33.9,64.5,104,0,NORMAL: Environmental telemetry within statutory parameters.
1716235240,SEC-HAUL-RD,0.08,8,0.28,1.52,30.5,72.0,133,0,NORMAL: Environmental telemetry within statutory parameters.
1716235360,SEC-UG-L1,0.41,17,0.2,1.59,29.2,64.7,56,0,NORMAL: Environmental telemetry within statutory parameters.
1716235480,SEC-UG-L3,0.14,18,0.16,2.6,28.3,72.7,110,0,NORMAL: Environmental telemetry within statutory parameters.
1716235600,SEC-PIT-A,0.1,7,0.32,1.8,35.4,81.1,98,0,NORMAL: Environmental telemetry within statutory parameters.
1716235720,SEC-PIT-A,0.1,4,0.25,2.82,30.8,64.6,56,0,NORMAL: Environmental telemetry within statutory parameters.
1716235840,SEC-PIT-B,0.13,7,0.34,1.37,27.2,75.2,39,0,NORMAL: Environmental telemetry within statutory parameters.
1716235960,SEC-PIT-A,0.06,5,0.18,1.26,26.0,86.8,61,0,NORMAL: Environmental telemetry within statutory parameters.
1716236080,SEC-UG-L2,0.06,14,0.35,2.73,33.8,61.7,79,0,NORMAL: Environmental telemetry within statutory parameters.
1716236200,SEC-HAUL-RD,0.06,8,0.17,2.71,34.3,66.3,122,0,NORMAL: Environmental telemetry within statutory parameters.
1716236320,SEC-CRUSHER,0.13,11,0.17,2.68,26.2,81.7,114,0,NORMAL: Environmental telemetry within statutory parameters.
1716236440,SEC-UG-L2,0.19,10,0.2,1.19,25.5,82.7,89,0,NORMAL: Environmental telemetry within statutory parameters.
1716236560,SEC-PIT-A,0.12,11,0.38,1.35,33.6,82.1,51,0,NORMAL: Environmental telemetry within statutory parameters.
1716236680,SEC-UG-L3,0.49,4,0.21,1.6,28.5,85.4,111,0,NORMAL: Environmental telemetry within statutory parameters.
1716236800,SEC-HAUL-RD,0.05,3,0.12,1.38,28.6,62.1,98,0,NORMAL: Environmental telemetry within statutory parameters.
1716236920,SEC-WORKSHOP-3,0.08,5,0.1,0.84,30.8,84.3,58,0,NORMAL: Environmental telemetry within statutory parameters.
1716237040,SEC-PIT-B,0.14,8,0.27,2.71,25.5,71.1,110,0,NORMAL: Environmental telemetry within statutory parameters.
1716237160,SEC-PIT-B,0.05,8,0.15,1.76,33.8,67.7,89,0,NORMAL: Environmental telemetry within statutory parameters.
1716237280,SEC-CHP,0.13,9,0.16,1.05,32.1,84.9,53,0,NORMAL: Environmental telemetry within statutory parameters.
1716237400,SEC-CRUSHER,0.13,6,0.09,2.17,31.6,84.6,55,0,NORMAL: Environmental telemetry within statutory parameters.
1716237520,SEC-UG-L3,0.11,4,0.14,2.49,28.1,66.4,43,0,NORMAL: Environmental telemetry within statutory parameters.
1716237640,SEC-CHP,0.07,7,0.14,2.65,30.7,62.9,47,0,NORMAL: Environmental telemetry within statutory parameters.
1716237760,SEC-UG-L2,0.07,17,0.23,2.22,25.6,73.1,116,0,NORMAL: Environmental telemetry within statutory parameters.
1716237880,SEC-UG-L1,0.42,7,0.13,1.02,26.7,82.9,104,0,NORMAL: Environmental telemetry within statutory parameters.
1716238000,SEC-CHP,0.1,4,0.26,2.57,27.5,75.2,35,0,NORMAL: Environmental telemetry within statutory parameters.
1716238120,SEC-WORKSHOP-3,0.29,11,0.39,2.76,30.8,87.6,567,1,ALERT: Airborne respirable dust concentration (567 mg/m³) exceeded DGMS permissible limits.
1716238240,SEC-CRUSHER,0.08,12,0.36,1.2,32.2,78.6,94,0,NORMAL: Environmental telemetry within statutory parameters.
1716238360,SEC-CRUSHER,0.14,8,0.27,2.69,32.5,74.9,80,0,NORMAL: Environmental telemetry within statutory parameters.
1716238480,SEC-MAGAZINE,0.13,9,0.29,1.95,33.1,60.5,86,0,NORMAL: Environmental telemetry within statutory parameters.
1716238600,SEC-MAGAZINE,0.09,12,0.31,1.67,33.9,77.9,62,0,NORMAL: Environmental telemetry within statutory parameters.
1716238720,SEC-CHP,0.05,12,0.2,2.13,26.1,69.8,57,0,NORMAL: Environmental telemetry within statutory parameters.
1716238840,SEC-PIT-B,0.08,9,0.13,2.92,29.1,75.5,73,0,NORMAL: Environmental telemetry within statutory parameters.
1716238960,SEC-UG-L2,0.17,8,0.27,1.02,33.1,66.9,56,0,NORMAL: Environmental telemetry within statutory parameters.
1716239080,SEC-UG-L3,0.33,8,0.26,2.69,32.1,71.7,112,0,NORMAL: Environmental telemetry within statutory parameters.
1716239200,SEC-UG-L1,0.27,7,0.2,0.8,33.5,61.5,78,0,NORMAL: Environmental telemetry within statutory parameters.
1716239320,SEC-HAUL-RD,0.06,4,0.22,1.48,24.2,66.5,40,0,NORMAL: Environmental telemetry within statutory parameters.
1716239440,SEC-PIT-B,1.85,22,0.49,0.88,25.5,68.3,85,1,CRITICAL: Methane concentration (1.85%) exceeded statutory limit (1.25%) in SEC-PIT-B.
1716239560,SEC-WORKSHOP-3,0.14,6,0.19,0.81,28.8,60.6,40,0,NORMAL: Environmental telemetry within statutory parameters.
1716239680,SEC-MAGAZINE,0.09,3,0.18,1.47,34.6,81.0,49,0,NORMAL: Environmental telemetry within statutory parameters.
1716239800,SEC-PIT-A,0.09,5,0.2,1.32,32.2,69.9,102,0,NORMAL: Environmental telemetry within statutory parameters.
1716239920,SEC-PIT-A,0.07,5,0.14,1.82,33.5,78.5,91,0,NORMAL: Environmental telemetry within statutory parameters.
1716240040,SEC-UG-L2,0.14,9,0.32,1.08,34.8,77.3,117,0,NORMAL: Environmental telemetry within statutory parameters.
1716240160,SEC-UG-L3,0.53,12,0.12,1.28,28.5,67.7,47,0,NORMAL: Environmental telemetry within statutory parameters.
1716240280,SEC-UG-L3,0.42,17,0.13,1.93,30.0,73.3,84,0,NORMAL: Environmental telemetry within statutory parameters.
1716240400,SEC-CRUSHER,0.12,9,0.34,1.3,31.0,65.0,67,0,NORMAL: Environmental telemetry within statutory parameters.
1716240520,SEC-PIT-A,0.14,4,0.22,2.86,29.9,72.4,47,0,NORMAL: Environmental telemetry within statutory parameters.
1716240640,SEC-PIT-B,0.09,12,0.25,1.21,26.1,84.7,124,0,NORMAL: Environmental telemetry within statutory parameters.
1716240760,SEC-UG-L3,0.27,11,0.31,0.99,25.9,67.5,98,0,NORMAL: Environmental telemetry within statutory parameters.
1716240880,SEC-CRUSHER,0.13,11,0.33,2.17,30.6,87.9,92,0,NORMAL: Environmental telemetry within statutory parameters.
1716241000,SEC-UG-L1,0.19,20,0.19,1.34,25.6,75.7,132,0,NORMAL: Environmental telemetry within statutory parameters.
1716241120,SEC-PIT-A,0.09,6,0.23,2.56,24.7,60.3,69,0,NORMAL: Environmental telemetry within statutory parameters.
1716241240,SEC-PIT-A,0.06,8,0.27,1.55,34.9,64.9,129,0,NORMAL: Environmental telemetry within statutory parameters.
1716241360,SEC-CRUSHER,0.07,12,0.26,2.8,30.7,66.2,39,0,NORMAL: Environmental telemetry within statutory parameters.
1716241480,SEC-MAGAZINE,0.11,20,0.35,2.27,27.4,72.8,528,1,ALERT: Airborne respirable dust concentration (528 mg/m³) exceeded DGMS permissible limits.
1716241600,SEC-MAGAZINE,0.06,3,0.2,1.7,32.7,83.6,104,0,NORMAL: Environmental telemetry within statutory parameters.
1716241720,SEC-CHP,0.07,9,0.33,1.12,32.7,71.3,84,0,NORMAL: Environmental telemetry within statutory parameters.
1716241840,SEC-PIT-B,0.07,4,0.24,2.76,31.0,60.9,130,0,NORMAL: Environmental telemetry within statutory parameters.
1716241960,SEC-PIT-A,0.09,5,0.25,1.06,29.9,69.4,134,0,NORMAL: Environmental telemetry within statutory parameters.
1716242080,SEC-WORKSHOP-3,0.13,9,0.09,3.14,28.7,84.7,81,0,NORMAL: Environmental telemetry within statutory parameters.
1716242200,SEC-PIT-A,0.04,6,0.21,3.0,29.9,65.9,110,0,NORMAL: Environmental telemetry within statutory parameters.
1716242320,SEC-CRUSHER,0.09,6,0.09,1.77,33.1,85.3,124,0,NORMAL: Environmental telemetry within statutory parameters.
1716242440,SEC-MAGAZINE,0.06,5,0.21,2.93,34.5,78.0,95,0,NORMAL: Environmental telemetry within statutory parameters.
1716242560,SEC-PIT-B,0.12,10,0.23,2.02,26.5,81.3,77,0,NORMAL: Environmental telemetry within statutory parameters.
1716242680,SEC-HAUL-RD,0.05,10,0.31,2.17,27.5,82.8,61,0,NORMAL: Environmental telemetry within statutory parameters.
1716242800,SEC-MAGAZINE,0.14,11,0.31,3.17,32.5,68.8,38,0,NORMAL: Environmental telemetry within statutory parameters.
1716242920,SEC-CHP,0.13,7,0.25,1.13,32.0,61.6,50,0,NORMAL: Environmental telemetry within statutory parameters.
1716243040,SEC-MAGAZINE,0.12,4,0.24,1.76,29.1,71.4,127,0,NORMAL: Environmental telemetry within statutory parameters.
1716243160,SEC-UG-L2,0.07,5,0.2,1.19,34.3,60.4,121,0,NORMAL: Environmental telemetry within statutory parameters.
1716243280,SEC-UG-L2,0.34,8,0.31,2.02,24.9,87.9,113,0,NORMAL: Environmental telemetry within statutory parameters.
1716243400,SEC-MAGAZINE,0.09,11,0.13,2.49,26.3,82.5,133,0,NORMAL: Environmental telemetry within statutory parameters.
1716243520,SEC-WORKSHOP-3,0.12,3,0.24,2.77,31.0,64.8,74,0,NORMAL: Environmental telemetry within statutory parameters.
1716243640,SEC-HAUL-RD,0.04,12,0.24,3.09,35.2,62.4,65,0,NORMAL: Environmental telemetry within statutory parameters.
1716243760,SEC-UG-L2,0.19,22,0.29,1.07,32.9,77.1,80,0,NORMAL: Environmental telemetry within statutory parameters.
1716243880,SEC-CRUSHER,0.15,12,0.13,2.28,30.2,65.3,139,0,NORMAL: Environmental telemetry within statutory parameters.
1716244000,SEC-CHP,0.11,5,0.37,1.45,34.5,80.8,106,0,NORMAL: Environmental telemetry within statutory parameters.
1716244120,SEC-UG-L3,0.17,4,0.29,2.68,31.8,80.7,123,0,NORMAL: Environmental telemetry within statutory parameters.
1716244240,SEC-WORKSHOP-3,0.05,10,0.23,3.03,31.3,86.7,84,0,NORMAL: Environmental telemetry within statutory parameters.
1716244360,SEC-UG-L3,0.39,13,0.34,2.07,32.7,85.8,131,0,NORMAL: Environmental telemetry within statutory parameters.
1716244480,SEC-PIT-B,0.13,12,0.36,2.38,29.9,69.2,118,0,NORMAL: Environmental telemetry within statutory parameters.
1716244600,SEC-UG-L2,0.44,6,0.22,3.05,28.7,68.4,54,0,NORMAL: Environmental telemetry within statutory parameters.
1716244720,SEC-WORKSHOP-3,0.06,11,0.27,0.88,34.3,86.9,116,0,NORMAL: Environmental telemetry within statutory parameters.
1716244840,SEC-PIT-B,0.08,11,0.13,3.07,26.0,84.4,105,0,NORMAL: Environmental telemetry within statutory parameters.
1716244960,SEC-UG-L3,0.47,13,0.31,0.87,29.3,74.5,37,0,NORMAL: Environmental telemetry within statutory parameters.
1716245080,SEC-HAUL-RD,0.14,5,0.27,1.92,25.0,71.7,70,0,NORMAL: Environmental telemetry within statutory parameters.
1716245200,SEC-PIT-A,0.11,4,0.3,2.92,33.9,64.8,84,0,NORMAL: Environmental telemetry within statutory parameters.
1716245320,SEC-WORKSHOP-3,0.05,11,0.09,1.12,26.8,63.4,37,0,NORMAL: Environmental telemetry within statutory parameters.
1716245440,SEC-PIT-A,0.13,9,0.14,2.96,27.2,66.1,68,0,NORMAL: Environmental telemetry within statutory parameters.
1716245560,SEC-HAUL-RD,0.11,7,0.18,2.05,34.1,85.2,140,0,NORMAL: Environmental telemetry within statutory parameters.
1716245680,SEC-PIT-B,0.12,7,0.32,3.03,27.4,78.4,53,0,NORMAL: Environmental telemetry within statutory parameters.
1716245800,SEC-CHP,0.11,12,0.11,3.02,29.3,67.0,63,0,NORMAL: Environmental telemetry within statutory parameters.
1716245920,SEC-UG-L1,0.18,17,0.2,2.76,24.7,77.1,125,0,NORMAL: Environmental telemetry within statutory parameters.
1716246040,SEC-WORKSHOP-3,0.72,30,0.61,0.23,27.5,69.9,266,1,ALERT: Air velocity dropped to 0.23 m/s (Statutory Minimum: 0.5 m/s).
1716246160,SEC-UG-L2,0.26,19,0.31,2.48,29.1,70.3,139,0,NORMAL: Environmental telemetry within statutory parameters.
1716246280,SEC-UG-L3,0.54,15,0.33,1.45,30.3,63.3,100,0,NORMAL: Environmental telemetry within statutory parameters.
1716246400,SEC-HAUL-RD,0.09,11,0.19,3.05,28.7,88.0,86,0,NORMAL: Environmental telemetry within statutory parameters.
1716246520,SEC-UG-L1,0.06,15,0.32,2.25,35.2,71.4,114,0,NORMAL: Environmental telemetry within statutory parameters.
1716246640,SEC-HAUL-RD,1.02,38,1.15,0.27,34.2,85.3,308,1,ALERT: Air velocity dropped to 0.27 m/s (Statutory Minimum: 0.5 m/s).
1716246760,SEC-UG-L1,0.53,8,0.26,1.73,35.1,75.8,56,0,NORMAL: Environmental telemetry within statutory parameters.
1716246880,SEC-UG-L1,0.22,19,0.38,2.14,26.0,85.0,688,1,ALERT: Airborne respirable dust concentration (688 mg/m³) exceeded DGMS permissible limits.
1716247000,SEC-CRUSHER,0.1,12,0.28,1.17,30.9,86.6,129,0,NORMAL: Environmental telemetry within statutory parameters.
1716247120,SEC-MAGAZINE,0.08,11,0.3,2.88,30.4,73.0,86,0,NORMAL: Environmental telemetry within statutory parameters.
1716247240,SEC-WORKSHOP-3,0.06,9,0.08,1.09,30.0,61.4,67,0,NORMAL: Environmental telemetry within statutory parameters.
1716247360,SEC-UG-L3,0.45,6,0.18,2.25,26.2,81.4,130,0,NORMAL: Environmental telemetry within statutory parameters.
1716247480,SEC-PIT-B,0.05,3,0.09,2.95,27.4,78.3,72,0,NORMAL: Environmental telemetry within statutory parameters.
1716247600,SEC-WORKSHOP-3,0.06,12,0.3,3.07,27.5,78.3,136,0,NORMAL: Environmental telemetry within statutory parameters.
1716247720,SEC-UG-L2,0.48,21,0.1,1.52,26.3,82.7,37,0,NORMAL: Environmental telemetry within statutory parameters.
1716247840,SEC-WORKSHOP-3,0.14,11,0.22,0.88,30.2,78.0,113,0,NORMAL: Environmental telemetry within statutory parameters.
1716247960,SEC-CRUSHER,0.12,5,0.17,0.83,35.2,78.2,114,0,NORMAL: Environmental telemetry within statutory parameters.
1716248080,SEC-PIT-A,0.07,6,0.09,3.04,28.9,86.4,89,0,NORMAL: Environmental telemetry within statutory parameters.
1716248200,SEC-PIT-B,0.07,12,0.2,3.0,34.8,83.2,107,0,NORMAL: Environmental telemetry within statutory parameters.
1716248320,SEC-MAGAZINE,0.15,3,0.27,2.86,30.1,84.6,86,0,NORMAL: Environmental telemetry within statutory parameters.
1716248440,SEC-PIT-B,0.08,3,0.21,1.78,34.8,72.1,47,0,NORMAL: Environmental telemetry within statutory parameters.
1716248560,SEC-CHP,0.06,7,0.33,0.82,33.1,68.6,66,0,NORMAL: Environmental telemetry within statutory parameters.
1716248680,SEC-UG-L3,0.12,10,0.37,2.38,31.6,68.8,96,0,NORMAL: Environmental telemetry within statutory parameters.
1716248800,SEC-CRUSHER,0.05,10,0.23,2.34,29.7,87.2,44,0,NORMAL: Environmental telemetry within statutory parameters.
1716248920,SEC-PIT-A,0.05,12,0.31,1.23,25.7,69.3,40,0,NORMAL: Environmental telemetry within statutory parameters.
1716249040,SEC-HAUL-RD,0.1,4,0.26,2.04,26.4,61.1,59,0,NORMAL: Environmental telemetry within statutory parameters.
1716249160,SEC-UG-L3,0.45,12,0.16,1.88,31.0,81.8,105,0,NORMAL: Environmental telemetry within statutory parameters.
1716249280,SEC-WORKSHOP-3,0.09,11,0.2,1.11,27.6,61.8,63,0,NORMAL: Environmental telemetry within statutory parameters.
1716249400,SEC-PIT-A,0.09,8,0.1,2.62,33.0,77.6,44,0,NORMAL: Environmental telemetry within statutory parameters.
1716249520,SEC-MAGAZINE,0.15,4,0.22,1.37,25.9,75.1,119,0,NORMAL: Environmental telemetry within statutory parameters.
1716249640,SEC-CHP,0.85,28,0.53,0.24,33.1,74.2,232,1,ALERT: Air velocity dropped to 0.24 m/s (Statutory Minimum: 0.5 m/s).
1716249760,SEC-CHP,0.12,4,0.18,2.8,27.1,82.4,68,0,NORMAL: Environmental telemetry within statutory parameters.
1716249880,SEC-CRUSHER,0.07,4,0.36,0.91,33.4,60.1,97,0,NORMAL: Environmental telemetry within statutory parameters.
1716250000,SEC-UG-L3,0.64,52,0.9,0.91,25.3,67.7,129,1,WARNING: Elevated Carbon Monoxide (52 ppm) detected. Probable spontaneous heating.
1716250120,SEC-PIT-A,0.07,11,0.12,1.0,24.3,65.9,104,0,NORMAL: Environmental telemetry within statutory parameters.
1716250240,SEC-CRUSHER,0.06,3,0.15,1.69,30.3,71.2,140,0,NORMAL: Environmental telemetry within statutory parameters.
1716250360,SEC-UG-L3,0.39,3,0.28,2.08,25.7,69.0,36,0,NORMAL: Environmental telemetry within statutory parameters.
1716250480,SEC-HAUL-RD,0.05,9,0.16,1.85,26.4,65.7,111,0,NORMAL: Environmental telemetry within statutory parameters.
1716250600,SEC-UG-L2,0.25,9,0.1,1.26,27.4,83.8,94,0,NORMAL: Environmental telemetry within statutory parameters.
1716250720,SEC-MAGAZINE,0.14,9,0.23,2.01,30.4,87.8,112,0,NORMAL: Environmental telemetry within statutory parameters.
1716250840,SEC-PIT-A,0.04,4,0.26,2.28,33.6,83.0,104,0,NORMAL: Environmental telemetry within statutory parameters.
1716250960,SEC-UG-L3,0.08,9,0.28,2.99,28.5,62.8,138,0,NORMAL: Environmental telemetry within statutory parameters.
1716251080,SEC-CHP,0.1,11,0.09,1.19,26.8,78.4,86,0,NORMAL: Environmental telemetry within statutory parameters.
1716251200,SEC-PIT-B,0.08,7,0.38,2.72,35.4,64.1,121,0,NORMAL: Environmental telemetry within statutory parameters.
1716251320,SEC-CHP,0.14,3,0.22,3.08,32.2,68.3,81,0,NORMAL: Environmental telemetry within statutory parameters.
1716251440,SEC-PIT-A,0.11,5,0.36,2.95,29.1,61.8,45,0,NORMAL: Environmental telemetry within statutory parameters.
1716251560,SEC-CRUSHER,0.13,12,0.18,1.39,28.8,82.2,69,0,NORMAL: Environmental telemetry within statutory parameters.
1716251680,SEC-CRUSHER,0.05,9,0.13,1.58,30.6,85.8,132,0,NORMAL: Environmental telemetry within statutory parameters.
1716251800,SEC-CHP,0.04,9,0.1,2.08,25.5,73.6,37,0,NORMAL: Environmental telemetry within statutory parameters.
1716251920,SEC-MAGAZINE,0.04,9,0.24,0.92,24.6,66.6,139,0,NORMAL: Environmental telemetry within statutory parameters.
1716252040,SEC-CRUSHER,0.09,3,0.19,1.11,34.2,62.5,102,0,NORMAL: Environmental telemetry within statutory parameters.
1716252160,SEC-CRUSHER,0.04,11,0.26,0.83,30.7,76.6,62,0,NORMAL: Environmental telemetry within statutory parameters.
1716252280,SEC-UG-L1,0.48,61,0.66,0.53,27.9,79.3,117,1,WARNING: Elevated Carbon Monoxide (61 ppm) detected. Probable spontaneous heating.
1716252400,SEC-WORKSHOP-3,0.1,12,0.19,2.86,31.5,65.2,108,0,NORMAL: Environmental telemetry within statutory parameters.
1716252520,SEC-CRUSHER,0.11,19,0.2,2.63,34.7,78.5,732,1,ALERT: Airborne respirable dust concentration (732 mg/m³) exceeded DGMS permissible limits.
1716252640,SEC-UG-L3,0.54,21,0.37,0.91,32.6,87.0,71,0,NORMAL: Environmental telemetry within statutory parameters.
1716252760,SEC-UG-L3,0.51,10,0.23,1.1,31.3,63.4,37,0,NORMAL: Environmental telemetry within statutory parameters.
1716252880,SEC-MAGAZINE,0.08,8,0.24,1.48,32.8,71.1,71,0,NORMAL: Environmental telemetry within statutory parameters.
1716253000,SEC-CRUSHER,0.06,8,0.12,1.98,24.6,79.6,98,0,NORMAL: Environmental telemetry within statutory parameters.
1716253120,SEC-CRUSHER,0.13,18,0.35,1.62,24.4,60.3,696,1,ALERT: Airborne respirable dust concentration (696 mg/m³) exceeded DGMS permissible limits.
1716253240,SEC-WORKSHOP-3,0.06,9,0.35,1.77,26.3,82.4,51,0,NORMAL: Environmental telemetry within statutory parameters.
1716253360,SEC-PIT-B,0.08,4,0.19,1.28,24.8,66.5,35,0,NORMAL: Environmental telemetry within statutory parameters.
1716253480,SEC-PIT-B,0.13,8,0.21,1.63,30.6,70.5,91,0,NORMAL: Environmental telemetry within statutory parameters.
1716253600,SEC-UG-L1,0.08,10,0.26,1.54,27.1,79.9,107,0,NORMAL: Environmental telemetry within statutory parameters.
1716253720,SEC-UG-L3,0.23,6,0.28,1.57,30.7,68.9,94,0,NORMAL: Environmental telemetry within statutory parameters.
1716253840,SEC-WORKSHOP-3,0.14,4,0.31,3.04,30.6,71.1,116,0,NORMAL: Environmental telemetry within statutory parameters.
1716253960,SEC-UG-L3,0.25,9,0.21,1.73,30.4,65.5,50,0,NORMAL: Environmental telemetry within statutory parameters.
1716254080,SEC-CHP,0.09,11,0.22,2.11,28.3,73.1,35,0,NORMAL: Environmental telemetry within statutory parameters.
1716254200,SEC-UG-L1,0.55,18,0.33,2.72,30.2,66.8,46,0,NORMAL: Environmental telemetry within statutory parameters.
1716254320,SEC-PIT-A,0.05,5,0.13,2.25,29.6,66.1,90,0,NORMAL: Environmental telemetry within statutory parameters.
1716254440,SEC-UG-L1,0.35,18,0.14,2.44,30.5,84.1,61,0,NORMAL: Environmental telemetry within statutory parameters.
1716254560,SEC-UG-L3,0.13,20,0.36,1.57,25.9,71.1,132,0,NORMAL: Environmental telemetry within statutory parameters.
1716254680,SEC-WORKSHOP-3,0.13,5,0.16,1.85,31.2,79.9,65,0,NORMAL: Environmental telemetry within statutory parameters.
1716254800,SEC-UG-L2,0.48,7,0.09,1.37,24.2,62.6,58,0,NORMAL: Environmental telemetry within statutory parameters.
1716254920,SEC-PIT-A,0.24,63,0.76,0.88,35.1,73.9,104,1,WARNING: Elevated Carbon Monoxide (63 ppm) detected. Probable spontaneous heating.
1716255040,SEC-PIT-B,0.1,12,0.08,2.41,33.4,84.1,77,0,NORMAL: Environmental telemetry within statutory parameters.
1716255160,SEC-CHP,0.12,5,0.35,0.94,27.7,75.9,91,0,NORMAL: Environmental telemetry within statutory parameters.
1716255280,SEC-HAUL-RD,0.06,6,0.12,0.81,33.1,87.6,85,0,NORMAL: Environmental telemetry within statutory parameters.
1716255400,SEC-UG-L2,0.13,16,0.38,2.54,34.5,73.8,54,0,NORMAL: Environmental telemetry within statutory parameters.
1716255520,SEC-WORKSHOP-3,0.06,4,0.2,2.54,35.0,86.7,124,0,NORMAL: Environmental telemetry within statutory parameters.
1716255640,SEC-CRUSHER,0.12,3,0.36,1.86,30.4,61.5,61,0,NORMAL: Environmental telemetry within statutory parameters.
1716255760,SEC-CRUSHER,0.08,8,0.13,2.01,25.6,68.1,73,0,NORMAL: Environmental telemetry within statutory parameters.
1716255880,SEC-PIT-A,0.13,7,0.3,1.12,27.1,78.9,98,0,NORMAL: Environmental telemetry within statutory parameters.
1716256000,SEC-CRUSHER,0.12,11,0.13,1.89,28.3,85.9,52,0,NORMAL: Environmental telemetry within statutory parameters.
1716256120,SEC-CRUSHER,0.04,3,0.15,1.77,29.8,87.5,138,0,NORMAL: Environmental telemetry within statutory parameters.
1716256240,SEC-CRUSHER,0.13,9,0.3,1.48,27.1,76.7,92,0,NORMAL: Environmental telemetry within statutory parameters.
1716256360,SEC-HAUL-RD,0.1,6,0.37,2.48,31.8,81.0,108,0,NORMAL: Environmental telemetry within statutory parameters.
1716256480,SEC-MAGAZINE,0.13,12,0.32,1.42,29.8,61.0,125,0,NORMAL: Environmental telemetry within statutory parameters.
1716256600,SEC-HAUL-RD,0.13,3,0.34,2.23,31.6,64.0,137,0,NORMAL: Environmental telemetry within statutory parameters.
1716256720,SEC-CRUSHER,0.09,6,0.12,2.59,27.0,70.7,110,0,NORMAL: Environmental telemetry within statutory parameters.
1716256840,SEC-UG-L1,0.41,21,0.29,2.91,31.5,78.5,138,0,NORMAL: Environmental telemetry within statutory parameters.
1716256960,SEC-PIT-B,0.07,8,0.15,0.84,24.8,79.2,124,0,NORMAL: Environmental telemetry within statutory parameters.
1716257080,SEC-CRUSHER,0.15,5,0.12,1.26,35.2,79.7,110,0,NORMAL: Environmental telemetry within statutory parameters.
1716257200,SEC-UG-L3,0.19,8,0.18,2.52,29.8,73.8,130,0,NORMAL: Environmental telemetry within statutory parameters.
1716257320,SEC-MAGAZINE,0.1,5,0.14,2.06,31.5,61.6,104,0,NORMAL: Environmental telemetry within statutory parameters.
1716257440,SEC-MAGAZINE,0.07,9,0.24,1.72,35.4,65.6,44,0,NORMAL: Environmental telemetry within statutory parameters.
1716257560,SEC-UG-L3,0.23,12,0.22,3.15,30.2,84.4,111,0,NORMAL: Environmental telemetry within statutory parameters.
1716257680,SEC-UG-L3,0.42,13,0.23,2.45,27.1,81.7,114,0,NORMAL: Environmental telemetry within statutory parameters.
1716257800,SEC-CRUSHER,0.11,6,0.37,2.86,25.8,71.1,91,0,NORMAL: Environmental telemetry within statutory parameters.
1716257920,SEC-PIT-B,1.85,19,0.51,1.14,24.1,71.7,73,1,CRITICAL: Methane concentration (1.85%) exceeded statutory limit (1.25%) in SEC-PIT-B.
1716258040,SEC-CHP,0.12,11,0.2,1.47,31.7,74.6,98,0,NORMAL: Environmental telemetry within statutory parameters.
1716258160,SEC-CRUSHER,0.12,8,0.35,1.64,26.9,72.1,57,0,NORMAL: Environmental telemetry within statutory parameters.
1716258280,SEC-PIT-A,0.26,15,0.26,2.62,33.8,68.2,751,1,ALERT: Airborne respirable dust concentration (751 mg/m³) exceeded DGMS permissible limits.
1716258400,SEC-PIT-A,0.09,8,0.16,1.06,34.3,84.1,57,0,NORMAL: Environmental telemetry within statutory parameters.
1716258520,SEC-UG-L3,0.38,5,0.14,2.7,26.3,71.4,583,1,ALERT: Airborne respirable dust concentration (583 mg/m³) exceeded DGMS permissible limits.
1716258640,SEC-MAGAZINE,0.04,6,0.33,2.77,32.4,72.7,40,0,NORMAL: Environmental telemetry within statutory parameters.
1716258760,SEC-UG-L2,0.06,22,0.17,3.05,34.5,74.4,54,0,NORMAL: Environmental telemetry within statutory parameters.
1716258880,SEC-CRUSHER,2.09,25,0.67,1.36,26.6,87.5,176,1,CRITICAL: Methane concentration (2.09%) exceeded statutory limit (1.25%) in SEC-CRUSHER.
1716259000,SEC-UG-L3,0.15,21,0.08,2.65,24.8,77.0,116,0,NORMAL: Environmental telemetry within statutory parameters.
1716259120,SEC-HAUL-RD,0.13,12,0.34,1.12,27.9,64.3,69,0,NORMAL: Environmental telemetry within statutory parameters.
1716259240,SEC-UG-L3,0.22,22,0.16,0.83,34.5,73.0,75,0,NORMAL: Environmental telemetry within statutory parameters.
1716259360,SEC-CHP,0.08,10,0.17,2.02,30.6,74.0,36,0,NORMAL: Environmental telemetry within statutory parameters.
1716259480,SEC-UG-L2,0.39,13,0.26,2.31,24.5,78.4,105,0,NORMAL: Environmental telemetry within statutory parameters.
1716259600,SEC-CRUSHER,0.74,40,1.2,0.25,26.7,62.5,295,1,ALERT: Air velocity dropped to 0.25 m/s (Statutory Minimum: 0.5 m/s).
1716259720,SEC-MAGAZINE,0.12,8,0.24,2.27,29.4,83.6,37,0,NORMAL: Environmental telemetry within statutory parameters.
1716259840,SEC-UG-L1,1.84,29,0.63,1.26,29.0,70.2,176,1,CRITICAL: Methane concentration (1.84%) exceeded statutory limit (1.25%) in SEC-UG-L1.
1716259960,SEC-CHP,0.05,7,0.1,2.96,27.1,85.5,129,0,NORMAL: Environmental telemetry within statutory parameters.
1716260080,SEC-MAGAZINE,0.06,11,0.24,2.54,27.7,78.0,112,0,NORMAL: Environmental telemetry within statutory parameters.
1716260200,SEC-CRUSHER,0.13,7,0.11,1.81,31.4,66.2,66,0,NORMAL: Environmental telemetry within statutory parameters.
1716260320,SEC-CRUSHER,1.15,32,1.07,0.22,29.3,83.5,132,1,ALERT: Air velocity dropped to 0.22 m/s (Statutory Minimum: 0.5 m/s).
1716260440,SEC-UG-L3,0.15,17,0.14,0.81,26.1,76.5,86,0,NORMAL: Environmental telemetry within statutory parameters.
1716260560,SEC-PIT-B,0.15,11,0.36,2.72,29.4,74.0,46,0,NORMAL: Environmental telemetry within statutory parameters.
1716260680,SEC-UG-L3,0.49,14,0.33,2.15,31.2,76.6,88,0,NORMAL: Environmental telemetry within statutory parameters.
1716260800,SEC-PIT-A,0.14,6,0.12,2.54,31.5,63.3,63,0,NORMAL: Environmental telemetry within statutory parameters.
1716260920,SEC-HAUL-RD,0.1,5,0.35,1.35,33.5,61.6,121,0,NORMAL: Environmental telemetry within statutory parameters.
1716261040,SEC-CRUSHER,0.07,11,0.27,1.88,34.2,67.9,120,0,NORMAL: Environmental telemetry within statutory parameters.
1716261160,SEC-WORKSHOP-3,0.1,7,0.1,2.7,29.7,68.8,88,0,NORMAL: Environmental telemetry within statutory parameters.
1716261280,SEC-HAUL-RD,0.15,11,0.24,2.45,32.6,73.0,92,0,NORMAL: Environmental telemetry within statutory parameters.
1716261400,SEC-PIT-B,0.05,10,0.26,2.14,28.3,87.7,73,0,NORMAL: Environmental telemetry within statutory parameters.
1716261520,SEC-CRUSHER,0.13,6,0.23,2.12,28.7,74.7,91,0,NORMAL: Environmental telemetry within statutory parameters.
1716261640,SEC-UG-L1,0.39,15,0.1,1.37,31.8,65.1,86,0,NORMAL: Environmental telemetry within statutory parameters.
1716261760,SEC-HAUL-RD,1.16,37,1.2,0.18,34.7,78.1,129,1,ALERT: Air velocity dropped to 0.18 m/s (Statutory Minimum: 0.5 m/s).
1716261880,SEC-MAGAZINE,0.08,4,0.23,1.12,24.3,83.2,138,0,NORMAL: Environmental telemetry within statutory parameters.
1716262000,SEC-PIT-A,0.08,12,0.09,1.08,30.7,66.1,93,0,NORMAL: Environmental telemetry within statutory parameters.
1716262120,SEC-UG-L1,0.11,20,0.26,1.35,34.4,74.3,70,0,NORMAL: Environmental telemetry within statutory parameters.
1716262240,SEC-CRUSHER,0.11,10,0.36,1.38,24.5,73.7,75,0,NORMAL: Environmental telemetry within statutory parameters.
1716262360,SEC-WORKSHOP-3,0.09,11,0.31,2.88,27.9,79.3,59,0,NORMAL: Environmental telemetry within statutory parameters.
1716262480,SEC-PIT-A,0.09,4,0.31,2.82,34.3,66.1,119,0,NORMAL: Environmental telemetry within statutory parameters.
1716262600,SEC-CHP,0.11,8,0.21,2.97,25.5,62.6,80,0,NORMAL: Environmental telemetry within statutory parameters.
1716262720,SEC-WORKSHOP-3,0.11,6,0.23,2.51,27.0,68.7,70,0,NORMAL: Environmental telemetry within statutory parameters.
1716262840,SEC-MAGAZINE,0.05,4,0.17,1.54,34.9,78.2,96,0,NORMAL: Environmental telemetry within statutory parameters.
1716262960,SEC-PIT-B,0.14,8,0.34,1.28,35.4,63.2,103,0,NORMAL: Environmental telemetry within statutory parameters.
1716263080,SEC-CRUSHER,0.13,12,0.1,0.89,29.0,84.4,116,0,NORMAL: Environmental telemetry within statutory parameters.
1716263200,SEC-HAUL-RD,0.05,5,0.15,3.14,32.9,67.5,137,0,NORMAL: Environmental telemetry within statutory parameters.
1716263320,SEC-CRUSHER,0.07,10,0.25,1.5,35.4,82.9,132,0,NORMAL: Environmental telemetry within statutory parameters.
1716263440,SEC-CRUSHER,0.09,7,0.32,0.96,34.8,77.2,62,0,NORMAL: Environmental telemetry within statutory parameters.
1716263560,SEC-WORKSHOP-3,0.09,6,0.34,1.65,28.2,79.8,98,0,NORMAL: Environmental telemetry within statutory parameters.
1716263680,SEC-UG-L1,0.4,7,0.28,1.36,28.5,75.7,100,0,NORMAL: Environmental telemetry within statutory parameters.
1716263800,SEC-UG-L2,0.11,5,0.18,1.68,31.6,78.0,125,0,NORMAL: Environmental telemetry within statutory parameters.
1716263920,SEC-UG-L2,0.19,15,0.34,2.57,30.3,77.6,43,0,NORMAL: Environmental telemetry within statutory parameters.
1716264040,SEC-UG-L3,0.34,15,0.09,1.92,27.4,82.3,61,0,NORMAL: Environmental telemetry within statutory parameters.
1716264160,SEC-WORKSHOP-3,0.08,4,0.18,2.32,30.3,78.2,80,0,NORMAL: Environmental telemetry within statutory parameters.
1716264280,SEC-WORKSHOP-3,0.14,12,0.11,0.95,27.9,86.6,35,0,NORMAL: Environmental telemetry within statutory parameters.
1716264400,SEC-UG-L1,1.67,32,0.34,1.77,34.2,62.8,113,1,CRITICAL: Methane concentration (1.67%) exceeded statutory limit (1.25%) in SEC-UG-L1.
1716264520,SEC-UG-L3,0.38,15,0.29,0.94,26.9,75.7,110,0,NORMAL: Environmental telemetry within statutory parameters.
1716264640,SEC-WORKSHOP-3,0.07,5,0.26,2.53,30.2,68.1,51,0,NORMAL: Environmental telemetry within statutory parameters.
1716264760,SEC-UG-L2,0.43,3,0.32,1.82,28.0,86.1,116,0,NORMAL: Environmental telemetry within statutory parameters.
1716264880,SEC-PIT-A,0.11,9,0.29,1.25,34.2,71.6,106,0,NORMAL: Environmental telemetry within statutory parameters.
1716265000,SEC-WORKSHOP-3,0.11,9,0.38,1.79,24.0,87.9,44,0,NORMAL: Environmental telemetry within statutory parameters.
1716265120,SEC-CRUSHER,0.07,3,0.12,2.84,25.5,79.6,51,0,NORMAL: Environmental telemetry within statutory parameters.
1716265240,SEC-UG-L2,0.34,4,0.1,3.17,29.0,71.9,127,0,NORMAL: Environmental telemetry within statutory parameters.
1716265360,SEC-UG-L2,0.29,22,0.3,1.03,31.1,69.2,92,0,NORMAL: Environmental telemetry within statutory parameters.
1716265480,SEC-UG-L3,0.25,11,0.17,2.28,26.8,84.0,62,0,NORMAL: Environmental telemetry within statutory parameters.
1716265600,SEC-PIT-B,0.13,8,0.21,1.54,28.3,61.5,138,0,NORMAL: Environmental telemetry within statutory parameters.
1716265720,SEC-MAGAZINE,0.09,5,0.19,0.96,33.0,70.0,109,0,NORMAL: Environmental telemetry within statutory parameters.
1716265840,SEC-CRUSHER,0.11,8,0.25,1.18,29.6,72.3,58,0,NORMAL: Environmental telemetry within statutory parameters.
1716265960,SEC-UG-L3,0.19,4,0.09,3.03,34.6,75.3,136,0,NORMAL: Environmental telemetry within statutory parameters.
1716266080,SEC-PIT-A,0.12,8,0.18,2.55,33.6,81.9,61,0,NORMAL: Environmental telemetry within statutory parameters.
1716266200,SEC-UG-L3,0.51,11,0.34,1.76,26.1,85.5,53,0,NORMAL: Environmental telemetry within statutory parameters.
1716266320,SEC-UG-L2,0.19,10,0.37,0.96,27.2,80.5,81,0,NORMAL: Environmental telemetry within statutory parameters.
1716266440,SEC-PIT-B,0.09,12,0.33,1.16,25.3,79.5,46,0,NORMAL: Environmental telemetry within statutory parameters.
1716266560,SEC-HAUL-RD,0.1,12,0.33,1.31,34.1,60.2,52,0,NORMAL: Environmental telemetry within statutory parameters.
1716266680,SEC-PIT-A,0.07,10,0.23,1.85,29.9,61.4,47,0,NORMAL: Environmental telemetry within statutory parameters.
1716266800,SEC-MAGAZINE,0.1,3,0.11,2.47,35.1,62.4,96,0,NORMAL: Environmental telemetry within statutory parameters.
1716266920,SEC-UG-L2,0.21,5,0.16,1.84,28.7,77.7,103,0,NORMAL: Environmental telemetry within statutory parameters.
1716267040,SEC-PIT-A,0.1,11,0.22,0.91,28.7,74.7,120,0,NORMAL: Environmental telemetry within statutory parameters.
1716267160,SEC-CRUSHER,0.08,10,0.33,1.78,31.5,60.1,105,0,NORMAL: Environmental telemetry within statutory parameters.
1716267280,SEC-CRUSHER,0.11,6,0.36,2.53,34.8,65.0,82,0,NORMAL: Environmental telemetry within statutory parameters.
1716267400,SEC-UG-L2,1.31,21,0.33,1.94,34.1,87.4,150,1,CRITICAL: Methane concentration (1.31%) exceeded statutory limit (1.25%) in SEC-UG-L2.
1716267520,SEC-CHP,0.04,8,0.35,1.13,32.5,62.7,71,0,NORMAL: Environmental telemetry within statutory parameters.
1716267640,SEC-UG-L1,0.24,8,0.19,1.51,30.5,60.5,781,1,ALERT: Airborne respirable dust concentration (781 mg/m³) exceeded DGMS permissible limits.
1716267760,SEC-CRUSHER,0.07,11,0.12,1.13,27.2,60.9,52,0,NORMAL: Environmental telemetry within statutory parameters.
1716267880,SEC-CHP,0.15,5,0.14,1.22,28.3,78.3,82,0,NORMAL: Environmental telemetry within statutory parameters.
1716268000,SEC-PIT-B,0.12,3,0.34,1.07,26.9,68.6,61,0,NORMAL: Environmental telemetry within statutory parameters.
1716268120,SEC-UG-L2,0.14,8,0.19,2.04,33.2,64.4,49,0,NORMAL: Environmental telemetry within statutory parameters.
1716268240,SEC-HAUL-RD,0.13,9,0.28,1.6,27.5,74.0,62,0,NORMAL: Environmental telemetry within statutory parameters.
1716268360,SEC-UG-L3,0.19,17,0.21,0.81,30.7,72.0,68,0,NORMAL: Environmental telemetry within statutory parameters.
1716268480,SEC-UG-L2,0.42,21,0.37,1.39,29.2,78.8,131,0,NORMAL: Environmental telemetry within statutory parameters.
1716268600,SEC-UG-L2,0.33,14,0.13,1.93,28.1,83.4,64,0,NORMAL: Environmental telemetry within statutory parameters.
1716268720,SEC-PIT-B,0.06,9,0.37,1.77,27.8,83.7,139,0,NORMAL: Environmental telemetry within statutory parameters.
1716268840,SEC-UG-L3,0.5,8,0.19,1.39,29.9,77.3,116,0,NORMAL: Environmental telemetry within statutory parameters.
1716268960,SEC-CRUSHER,0.05,10,0.31,1.69,28.6,76.3,66,0,NORMAL: Environmental telemetry within statutory parameters.
1716269080,SEC-CHP,0.14,7,0.36,1.75,27.7,66.5,127,0,NORMAL: Environmental telemetry within statutory parameters.
1716269200,SEC-UG-L2,0.4,16,0.12,2.32,30.6,84.9,133,0,NORMAL: Environmental telemetry within statutory parameters.
1716269320,SEC-UG-L2,0.14,15,0.23,2.22,25.2,73.3,73,0,NORMAL: Environmental telemetry within statutory parameters.
1716269440,SEC-UG-L1,0.48,16,0.37,2.59,34.7,69.1,105,0,NORMAL: Environmental telemetry within statutory parameters.
1716269560,SEC-UG-L2,0.19,20,0.18,2.6,31.7,60.7,66,0,NORMAL: Environmental telemetry within statutory parameters.
1716269680,SEC-PIT-B,0.1,7,0.25,2.22,31.1,81.1,65,0,NORMAL: Environmental telemetry within statutory parameters.
1716269800,SEC-MAGAZINE,0.05,4,0.19,1.34,25.0,71.0,99,0,NORMAL: Environmental telemetry within statutory parameters.
1716269920,SEC-MAGAZINE,0.12,4,0.09,0.86,26.4,63.7,138,0,NORMAL: Environmental telemetry within statutory parameters.
1716270040,SEC-PIT-A,0.06,3,0.36,1.46,28.9,73.5,113,0,NORMAL: Environmental telemetry within statutory parameters.
1716270160,SEC-MAGAZINE,0.04,5,0.2,1.46,25.4,87.4,61,0,NORMAL: Environmental telemetry within statutory parameters.
1716270280,SEC-UG-L3,0.14,12,0.31,1.86,27.7,67.8,58,0,NORMAL: Environmental telemetry within statutory parameters.
1716270400,SEC-UG-L1,0.55,8,0.2,2.49,32.6,65.7,79,0,NORMAL: Environmental telemetry within statutory parameters.
1716270520,SEC-UG-L2,0.27,21,0.34,2.21,24.1,71.1,73,0,NORMAL: Environmental telemetry within statutory parameters.
1716270640,SEC-HAUL-RD,0.13,4,0.38,1.06,28.8,85.5,117,0,NORMAL: Environmental telemetry within statutory parameters.
1716270760,SEC-UG-L3,0.09,16,0.22,2.41,31.8,75.4,87,0,NORMAL: Environmental telemetry within statutory parameters.
1716270880,SEC-UG-L2,0.35,4,0.11,1.74,28.0,81.7,56,0,NORMAL: Environmental telemetry within statutory parameters.
1716271000,SEC-PIT-A,0.13,6,0.25,1.45,24.4,81.1,109,0,NORMAL: Environmental telemetry within statutory parameters.
1716271120,SEC-UG-L2,0.18,11,0.14,3.0,33.6,78.4,88,0,NORMAL: Environmental telemetry within statutory parameters.
1716271240,SEC-UG-L2,0.18,6,0.16,2.78,33.2,67.4,104,0,NORMAL: Environmental telemetry within statutory parameters.
1716271360,SEC-PIT-A,0.14,10,0.26,0.89,34.5,62.6,67,0,NORMAL: Environmental telemetry within statutory parameters.
1716271480,SEC-CRUSHER,1.02,42,0.97,0.2,24.3,83.8,287,1,ALERT: Air velocity dropped to 0.2 m/s (Statutory Minimum: 0.5 m/s).
1716271600,SEC-UG-L1,0.06,19,0.25,2.92,34.6,71.3,88,0,NORMAL: Environmental telemetry within statutory parameters.
1716271720,SEC-MAGAZINE,0.12,4,0.34,2.25,27.4,63.4,66,0,NORMAL: Environmental telemetry within statutory parameters.
1716271840,SEC-UG-L2,0.5,13,0.17,1.43,35.5,65.9,54,0,NORMAL: Environmental telemetry within statutory parameters.
1716271960,SEC-UG-L2,1.98,33,0.79,0.73,26.4,75.2,65,1,CRITICAL: Methane concentration (1.98%) exceeded statutory limit (1.25%) in SEC-UG-L2.
1716272080,SEC-PIT-A,0.13,7,0.34,1.23,33.0,62.7,549,1,ALERT: Airborne respirable dust concentration (549 mg/m³) exceeded DGMS permissible limits.
1716272200,SEC-UG-L3,0.46,7,0.17,1.91,25.9,86.1,35,0,NORMAL: Environmental telemetry within statutory parameters.
1716272320,SEC-MAGAZINE,0.05,4,0.12,2.82,33.8,68.4,93,0,NORMAL: Environmental telemetry within statutory parameters.
1716272440,SEC-UG-L1,0.52,5,0.31,2.26,29.5,74.3,90,0,NORMAL: Environmental telemetry within statutory parameters.
1716272560,SEC-WORKSHOP-3,0.13,6,0.26,1.37,35.1,61.1,135,0,NORMAL: Environmental telemetry within statutory parameters.
1716272680,SEC-WORKSHOP-3,0.15,9,0.12,2.19,25.9,78.0,71,0,NORMAL: Environmental telemetry within statutory parameters.
1716272800,SEC-PIT-B,0.14,4,0.29,1.0,26.5,61.4,77,0,NORMAL: Environmental telemetry within statutory parameters.
1716272920,SEC-HAUL-RD,0.15,5,0.2,1.78,33.4,69.4,67,0,NORMAL: Environmental telemetry within statutory parameters.
1716273040,SEC-CHP,0.11,7,0.35,0.8,28.2,73.6,116,0,NORMAL: Environmental telemetry within statutory parameters.
1716273160,SEC-PIT-B,0.09,11,0.26,2.27,30.0,85.5,101,0,NORMAL: Environmental telemetry within statutory parameters.
1716273280,SEC-CRUSHER,0.07,12,0.37,2.23,24.4,63.0,42,0,NORMAL: Environmental telemetry within statutory parameters.
1716273400,SEC-CHP,0.08,9,0.14,1.67,27.4,64.1,99,0,NORMAL: Environmental telemetry within statutory parameters.
1716273520,SEC-UG-L1,0.41,17,0.13,1.77,31.5,71.3,132,0,NORMAL: Environmental telemetry within statutory parameters.
1716273640,SEC-PIT-A,0.14,10,0.09,0.9,33.9,78.3,72,0,NORMAL: Environmental telemetry within statutory parameters.
1716273760,SEC-UG-L3,0.15,15,0.23,3.09,33.9,67.3,88,0,NORMAL: Environmental telemetry within statutory parameters.
1716273880,SEC-MAGAZINE,0.13,3,0.08,2.33,28.7,75.2,139,0,NORMAL: Environmental telemetry within statutory parameters.
1716274000,SEC-PIT-A,0.15,4,0.23,2.09,29.4,64.7,35,0,NORMAL: Environmental telemetry within statutory parameters.
1716274120,SEC-MAGAZINE,0.05,5,0.12,1.14,26.1,75.6,53,0,NORMAL: Environmental telemetry within statutory parameters.
1716274240,SEC-UG-L3,0.92,47,0.62,0.09,30.8,68.3,245,1,ALERT: Air velocity dropped to 0.09 m/s (Statutory Minimum: 0.5 m/s).
1716274360,SEC-PIT-A,0.04,11,0.16,2.25,26.6,84.9,49,0,NORMAL: Environmental telemetry within statutory parameters.
1716274480,SEC-PIT-B,0.14,8,0.28,2.78,27.6,68.9,134,0,NORMAL: Environmental telemetry within statutory parameters.
1716274600,SEC-WORKSHOP-3,0.06,11,0.26,3.02,33.1,72.2,35,0,NORMAL: Environmental telemetry within statutory parameters.
1716274720,SEC-PIT-B,0.14,8,0.37,2.14,30.9,73.0,40,0,NORMAL: Environmental telemetry within statutory parameters.
1716274840,SEC-UG-L2,2.14,15,0.75,0.74,34.5,79.9,113,1,CRITICAL: Methane concentration (2.14%) exceeded statutory limit (1.25%) in SEC-UG-L2.
1716274960,SEC-CHP,0.05,8,0.34,1.1,29.9,85.4,132,0,NORMAL: Environmental telemetry within statutory parameters.
1716275080,SEC-UG-L3,0.32,17,0.17,2.92,30.3,64.9,51,0,NORMAL: Environmental telemetry within statutory parameters.
1716275200,SEC-MAGAZINE,0.14,6,0.09,1.33,29.7,85.6,79,0,NORMAL: Environmental telemetry within statutory parameters.
1716275320,SEC-PIT-A,0.07,11,0.26,1.08,25.1,83.1,53,0,NORMAL: Environmental telemetry within statutory parameters.
1716275440,SEC-HAUL-RD,0.12,7,0.36,2.97,32.3,76.7,140,0,NORMAL: Environmental telemetry within statutory parameters.
1716275560,SEC-PIT-A,0.08,8,0.37,3.0,28.3,76.0,135,0,NORMAL: Environmental telemetry within statutory parameters.
1716275680,SEC-PIT-A,0.07,12,0.35,0.8,30.9,72.0,88,0,NORMAL: Environmental telemetry within statutory parameters.
1716275800,SEC-PIT-A,0.08,5,0.24,2.72,24.2,61.9,89,0,NORMAL: Environmental telemetry within statutory parameters.
1716275920,SEC-PIT-A,0.09,6,0.15,2.61,29.1,61.2,82,0,NORMAL: Environmental telemetry within statutory parameters.
1716276040,SEC-CRUSHER,0.09,4,0.36,1.8,24.8,76.5,106,0,NORMAL: Environmental telemetry within statutory parameters.
1716276160,SEC-MAGAZINE,0.7,20,0.91,0.09,28.6,77.2,275,1,ALERT: Air velocity dropped to 0.09 m/s (Statutory Minimum: 0.5 m/s).
1716276280,SEC-HAUL-RD,0.07,7,0.22,2.81,27.7,84.5,58,0,NORMAL: Environmental telemetry within statutory parameters.
1716276400,SEC-PIT-A,0.11,6,0.3,2.96,26.4,74.3,57,0,NORMAL: Environmental telemetry within statutory parameters.
1716276520,SEC-PIT-A,0.09,5,0.17,2.53,26.8,84.4,78,0,NORMAL: Environmental telemetry within statutory parameters.
1716276640,SEC-HAUL-RD,0.1,8,0.22,2.83,34.7,70.8,109,0,NORMAL: Environmental telemetry within statutory parameters.
1716276760,SEC-WORKSHOP-3,0.08,5,0.16,1.69,26.8,81.4,42,0,NORMAL: Environmental telemetry within statutory parameters.
1716276880,SEC-UG-L2,0.36,13,0.28,1.5,34.7,83.8,58,0,NORMAL: Environmental telemetry within statutory parameters.
1716277000,SEC-CHP,0.14,5,0.24,1.34,24.2,83.2,70,0,NORMAL: Environmental telemetry within statutory parameters.
1716277120,SEC-HAUL-RD,0.06,12,0.26,1.86,29.6,86.6,47,0,NORMAL: Environmental telemetry within statutory parameters.
1716277240,SEC-HAUL-RD,0.05,7,0.11,1.91,26.0,63.3,133,0,NORMAL: Environmental telemetry within statutory parameters.
1716277360,SEC-UG-L2,0.5,15,0.26,1.94,28.6,87.6,35,0,NORMAL: Environmental telemetry within statutory parameters.
1716277480,SEC-CHP,0.15,4,0.33,2.21,24.5,74.9,99,0,NORMAL: Environmental telemetry within statutory parameters.
1716277600,SEC-CHP,0.13,58,0.87,0.56,26.8,66.8,197,1,WARNING: Elevated Carbon Monoxide (58 ppm) detected. Probable spontaneous heating.
1716277720,SEC-CHP,0.09,10,0.11,0.95,31.4,65.1,42,0,NORMAL: Environmental telemetry within statutory parameters.
1716277840,SEC-HAUL-RD,0.09,9,0.12,2.82,32.2,79.0,83,0,NORMAL: Environmental telemetry within statutory parameters.
1716277960,SEC-WORKSHOP-3,0.82,39,0.75,0.22,35.5,82.7,238,1,ALERT: Air velocity dropped to 0.22 m/s (Statutory Minimum: 0.5 m/s).
1716278080,SEC-UG-L1,0.19,14,0.3,3.15,32.5,62.3,52,0,NORMAL: Environmental telemetry within statutory parameters.
1716278200,SEC-CRUSHER,0.09,11,0.31,1.48,27.3,80.5,83,0,NORMAL: Environmental telemetry within statutory parameters.
1716278320,SEC-UG-L2,0.44,6,0.26,3.07,26.3,77.2,80,0,NORMAL: Environmental telemetry within statutory parameters.
1716278440,SEC-PIT-B,0.11,10,0.21,1.81,27.9,69.6,89,0,NORMAL: Environmental telemetry within statutory parameters.
1716278560,SEC-WORKSHOP-3,0.12,4,0.12,2.68,30.4,83.0,55,0,NORMAL: Environmental telemetry within statutory parameters.
1716278680,SEC-CHP,0.05,4,0.32,2.3,25.5,61.9,54,0,NORMAL: Environmental telemetry within statutory parameters.
1716278800,SEC-PIT-B,0.11,10,0.09,2.31,31.3,65.7,96,0,NORMAL: Environmental telemetry within statutory parameters.
1716278920,SEC-UG-L2,0.14,18,0.12,1.65,24.8,63.9,54,0,NORMAL: Environmental telemetry within statutory parameters.
1716279040,SEC-MAGAZINE,0.11,8,0.2,2.99,25.0,83.7,45,0,NORMAL: Environmental telemetry within statutory parameters.
1716279160,SEC-HAUL-RD,0.04,3,0.36,1.39,32.9,66.9,78,0,NORMAL: Environmental telemetry within statutory parameters.
1716279280,SEC-MAGAZINE,0.12,6,0.29,0.98,27.0,69.6,53,0,NORMAL: Environmental telemetry within statutory parameters.
1716279400,SEC-MAGAZINE,0.08,6,0.12,1.95,32.2,62.9,103,0,NORMAL: Environmental telemetry within statutory parameters.
1716279520,SEC-MAGAZINE,0.12,9,0.18,0.97,34.3,85.7,78,0,NORMAL: Environmental telemetry within statutory parameters.
1716279640,SEC-UG-L1,2.07,15,0.71,1.73,32.1,71.0,81,1,CRITICAL: Methane concentration (2.07%) exceeded statutory limit (1.25%) in SEC-UG-L1.
1716279760,SEC-UG-L1,0.48,10,0.34,1.69,25.7,65.1,138,0,NORMAL: Environmental telemetry within statutory parameters.
1716279880,SEC-UG-L3,0.22,10,0.23,2.8,28.5,86.0,121,0,NORMAL: Environmental telemetry within statutory parameters.
1716280000,SEC-CRUSHER,0.15,7,0.24,2.03,28.9,64.6,110,0,NORMAL: Environmental telemetry within statutory parameters.
1716280120,SEC-HAUL-RD,0.08,4,0.09,1.78,27.6,86.8,52,0,NORMAL: Environmental telemetry within statutory parameters.
1716280240,SEC-HAUL-RD,0.1,8,0.19,3.03,25.6,78.8,49,0,NORMAL: Environmental telemetry within statutory parameters.
1716280360,SEC-CRUSHER,0.12,9,0.29,1.23,32.5,79.7,64,0,NORMAL: Environmental telemetry within statutory parameters.
1716280480,SEC-HAUL-RD,0.13,7,0.29,1.45,24.8,76.1,52,0,NORMAL: Environmental telemetry within statutory parameters.
1716280600,SEC-UG-L3,0.44,14,0.35,1.25,26.3,85.0,135,0,NORMAL: Environmental telemetry within statutory parameters.
1716280720,SEC-WORKSHOP-3,0.13,3,0.17,1.63,32.3,73.0,98,0,NORMAL: Environmental telemetry within statutory parameters.
1716280840,SEC-UG-L1,0.48,12,0.29,0.92,26.3,78.2,38,0,NORMAL: Environmental telemetry within statutory parameters.
1716280960,SEC-MAGAZINE,0.07,11,0.28,3.07,32.9,65.4,53,0,NORMAL: Environmental telemetry within statutory parameters.
1716281080,SEC-UG-L1,0.51,11,0.17,2.52,29.6,81.4,85,0,NORMAL: Environmental telemetry within statutory parameters.
1716281200,SEC-WORKSHOP-3,0.34,66,0.87,1.6,28.9,60.1,183,1,WARNING: Elevated Carbon Monoxide (66 ppm) detected. Probable spontaneous heating.
1716281320,SEC-PIT-B,0.14,5,0.09,3.08,34.3,80.2,41,0,NORMAL: Environmental telemetry within statutory parameters.
1716281440,SEC-MAGAZINE,0.14,5,0.2,1.41,26.3,87.8,104,0,NORMAL: Environmental telemetry within statutory parameters.
1716281560,SEC-UG-L2,0.27,21,0.19,3.07,25.9,87.4,100,0,NORMAL: Environmental telemetry within statutory parameters.
1716281680,SEC-MAGAZINE,0.09,4,0.29,1.71,31.4,67.1,77,0,NORMAL: Environmental telemetry within statutory parameters.
1716281800,SEC-UG-L3,0.49,22,0.12,2.15,34.5,67.8,82,0,NORMAL: Environmental telemetry within statutory parameters.
1716281920,SEC-PIT-A,0.06,7,0.27,2.63,34.4,86.1,46,0,NORMAL: Environmental telemetry within statutory parameters.
1716282040,SEC-CHP,1.33,25,0.45,0.75,33.1,74.9,128,1,CRITICAL: Methane concentration (1.33%) exceeded statutory limit (1.25%) in SEC-CHP.
1716282160,SEC-PIT-A,0.05,11,0.3,2.18,32.4,61.0,131,0,NORMAL: Environmental telemetry within statutory parameters.
1716282280,SEC-UG-L3,0.07,4,0.16,0.95,28.4,74.3,86,0,NORMAL: Environmental telemetry within statutory parameters.
1716282400,SEC-PIT-B,0.13,6,0.24,2.37,29.9,66.1,70,0,NORMAL: Environmental telemetry within statutory parameters.
1716282520,SEC-UG-L3,0.22,4,0.14,2.3,25.2,71.3,36,0,NORMAL: Environmental telemetry within statutory parameters.
1716282640,SEC-CHP,0.09,10,0.33,1.88,24.4,86.9,68,0,NORMAL: Environmental telemetry within statutory parameters.
1716282760,SEC-HAUL-RD,0.34,8,0.22,2.21,30.4,79.7,835,1,ALERT: Airborne respirable dust concentration (835 mg/m³) exceeded DGMS permissible limits.
1716282880,SEC-WORKSHOP-3,0.09,4,0.19,3.03,35.3,74.5,89,0,NORMAL: Environmental telemetry within statutory parameters.
1716283000,SEC-CRUSHER,0.1,10,0.33,1.72,30.7,80.0,80,0,NORMAL: Environmental telemetry within statutory parameters.
1716283120,SEC-UG-L2,0.12,5,0.22,0.9,33.9,69.3,76,0,NORMAL: Environmental telemetry within statutory parameters.
1716283240,SEC-MAGAZINE,0.06,8,0.27,0.96,28.9,72.3,79,0,NORMAL: Environmental telemetry within statutory parameters.
1716283360,SEC-UG-L1,0.17,10,0.38,2.19,32.9,74.3,110,0,NORMAL: Environmental telemetry within statutory parameters.
1716283480,SEC-UG-L3,0.24,7,0.11,2.97,29.5,75.7,124,0,NORMAL: Environmental telemetry within statutory parameters.
1716283600,SEC-PIT-B,0.1,7,0.36,1.83,31.0,65.8,97,0,NORMAL: Environmental telemetry within statutory parameters.
1716283720,SEC-UG-L2,0.68,48,1.16,0.09,28.4,76.6,283,1,ALERT: Air velocity dropped to 0.09 m/s (Statutory Minimum: 0.5 m/s).
1716283840,SEC-UG-L2,0.08,14,0.32,2.5,27.7,84.5,56,0,NORMAL: Environmental telemetry within statutory parameters.
1716283960,SEC-CHP,0.09,6,0.08,2.11,26.2,85.6,139,0,NORMAL: Environmental telemetry within statutory parameters.
1716284080,SEC-MAGAZINE,0.14,5,0.35,2.82,29.3,83.2,116,0,NORMAL: Environmental telemetry within statutory parameters.
1716284200,SEC-MAGAZINE,0.13,10,0.32,1.93,34.9,63.2,130,0,NORMAL: Environmental telemetry within statutory parameters.
1716284320,SEC-MAGAZINE,0.08,10,0.28,3.01,24.0,76.9,60,0,NORMAL: Environmental telemetry within statutory parameters.
1716284440,SEC-PIT-A,0.05,4,0.09,1.14,25.6,68.3,70,0,NORMAL: Environmental telemetry within statutory parameters.
1716284560,SEC-UG-L3,0.49,4,0.18,2.38,32.0,72.5,140,0,NORMAL: Environmental telemetry within statutory parameters.
1716284680,SEC-WORKSHOP-3,0.11,9,0.36,2.43,31.3,63.0,109,0,NORMAL: Environmental telemetry within statutory parameters.
1716284800,SEC-CHP,0.09,9,0.2,1.89,24.5,77.1,72,0,NORMAL: Environmental telemetry within statutory parameters.
1716284920,SEC-CRUSHER,0.07,7,0.31,0.84,32.2,64.3,113,0,NORMAL: Environmental telemetry within statutory parameters.
1716285040,SEC-UG-L3,0.54,15,0.28,1.67,29.3,65.6,134,0,NORMAL: Environmental telemetry within statutory parameters.
1716285160,SEC-UG-L1,0.09,5,0.31,1.39,32.1,72.8,114,0,NORMAL: Environmental telemetry within statutory parameters.
1716285280,SEC-CHP,0.09,6,0.21,2.63,29.7,77.9,77,0,NORMAL: Environmental telemetry within statutory parameters.
1716285400,SEC-PIT-B,0.14,3,0.3,1.03,28.6,83.2,43,0,NORMAL: Environmental telemetry within statutory parameters.
1716285520,SEC-UG-L1,0.06,4,0.12,1.64,32.3,78.7,108,0,NORMAL: Environmental telemetry within statutory parameters.
1716285640,SEC-WORKSHOP-3,0.11,11,0.36,1.29,27.3,74.0,75,0,NORMAL: Environmental telemetry within statutory parameters.
1716285760,SEC-UG-L2,0.5,22,0.14,1.48,29.4,62.6,86,0,NORMAL: Environmental telemetry within statutory parameters.
1716285880,SEC-UG-L3,0.53,19,0.36,3.16,33.8,79.0,84,0,NORMAL: Environmental telemetry within statutory parameters.
1716286000,SEC-UG-L2,0.05,9,0.11,3.19,32.0,82.9,98,0,NORMAL: Environmental telemetry within statutory parameters.
1716286120,SEC-CRUSHER,0.06,11,0.12,1.74,27.0,84.9,77,0,NORMAL: Environmental telemetry within statutory parameters.
1716286240,SEC-UG-L1,0.29,7,0.17,0.89,31.9,80.6,39,0,NORMAL: Environmental telemetry within statutory parameters.
1716286360,SEC-UG-L1,0.3,7,0.19,2.49,27.7,76.5,488,1,ALERT: Airborne respirable dust concentration (488 mg/m³) exceeded DGMS permissible limits.
1716286480,SEC-MAGAZINE,0.07,5,0.23,1.07,26.3,61.6,118,0,NORMAL: Environmental telemetry within statutory parameters.
1716286600,SEC-UG-L2,0.2,16,0.33,2.98,30.9,81.4,83,0,NORMAL: Environmental telemetry within statutory parameters.
1716286720,SEC-UG-L2,0.09,4,0.1,0.89,30.1,76.7,41,0,NORMAL: Environmental telemetry within statutory parameters.
1716286840,SEC-UG-L2,0.26,5,0.34,1.62,35.1,64.9,752,1,ALERT: Airborne respirable dust concentration (752 mg/m³) exceeded DGMS permissible limits.
1716286960,SEC-UG-L2,0.53,5,0.18,2.91,32.7,77.5,111,0,NORMAL: Environmental telemetry within statutory parameters.
1716287080,SEC-PIT-A,0.07,7,0.29,2.32,28.9,66.8,88,0,NORMAL: Environmental telemetry within statutory parameters.
1716287200,SEC-CRUSHER,0.1,3,0.23,2.75,35.3,78.9,52,0,NORMAL: Environmental telemetry within statutory parameters.
1716287320,SEC-CRUSHER,0.08,12,0.17,1.9,35.3,81.5,124,0,NORMAL: Environmental telemetry within statutory parameters.
1716287440,SEC-PIT-A,0.14,6,0.1,2.79,24.4,69.8,46,0,NORMAL: Environmental telemetry within statutory parameters.
1716287560,SEC-MAGAZINE,0.11,6,0.08,2.27,34.7,76.9,98,0,NORMAL: Environmental telemetry within statutory parameters.
1716287680,SEC-HAUL-RD,0.15,4,0.25,3.17,27.5,78.7,130,0,NORMAL: Environmental telemetry within statutory parameters.
1716287800,SEC-HAUL-RD,0.15,8,0.27,2.62,28.7,73.6,48,0,NORMAL: Environmental telemetry within statutory parameters.
1716287920,SEC-WORKSHOP-3,0.05,10,0.22,2.89,31.6,75.2,51,0,NORMAL: Environmental telemetry within statutory parameters.
1716288040,SEC-UG-L2,0.16,20,0.24,2.4,24.3,80.4,80,0,NORMAL: Environmental telemetry within statutory parameters.
1716288160,SEC-CRUSHER,0.13,5,0.22,1.76,25.8,71.9,110,0,NORMAL: Environmental telemetry within statutory parameters.
1716288280,SEC-CRUSHER,0.13,11,0.08,2.48,29.1,71.1,59,0,NORMAL: Environmental telemetry within statutory parameters.
1716288400,SEC-CRUSHER,0.08,5,0.25,2.34,34.3,75.1,121,0,NORMAL: Environmental telemetry within statutory parameters.
1716288520,SEC-HAUL-RD,1.02,27,1.15,0.18,25.6,69.6,117,1,ALERT: Air velocity dropped to 0.18 m/s (Statutory Minimum: 0.5 m/s).
1716288640,SEC-WORKSHOP-3,0.06,8,0.37,2.81,27.4,75.4,83,0,NORMAL: Environmental telemetry within statutory parameters.
1716288760,SEC-UG-L2,0.23,20,0.09,0.87,34.6,86.4,44,0,NORMAL: Environmental telemetry within statutory parameters.
1716288880,SEC-UG-L3,0.26,15,0.18,2.12,30.6,86.7,59,0,NORMAL: Environmental telemetry within statutory parameters.
1716289000,SEC-UG-L1,0.52,14,0.34,1.64,30.1,72.4,46,0,NORMAL: Environmental telemetry within statutory parameters.
1716289120,SEC-PIT-B,0.07,9,0.09,2.9,32.9,60.1,81,0,NORMAL: Environmental telemetry within statutory parameters.
1716289240,SEC-HAUL-RD,0.07,5,0.24,1.87,28.0,73.0,97,0,NORMAL: Environmental telemetry within statutory parameters.
1716289360,SEC-PIT-A,0.11,5,0.26,0.84,32.4,64.2,48,0,NORMAL: Environmental telemetry within statutory parameters.
1716289480,SEC-PIT-A,0.35,6,0.25,1.34,28.6,78.0,491,1,ALERT: Airborne respirable dust concentration (491 mg/m³) exceeded DGMS permissible limits.
1716289600,SEC-CHP,0.06,6,0.34,1.78,33.4,77.8,61,0,NORMAL: Environmental telemetry within statutory parameters.
1716289720,SEC-PIT-A,0.14,3,0.31,2.0,24.2,63.8,60,0,NORMAL: Environmental telemetry within statutory parameters.
1716289840,SEC-UG-L3,0.5,16,0.12,2.48,29.2,66.7,108,0,NORMAL: Environmental telemetry within statutory parameters.
1716289960,SEC-UG-L3,0.4,13,0.23,2.68,33.3,81.4,46,0,NORMAL: Environmental telemetry within statutory parameters.
1716290080,SEC-UG-L3,0.38,22,0.19,1.78,34.4,67.2,134,0,NORMAL: Environmental telemetry within statutory parameters.
1716290200,SEC-CRUSHER,0.09,6,0.19,1.53,26.5,69.2,82,0,NORMAL: Environmental telemetry within statutory parameters.
1716290320,SEC-PIT-B,0.11,11,0.37,2.39,28.1,84.5,88,0,NORMAL: Environmental telemetry within statutory parameters.
1716290440,SEC-UG-L2,0.49,19,0.14,1.51,33.8,78.5,129,0,NORMAL: Environmental telemetry within statutory parameters.
1716290560,SEC-CHP,0.14,5,0.34,2.8,29.0,71.0,62,0,NORMAL: Environmental telemetry within statutory parameters.
1716290680,SEC-UG-L3,0.16,3,0.34,2.75,28.2,73.2,95,0,NORMAL: Environmental telemetry within statutory parameters.
1716290800,SEC-MAGAZINE,0.07,5,0.31,2.36,33.2,75.7,133,0,NORMAL: Environmental telemetry within statutory parameters.
1716290920,SEC-UG-L3,0.48,16,0.38,2.46,24.4,60.7,103,0,NORMAL: Environmental telemetry within statutory parameters.
1716291040,SEC-UG-L3,0.07,4,0.26,2.08,29.3,80.5,86,0,NORMAL: Environmental telemetry within statutory parameters.
1716291160,SEC-PIT-A,0.27,90,0.93,1.24,29.1,85.6,169,1,WARNING: Elevated Carbon Monoxide (90 ppm) detected. Probable spontaneous heating.
1716291280,SEC-WORKSHOP-3,0.13,12,0.17,2.32,31.7,87.1,79,0,NORMAL: Environmental telemetry within statutory parameters.
1716291400,SEC-PIT-A,0.14,4,0.21,1.6,25.3,61.1,79,0,NORMAL: Environmental telemetry within statutory parameters.
1716291520,SEC-UG-L1,0.36,12,0.38,0.86,35.0,62.6,58,0,NORMAL: Environmental telemetry within statutory parameters.
1716291640,SEC-UG-L2,0.49,7,0.35,2.23,31.9,78.8,133,0,NORMAL: Environmental telemetry within statutory parameters.
1716291760,SEC-UG-L2,0.42,22,0.34,2.62,24.9,80.2,59,0,NORMAL: Environmental telemetry within statutory parameters.
1716291880,SEC-PIT-B,0.07,8,0.25,1.46,28.6,65.2,56,0,NORMAL: Environmental telemetry within statutory parameters.
1716292000,SEC-WORKSHOP-3,0.06,9,0.33,1.71,33.3,69.6,58,0,NORMAL: Environmental telemetry within statutory parameters.
1716292120,SEC-PIT-A,0.09,11,0.14,2.52,28.0,69.6,79,0,NORMAL: Environmental telemetry within statutory parameters.
1716292240,SEC-PIT-B,0.12,3,0.32,2.78,24.9,66.5,115,0,NORMAL: Environmental telemetry within statutory parameters.
1716292360,SEC-PIT-B,0.81,31,0.75,0.21,29.2,60.9,266,1,ALERT: Air velocity dropped to 0.21 m/s (Statutory Minimum: 0.5 m/s).
1716292480,SEC-CRUSHER,0.06,4,0.2,1.28,26.9,62.7,91,0,NORMAL: Environmental telemetry within statutory parameters.
1716292600,SEC-UG-L1,0.38,18,0.19,1.82,32.8,80.9,127,0,NORMAL: Environmental telemetry within statutory parameters.
1716292720,SEC-CRUSHER,0.05,9,0.09,1.42,29.9,81.9,50,0,NORMAL: Environmental telemetry within statutory parameters.
1716292840,SEC-WORKSHOP-3,0.04,12,0.36,1.82,25.0,83.3,64,0,NORMAL: Environmental telemetry within statutory parameters.
1716292960,SEC-UG-L2,0.65,90,0.64,0.6,34.8,68.7,176,1,WARNING: Elevated Carbon Monoxide (90 ppm) detected. Probable spontaneous heating.
1716293080,SEC-PIT-A,0.12,12,0.24,3.0,34.5,79.7,51,0,NORMAL: Environmental telemetry within statutory parameters.
1716293200,SEC-CRUSHER,0.11,4,0.36,3.09,27.2,66.4,62,0,NORMAL: Environmental telemetry within statutory parameters.
1716293320,SEC-MAGAZINE,0.1,3,0.17,1.63,31.6,78.2,46,0,NORMAL: Environmental telemetry within statutory parameters.
1716293440,SEC-PIT-A,0.11,6,0.2,1.68,25.7,64.9,121,0,NORMAL: Environmental telemetry within statutory parameters.
1716293560,SEC-UG-L2,0.17,18,0.19,1.69,29.4,77.0,83,0,NORMAL: Environmental telemetry within statutory parameters.
1716293680,SEC-PIT-B,0.08,12,0.09,1.48,26.2,62.4,68,0,NORMAL: Environmental telemetry within statutory parameters.
1716293800,SEC-UG-L2,0.17,22,0.19,3.0,34.2,79.2,45,0,NORMAL: Environmental telemetry within statutory parameters.
1716293920,SEC-UG-L1,0.34,18,0.12,2.34,24.2,64.1,76,0,NORMAL: Environmental telemetry within statutory parameters.
1716294040,SEC-HAUL-RD,0.11,10,0.26,1.74,35.0,82.6,135,0,NORMAL: Environmental telemetry within statutory parameters.
1716294160,SEC-WORKSHOP-3,0.06,4,0.33,1.14,25.0,61.5,113,0,NORMAL: Environmental telemetry within statutory parameters.
1716294280,SEC-MAGAZINE,0.13,5,0.13,2.22,28.6,85.2,66,0,NORMAL: Environmental telemetry within statutory parameters.
1716294400,SEC-CHP,0.11,9,0.31,1.07,28.1,75.8,38,0,NORMAL: Environmental telemetry within statutory parameters.
1716294520,SEC-WORKSHOP-3,0.09,7,0.18,2.23,33.7,62.3,114,0,NORMAL: Environmental telemetry within statutory parameters.
1716294640,SEC-UG-L2,0.79,20,1.15,0.09,32.9,70.6,123,1,ALERT: Air velocity dropped to 0.09 m/s (Statutory Minimum: 0.5 m/s).
1716294760,SEC-MAGAZINE,0.09,12,0.09,1.31,31.3,84.7,74,0,NORMAL: Environmental telemetry within statutory parameters.
1716294880,SEC-UG-L1,0.3,17,0.31,0.91,33.0,67.6,118,0,NORMAL: Environmental telemetry within statutory parameters.
1716295000,SEC-HAUL-RD,0.13,7,0.2,2.46,28.0,77.5,121,0,NORMAL: Environmental telemetry within statutory parameters.
1716295120,SEC-MAGAZINE,0.06,9,0.24,1.03,34.2,83.2,44,0,NORMAL: Environmental telemetry within statutory parameters.
1716295240,SEC-UG-L1,0.08,13,0.11,1.39,24.7,75.3,83,0,NORMAL: Environmental telemetry within statutory parameters.
1716295360,SEC-UG-L1,0.09,20,0.28,1.21,26.7,60.9,136,0,NORMAL: Environmental telemetry within statutory parameters.
1716295480,SEC-MAGAZINE,0.12,4,0.34,2.41,25.4,81.8,101,0,NORMAL: Environmental telemetry within statutory parameters.
1716295600,SEC-CRUSHER,0.13,6,0.24,2.42,25.0,86.3,122,0,NORMAL: Environmental telemetry within statutory parameters.
1716295720,SEC-WORKSHOP-3,0.12,12,0.08,2.6,32.1,78.1,110,0,NORMAL: Environmental telemetry within statutory parameters.
1716295840,SEC-CRUSHER,0.05,3,0.19,0.99,32.2,81.9,124,0,NORMAL: Environmental telemetry within statutory parameters.
1716295960,SEC-WORKSHOP-3,0.09,9,0.15,2.15,24.3,78.3,136,0,NORMAL: Environmental telemetry within statutory parameters.
1716296080,SEC-MAGAZINE,0.08,5,0.15,0.82,24.9,63.1,82,0,NORMAL: Environmental telemetry within statutory parameters.
1716296200,SEC-HAUL-RD,0.11,7,0.19,3.04,31.0,64.0,88,0,NORMAL: Environmental telemetry within statutory parameters.
1716296320,SEC-CRUSHER,0.08,4,0.26,1.89,24.9,72.3,98,0,NORMAL: Environmental telemetry within statutory parameters.
1716296440,SEC-PIT-B,0.11,11,0.2,1.14,26.8,69.9,89,0,NORMAL: Environmental telemetry within statutory parameters.
1716296560,SEC-PIT-B,0.08,9,0.36,1.86,34.8,70.4,63,0,NORMAL: Environmental telemetry within statutory parameters.
1716296680,SEC-WORKSHOP-3,0.05,11,0.33,2.06,27.3,87.8,130,0,NORMAL: Environmental telemetry within statutory parameters.
1716296800,SEC-UG-L1,0.15,12,0.28,3.11,27.4,70.9,73,0,NORMAL: Environmental telemetry within statutory parameters.
1716296920,SEC-CRUSHER,0.09,6,0.08,3.08,24.8,72.8,49,0,NORMAL: Environmental telemetry within statutory parameters.
1716297040,SEC-PIT-B,0.06,4,0.19,1.51,25.3,71.1,64,0,NORMAL: Environmental telemetry within statutory parameters.
1716297160,SEC-MAGAZINE,0.06,9,0.16,0.87,28.5,70.6,67,0,NORMAL: Environmental telemetry within statutory parameters.
1716297280,SEC-HAUL-RD,0.1,10,0.36,1.32,30.4,86.9,105,0,NORMAL: Environmental telemetry within statutory parameters.
1716297400,SEC-PIT-A,0.39,90,1.04,0.8,31.9,62.2,108,1,WARNING: Elevated Carbon Monoxide (90 ppm) detected. Probable spontaneous heating.
1716297520,SEC-CHP,0.06,5,0.31,2.5,25.3,78.0,111,0,NORMAL: Environmental telemetry within statutory parameters.
1716297640,SEC-WORKSHOP-3,0.08,12,0.15,0.95,24.6,80.8,68,0,NORMAL: Environmental telemetry within statutory parameters.
1716297760,SEC-UG-L1,0.08,17,0.13,2.03,29.5,74.5,70,0,NORMAL: Environmental telemetry within statutory parameters.
1716297880,SEC-PIT-A,0.05,12,0.31,3.07,24.6,83.2,118,0,NORMAL: Environmental telemetry within statutory parameters.
1716298000,SEC-CHP,0.1,11,0.28,2.8,34.3,76.3,96,0,NORMAL: Environmental telemetry within statutory parameters.
1716298120,SEC-WORKSHOP-3,0.05,5,0.36,1.12,25.4,67.8,97,0,NORMAL: Environmental telemetry within statutory parameters.
1716298240,SEC-CRUSHER,0.15,8,0.24,1.03,30.1,62.9,114,0,NORMAL: Environmental telemetry within statutory parameters.
1716298360,SEC-PIT-A,0.09,8,0.2,1.38,26.3,62.6,87,0,NORMAL: Environmental telemetry within statutory parameters.
1716298480,SEC-HAUL-RD,0.15,8,0.21,1.23,28.8,71.7,131,0,NORMAL: Environmental telemetry within statutory parameters.
1716298600,SEC-UG-L3,0.15,20,0.23,1.01,30.0,79.3,62,0,NORMAL: Environmental telemetry within statutory parameters.
1716298720,SEC-HAUL-RD,0.14,3,0.2,3.15,32.0,63.2,56,0,NORMAL: Environmental telemetry within statutory parameters.
1716298840,SEC-UG-L2,0.05,5,0.21,1.99,33.1,79.5,59,0,NORMAL: Environmental telemetry within statutory parameters.
1716298960,SEC-PIT-B,0.13,6,0.21,1.09,24.9,77.2,65,0,NORMAL: Environmental telemetry within statutory parameters.
1716299080,SEC-MAGAZINE,0.1,3,0.17,2.24,26.8,78.8,42,0,NORMAL: Environmental telemetry within statutory parameters.
1716299200,SEC-HAUL-RD,0.07,11,0.31,2.01,32.0,85.3,78,0,NORMAL: Environmental telemetry within statutory parameters.
1716299320,SEC-UG-L2,0.51,20,0.31,1.1,33.8,88.0,96,0,NORMAL: Environmental telemetry within statutory parameters.
1716299440,SEC-UG-L2,0.12,13,0.31,2.94,29.0,67.6,48,0,NORMAL: Environmental telemetry within statutory parameters.
1716299560,SEC-HAUL-RD,0.06,11,0.34,0.96,33.7,85.3,129,0,NORMAL: Environmental telemetry within statutory parameters.
1716299680,SEC-UG-L3,0.48,8,0.35,1.06,35.4,79.8,125,0,NORMAL: Environmental telemetry within statutory parameters.
1716299800,SEC-CRUSHER,0.05,11,0.2,2.17,28.1,62.7,68,0,NORMAL: Environmental telemetry within statutory parameters.
1716299920,SEC-UG-L2,0.32,13,0.15,1.55,32.9,76.9,62,0,NORMAL: Environmental telemetry within statutory parameters.
1716300040,SEC-PIT-A,0.13,12,0.2,2.39,32.9,77.4,78,0,NORMAL: Environmental telemetry within statutory parameters.
1716300160,SEC-HAUL-RD,0.11,8,0.34,2.19,25.6,67.8,94,0,NORMAL: Environmental telemetry within statutory parameters.
1716300280,SEC-PIT-A,0.12,12,0.34,2.49,29.6,81.7,93,0,NORMAL: Environmental telemetry within statutory parameters.
1716300400,SEC-UG-L2,0.52,5,0.21,2.02,34.1,66.0,43,0,NORMAL: Environmental telemetry within statutory parameters.
1716300520,SEC-HAUL-RD,0.14,10,0.09,2.46,29.5,66.3,50,0,NORMAL: Environmental telemetry within statutory parameters.
1716300640,SEC-UG-L3,0.4,8,0.17,2.36,26.0,83.8,117,0,NORMAL: Environmental telemetry within statutory parameters.
1716300760,SEC-UG-L3,0.35,10,0.32,0.95,34.5,65.2,121,0,NORMAL: Environmental telemetry within statutory parameters.
1716300880,SEC-UG-L2,0.2,3,0.11,2.11,33.1,68.1,118,0,NORMAL: Environmental telemetry within statutory parameters.
1716301000,SEC-UG-L1,0.54,11,0.13,3.16,25.8,67.8,38,0,NORMAL: Environmental telemetry within statutory parameters.
1716301120,SEC-CHP,0.9,31,1.06,0.27,31.7,74.4,120,1,ALERT: Air velocity dropped to 0.27 m/s (Statutory Minimum: 0.5 m/s).
1716301240,SEC-PIT-B,0.09,7,0.08,2.73,25.2,73.9,71,0,NORMAL: Environmental telemetry within statutory parameters.
1716301360,SEC-UG-L2,0.36,5,0.35,1.92,27.6,77.8,75,0,NORMAL: Environmental telemetry within statutory parameters.
1716301480,SEC-UG-L3,0.54,22,0.1,2.98,28.4,62.1,57,0,NORMAL: Environmental telemetry within statutory parameters.
1716301600,SEC-PIT-B,0.29,72,0.83,0.74,30.8,64.9,197,1,WARNING: Elevated Carbon Monoxide (72 ppm) detected. Probable spontaneous heating.
1716301720,SEC-UG-L1,0.23,15,0.21,2.39,30.9,81.7,89,0,NORMAL: Environmental telemetry within statutory parameters.
1716301840,SEC-HAUL-RD,0.07,9,0.11,1.4,31.2,75.2,43,0,NORMAL: Environmental telemetry within statutory parameters.
1716301960,SEC-UG-L2,0.05,22,0.32,2.68,25.5,78.3,74,0,NORMAL: Environmental telemetry within statutory parameters.
1716302080,SEC-UG-L1,0.23,8,0.23,1.25,26.2,82.6,87,0,NORMAL: Environmental telemetry within statutory parameters.
1716302200,SEC-MAGAZINE,0.07,6,0.16,1.93,34.8,80.7,48,0,NORMAL: Environmental telemetry within statutory parameters.
1716302320,SEC-CRUSHER,0.11,3,0.23,2.66,33.3,64.9,81,0,NORMAL: Environmental telemetry within statutory parameters.
1716302440,SEC-UG-L2,0.13,22,0.36,2.13,24.2,67.5,78,0,NORMAL: Environmental telemetry within statutory parameters.
1716302560,SEC-CHP,0.04,8,0.13,2.62,31.3,86.2,106,0,NORMAL: Environmental telemetry within statutory parameters.
1716302680,SEC-HAUL-RD,0.11,10,0.33,2.88,30.5,82.6,66,0,NORMAL: Environmental telemetry within statutory parameters.
1716302800,SEC-HAUL-RD,0.09,8,0.14,2.24,28.7,61.3,95,0,NORMAL: Environmental telemetry within statutory parameters.
1716302920,SEC-WORKSHOP-3,0.1,6,0.08,2.63,30.8,67.7,137,0,NORMAL: Environmental telemetry within statutory parameters.
1716303040,SEC-MAGAZINE,0.09,7,0.38,2.57,31.4,78.7,113,0,NORMAL: Environmental telemetry within statutory parameters.
1716303160,SEC-MAGAZINE,0.09,12,0.24,2.19,24.2,79.6,93,0,NORMAL: Environmental telemetry within statutory parameters.
1716303280,SEC-WORKSHOP-3,0.13,3,0.34,2.88,30.7,62.4,90,0,NORMAL: Environmental telemetry within statutory parameters.
1716303400,SEC-UG-L3,0.5,5,0.09,2.62,30.0,82.3,137,0,NORMAL: Environmental telemetry within statutory parameters.
1716303520,SEC-WORKSHOP-3,0.08,8,0.21,2.55,31.5,62.1,35,0,NORMAL: Environmental telemetry within statutory parameters.
1716303640,SEC-MAGAZINE,0.04,4,0.2,2.39,30.5,80.2,68,0,NORMAL: Environmental telemetry within statutory parameters.
1716303760,SEC-UG-L1,0.39,14,0.26,2.34,30.6,69.2,90,0,NORMAL: Environmental telemetry within statutory parameters.
1716303880,SEC-UG-L3,0.5,13,0.31,1.78,30.6,86.6,125,0,NORMAL: Environmental telemetry within statutory parameters.
1716304000,SEC-WORKSHOP-3,0.05,7,0.35,2.71,24.8,83.3,90,0,NORMAL: Environmental telemetry within statutory parameters.
1716304120,SEC-MAGAZINE,0.14,10,0.12,3.1,27.8,87.4,51,0,NORMAL: Environmental telemetry within statutory parameters.
1716304240,SEC-UG-L2,0.48,18,0.21,1.21,34.1,68.4,83,0,NORMAL: Environmental telemetry within statutory parameters.
1716304360,SEC-PIT-B,0.12,6,0.24,1.49,32.7,71.4,66,0,NORMAL: Environmental telemetry within statutory parameters.
1716304480,SEC-MAGAZINE,0.11,6,0.18,1.64,32.3,62.4,37,0,NORMAL: Environmental telemetry within statutory parameters.
1716304600,SEC-PIT-B,0.06,11,0.25,2.24,35.1,77.1,45,0,NORMAL: Environmental telemetry within statutory parameters.
1716304720,SEC-UG-L2,1.08,36,1.19,0.08,34.4,73.7,312,1,ALERT: Air velocity dropped to 0.08 m/s (Statutory Minimum: 0.5 m/s).
1716304840,SEC-CHP,0.12,3,0.35,1.73,25.7,86.5,88,0,NORMAL: Environmental telemetry within statutory parameters.
1716304960,SEC-CRUSHER,0.07,7,0.14,2.23,29.8,76.7,86,0,NORMAL: Environmental telemetry within statutory parameters.
1716305080,SEC-UG-L2,0.31,7,0.14,1.69,28.8,73.3,121,0,NORMAL: Environmental telemetry within statutory parameters.
1716305200,SEC-PIT-A,0.06,4,0.35,1.52,29.3,84.8,80,0,NORMAL: Environmental telemetry within statutory parameters.
1716305320,SEC-UG-L1,0.49,15,0.15,1.74,27.6,61.2,103,0,NORMAL: Environmental telemetry within statutory parameters.
1716305440,SEC-HAUL-RD,0.1,12,0.23,1.99,29.7,81.7,135,0,NORMAL: Environmental telemetry within statutory parameters.
1716305560,SEC-CHP,0.12,6,0.36,2.81,27.8,76.4,126,0,NORMAL: Environmental telemetry within statutory parameters.
1716305680,SEC-UG-L2,0.27,11,0.34,2.89,33.0,73.3,131,0,NORMAL: Environmental telemetry within statutory parameters.
1716305800,SEC-WORKSHOP-3,0.09,3,0.16,1.16,28.8,69.9,96,0,NORMAL: Environmental telemetry within statutory parameters.
1716305920,SEC-UG-L3,0.22,12,0.11,1.56,32.8,78.2,95,0,NORMAL: Environmental telemetry within statutory parameters.
1716306040,SEC-UG-L2,2.08,35,0.66,1.4,32.5,82.3,111,1,CRITICAL: Methane concentration (2.08%) exceeded statutory limit (1.25%) in SEC-UG-L2.
1716306160,SEC-CHP,0.12,5,0.15,1.5,27.9,74.7,68,0,NORMAL: Environmental telemetry within statutory parameters.
1716306280,SEC-CHP,0.09,6,0.18,1.23,33.9,63.6,60,0,NORMAL: Environmental telemetry within statutory parameters.
1716306400,SEC-CRUSHER,0.04,3,0.34,0.89,24.3,88.0,94,0,NORMAL: Environmental telemetry within statutory parameters.
1716306520,SEC-PIT-B,0.59,89,1.09,1.37,24.9,76.8,157,1,WARNING: Elevated Carbon Monoxide (89 ppm) detected. Probable spontaneous heating.
1716306640,SEC-HAUL-RD,0.11,9,0.33,3.18,30.3,79.1,46,0,NORMAL: Environmental telemetry within statutory parameters.
1716306760,SEC-CHP,0.12,10,0.32,1.46,24.9,80.4,89,0,NORMAL: Environmental telemetry within statutory parameters.
1716306880,SEC-WORKSHOP-3,0.14,11,0.27,2.35,29.6,60.0,100,0,NORMAL: Environmental telemetry within statutory parameters.
1716307000,SEC-WORKSHOP-3,0.09,9,0.24,1.15,24.2,70.4,113,0,NORMAL: Environmental telemetry within statutory parameters.
1716307120,SEC-UG-L1,0.21,22,0.26,0.84,31.1,67.7,117,0,NORMAL: Environmental telemetry within statutory parameters.
1716307240,SEC-UG-L1,0.39,3,0.3,2.18,29.7,85.4,58,0,NORMAL: Environmental telemetry within statutory parameters.
1716307360,SEC-PIT-A,0.13,6,0.27,1.81,24.8,61.5,54,0,NORMAL: Environmental telemetry within statutory parameters.
1716307480,SEC-PIT-B,0.05,9,0.19,1.54,29.2,66.8,74,0,NORMAL: Environmental telemetry within statutory parameters.
1716307600,SEC-MAGAZINE,0.05,10,0.3,2.0,27.0,68.4,56,0,NORMAL: Environmental telemetry within statutory parameters.
1716307720,SEC-UG-L3,0.04,13,0.26,1.48,34.7,80.9,37,0,NORMAL: Environmental telemetry within statutory parameters.
1716307840,SEC-UG-L1,0.16,19,0.22,1.34,35.4,75.0,80,0,NORMAL: Environmental telemetry within statutory parameters.
1716307960,SEC-CRUSHER,0.14,10,0.22,1.03,35.1,85.7,46,0,NORMAL: Environmental telemetry within statutory parameters.
1716308080,SEC-PIT-B,0.06,5,0.19,1.7,34.4,87.2,69,0,NORMAL: Environmental telemetry within statutory parameters.
1716308200,SEC-CHP,0.05,6,0.37,3.05,30.2,77.9,134,0,NORMAL: Environmental telemetry within statutory parameters.
1716308320,SEC-PIT-B,0.11,8,0.34,2.74,33.3,74.6,42,0,NORMAL: Environmental telemetry within statutory parameters.
1716308440,SEC-PIT-B,0.15,11,0.37,1.59,30.0,84.8,138,0,NORMAL: Environmental telemetry within statutory parameters.
1716308560,SEC-PIT-B,0.08,12,0.13,2.09,30.8,68.7,47,0,NORMAL: Environmental telemetry within statutory parameters.
1716308680,SEC-HAUL-RD,0.14,3,0.3,3.18,24.7,67.2,103,0,NORMAL: Environmental telemetry within statutory parameters.
1716308800,SEC-CRUSHER,0.05,12,0.37,1.22,25.2,77.0,55,0,NORMAL: Environmental telemetry within statutory parameters.
1716308920,SEC-CHP,0.12,6,0.37,2.83,32.5,62.8,110,0,NORMAL: Environmental telemetry within statutory parameters.
1716309040,SEC-PIT-B,0.06,6,0.17,3.18,32.3,62.5,72,0,NORMAL: Environmental telemetry within statutory parameters.
1716309160,SEC-UG-L2,0.49,14,0.19,2.84,27.7,61.1,43,0,NORMAL: Environmental telemetry within statutory parameters.
1716309280,SEC-PIT-A,0.07,10,0.21,1.01,25.1,61.3,126,0,NORMAL: Environmental telemetry within statutory parameters.
1716309400,SEC-CRUSHER,0.1,8,0.18,1.78,29.0,81.0,125,0,NORMAL: Environmental telemetry within statutory parameters.
1716309520,SEC-UG-L3,0.49,6,0.31,2.58,30.9,62.8,58,0,NORMAL: Environmental telemetry within statutory parameters.
1716309640,SEC-CRUSHER,0.13,12,0.16,1.17,27.5,62.3,88,0,NORMAL: Environmental telemetry within statutory parameters.
1716309760,SEC-HAUL-RD,0.13,3,0.21,1.05,32.6,87.5,123,0,NORMAL: Environmental telemetry within statutory parameters.
1716309880,SEC-CRUSHER,0.05,3,0.35,2.93,32.4,77.8,124,0,NORMAL: Environmental telemetry within statutory parameters.
1716310000,SEC-UG-L1,0.11,6,0.2,1.14,29.8,63.5,140,0,NORMAL: Environmental telemetry within statutory parameters.
1716310120,SEC-PIT-B,0.09,9,0.13,2.68,30.5,70.7,114,0,NORMAL: Environmental telemetry within statutory parameters.
1716310240,SEC-UG-L1,0.48,83,0.8,1.71,32.6,60.3,72,1,WARNING: Elevated Carbon Monoxide (83 ppm) detected. Probable spontaneous heating.
1716310360,SEC-HAUL-RD,0.11,8,0.23,2.62,31.2,61.4,105,0,NORMAL: Environmental telemetry within statutory parameters.
1716310480,SEC-UG-L2,0.06,17,0.35,1.44,31.1,80.6,78,0,NORMAL: Environmental telemetry within statutory parameters.
1716310600,SEC-UG-L3,0.32,6,0.12,1.64,27.8,85.2,72,0,NORMAL: Environmental telemetry within statutory parameters.
1716310720,SEC-PIT-A,0.15,3,0.29,1.15,34.9,71.2,115,0,NORMAL: Environmental telemetry within statutory parameters.
1716310840,SEC-CRUSHER,1.43,20,0.43,1.19,33.7,84.8,131,1,CRITICAL: Methane concentration (1.43%) exceeded statutory limit (1.25%) in SEC-CRUSHER.
1716310960,SEC-UG-L3,0.45,22,0.37,0.9,24.3,84.4,109,0,NORMAL: Environmental telemetry within statutory parameters.
1716311080,SEC-MAGAZINE,0.1,8,0.21,3.11,26.3,62.6,68,0,NORMAL: Environmental telemetry within statutory parameters.
1716311200,SEC-CRUSHER,0.13,9,0.32,1.33,29.7,74.2,106,0,NORMAL: Environmental telemetry within statutory parameters.
1716311320,SEC-MAGAZINE,0.14,8,0.21,3.16,31.2,66.7,113,0,NORMAL: Environmental telemetry within statutory parameters.
1716311440,SEC-UG-L2,0.53,16,0.27,2.92,33.7,60.6,52,0,NORMAL: Environmental telemetry within statutory parameters.
1716311560,SEC-PIT-B,0.13,6,0.25,0.82,29.5,76.5,70,0,NORMAL: Environmental telemetry within statutory parameters.
1716311680,SEC-WORKSHOP-3,0.05,12,0.26,1.31,26.4,63.4,37,0,NORMAL: Environmental telemetry within statutory parameters.
1716311800,SEC-UG-L3,0.31,13,0.3,2.14,30.5,68.6,126,0,NORMAL: Environmental telemetry within statutory parameters.
1716311920,SEC-HAUL-RD,0.05,10,0.32,2.55,26.7,72.3,81,0,NORMAL: Environmental telemetry within statutory parameters.
1716312040,SEC-MAGAZINE,0.08,4,0.37,1.78,31.4,83.0,62,0,NORMAL: Environmental telemetry within statutory parameters.
1716312160,SEC-CHP,0.05,9,0.23,2.74,33.9,81.3,67,0,NORMAL: Environmental telemetry within statutory parameters.
1716312280,SEC-CRUSHER,0.1,9,0.33,1.6,31.6,76.6,123,0,NORMAL: Environmental telemetry within statutory parameters.
1716312400,SEC-UG-L1,0.38,20,0.28,2.89,30.0,64.6,55,0,NORMAL: Environmental telemetry within statutory parameters.
1716312520,SEC-MAGAZINE,0.12,4,0.24,1.17,26.4,72.2,82,0,NORMAL: Environmental telemetry within statutory parameters.
1716312640,SEC-MAGAZINE,0.09,7,0.28,2.8,34.4,77.9,97,0,NORMAL: Environmental telemetry within statutory parameters.
1716312760,SEC-MAGAZINE,0.18,12,0.24,1.54,30.6,83.3,623,1,ALERT: Airborne respirable dust concentration (623 mg/m³) exceeded DGMS permissible limits.
1716312880,SEC-WORKSHOP-3,0.05,8,0.27,0.99,27.7,69.6,96,0,NORMAL: Environmental telemetry within statutory parameters.
1716313000,SEC-CHP,0.06,11,0.29,1.97,32.1,87.0,103,0,NORMAL: Environmental telemetry within statutory parameters.
1716313120,SEC-PIT-B,0.05,7,0.37,1.73,28.9,69.1,55,0,NORMAL: Environmental telemetry within statutory parameters.
1716313240,SEC-PIT-B,0.11,12,0.27,1.82,26.6,77.2,77,0,NORMAL: Environmental telemetry within statutory parameters.
1716313360,SEC-CHP,0.05,8,0.31,1.85,31.0,72.3,49,0,NORMAL: Environmental telemetry within statutory parameters.
1716313480,SEC-HAUL-RD,0.14,3,0.35,0.92,28.0,74.1,61,0,NORMAL: Environmental telemetry within statutory parameters.
1716313600,SEC-UG-L1,1.67,21,0.72,0.72,30.6,78.3,123,1,CRITICAL: Methane concentration (1.67%) exceeded statutory limit (1.25%) in SEC-UG-L1.
1716313720,SEC-UG-L1,0.18,7,0.24,2.62,32.6,68.5,136,0,NORMAL: Environmental telemetry within statutory parameters.
1716313840,SEC-HAUL-RD,0.08,11,0.09,2.31,26.9,78.3,133,0,NORMAL: Environmental telemetry within statutory parameters.
1716313960,SEC-PIT-A,0.13,11,0.37,1.46,26.3,85.5,136,0,NORMAL: Environmental telemetry within statutory parameters.
1716314080,SEC-MAGAZINE,1.28,34,1.1,0.14,30.1,71.2,315,1,ALERT: Air velocity dropped to 0.14 m/s (Statutory Minimum: 0.5 m/s).
1716314200,SEC-WORKSHOP-3,0.08,7,0.16,2.91,26.8,64.3,79,0,NORMAL: Environmental telemetry within statutory parameters.
1716314320,SEC-CRUSHER,0.25,13,0.38,2.65,31.3,63.9,686,1,ALERT: Airborne respirable dust concentration (686 mg/m³) exceeded DGMS permissible limits.
1716314440,SEC-UG-L1,1.17,32,1.24,0.25,31.2,61.8,166,1,ALERT: Air velocity dropped to 0.25 m/s (Statutory Minimum: 0.5 m/s).
1716314560,SEC-HAUL-RD,0.12,8,0.2,2.57,25.8,74.0,122,0,NORMAL: Environmental telemetry within statutory parameters.
1716314680,SEC-PIT-A,0.05,8,0.37,2.53,31.5,78.4,135,0,NORMAL: Environmental telemetry within statutory parameters.
1716314800,SEC-MAGAZINE,0.04,10,0.22,2.9,25.6,85.6,105,0,NORMAL: Environmental telemetry within statutory parameters.
1716314920,SEC-CRUSHER,0.07,12,0.19,1.95,27.1,81.0,100,0,NORMAL: Environmental telemetry within statutory parameters.
1716315040,SEC-PIT-A,0.11,3,0.33,2.79,31.7,85.0,45,0,NORMAL: Environmental telemetry within statutory parameters.
1716315160,SEC-HAUL-RD,0.11,4,0.22,1.7,25.8,79.0,43,0,NORMAL: Environmental telemetry within statutory parameters.
1716315280,SEC-UG-L3,0.44,22,0.31,1.61,25.2,85.7,121,0,NORMAL: Environmental telemetry within statutory parameters.
1716315400,SEC-HAUL-RD,0.1,6,0.24,2.35,30.6,67.6,119,0,NORMAL: Environmental telemetry within statutory parameters.
1716315520,SEC-WORKSHOP-3,0.08,8,0.25,0.89,28.2,68.5,37,0,NORMAL: Environmental telemetry within statutory parameters.
1716315640,SEC-HAUL-RD,0.13,6,0.27,1.53,29.0,73.2,133,0,NORMAL: Environmental telemetry within statutory parameters.
1716315760,SEC-WORKSHOP-3,0.13,12,0.13,1.14,33.5,67.4,35,0,NORMAL: Environmental telemetry within statutory parameters.
1716315880,SEC-HAUL-RD,0.05,9,0.36,2.47,33.9,69.7,73,0,NORMAL: Environmental telemetry within statutory parameters.
1716316000,SEC-CHP,0.09,3,0.28,1.06,31.4,72.9,77,0,NORMAL: Environmental telemetry within statutory parameters.
1716316120,SEC-UG-L2,0.35,11,0.15,0.97,27.0,75.0,119,0,NORMAL: Environmental telemetry within statutory parameters.
1716316240,SEC-UG-L1,0.52,17,0.37,1.61,25.2,69.6,67,0,NORMAL: Environmental telemetry within statutory parameters.
1716316360,SEC-WORKSHOP-3,0.08,8,0.34,1.7,31.1,68.8,62,0,NORMAL: Environmental telemetry within statutory parameters.
1716316480,SEC-UG-L2,0.31,14,0.18,0.84,31.8,76.3,134,0,NORMAL: Environmental telemetry within statutory parameters.
1716316600,SEC-CHP,0.11,10,0.19,2.0,28.7,61.2,118,0,NORMAL: Environmental telemetry within statutory parameters.
1716316720,SEC-MAGAZINE,0.07,4,0.31,1.79,26.5,80.6,65,0,NORMAL: Environmental telemetry within statutory parameters.
1716316840,SEC-UG-L3,0.19,17,0.11,1.76,35.5,72.4,110,0,NORMAL: Environmental telemetry within statutory parameters.
1716316960,SEC-PIT-B,0.15,12,0.23,2.74,32.0,87.3,140,0,NORMAL: Environmental telemetry within statutory parameters.
1716317080,SEC-PIT-B,0.12,12,0.18,0.9,26.5,86.3,126,0,NORMAL: Environmental telemetry within statutory parameters.
1716317200,SEC-CHP,0.08,4,0.22,1.26,28.5,60.5,140,0,NORMAL: Environmental telemetry within statutory parameters.
1716317320,SEC-WORKSHOP-3,0.11,3,0.31,1.85,34.8,72.9,39,0,NORMAL: Environmental telemetry within statutory parameters.
1716317440,SEC-UG-L3,0.29,16,0.29,1.23,27.6,79.0,102,0,NORMAL: Environmental telemetry within statutory parameters.
1716317560,SEC-CRUSHER,0.06,8,0.25,2.67,30.3,82.2,120,0,NORMAL: Environmental telemetry within statutory parameters.
1716317680,SEC-HAUL-RD,0.08,6,0.19,1.28,29.6,66.7,89,0,NORMAL: Environmental telemetry within statutory parameters.
1716317800,SEC-CHP,0.11,3,0.23,1.89,30.1,66.0,52,0,NORMAL: Environmental telemetry within statutory parameters.
1716317920,SEC-PIT-B,0.07,8,0.33,2.61,24.1,67.6,113,0,NORMAL: Environmental telemetry within statutory parameters.
1716318040,SEC-PIT-A,0.14,7,0.13,2.32,26.6,71.3,113,0,NORMAL: Environmental telemetry within statutory parameters.
1716318160,SEC-UG-L2,0.4,21,0.2,2.64,34.9,67.5,43,0,NORMAL: Environmental telemetry within statutory parameters.
1716318280,SEC-PIT-A,0.12,3,0.28,2.99,32.3,82.5,121,0,NORMAL: Environmental telemetry within statutory parameters.
1716318400,SEC-CRUSHER,0.1,5,0.2,0.86,35.2,69.6,57,0,NORMAL: Environmental telemetry within statutory parameters.
1716318520,SEC-CRUSHER,0.12,12,0.36,2.5,24.8,84.8,137,0,NORMAL: Environmental telemetry within statutory parameters.
1716318640,SEC-MAGAZINE,0.14,4,0.11,1.1,35.0,82.3,51,0,NORMAL: Environmental telemetry within statutory parameters.
1716318760,SEC-UG-L1,0.29,62,0.96,0.61,30.7,82.1,77,1,WARNING: Elevated Carbon Monoxide (62 ppm) detected. Probable spontaneous heating.
1716318880,SEC-MAGAZINE,0.15,8,0.32,2.88,35.2,81.2,85,0,NORMAL: Environmental telemetry within statutory parameters.
1716319000,SEC-WORKSHOP-3,0.11,7,0.19,1.69,26.1,79.2,62,0,NORMAL: Environmental telemetry within statutory parameters.
1716319120,SEC-CHP,0.14,4,0.24,2.71,30.1,83.8,123,0,NORMAL: Environmental telemetry within statutory parameters.
1716319240,SEC-CHP,0.08,10,0.14,3.12,27.9,61.6,122,0,NORMAL: Environmental telemetry within statutory parameters.
1716319360,SEC-MAGAZINE,0.11,4,0.29,1.32,28.9,68.4,127,0,NORMAL: Environmental telemetry within statutory parameters.
1716319480,SEC-PIT-B,0.14,10,0.36,1.42,25.5,60.8,120,0,NORMAL: Environmental telemetry within statutory parameters.
1716319600,SEC-PIT-B,0.1,6,0.15,1.44,34.3,63.1,42,0,NORMAL: Environmental telemetry within statutory parameters.
1716319720,SEC-WORKSHOP-3,0.06,9,0.08,0.8,34.1,71.1,96,0,NORMAL: Environmental telemetry within statutory parameters.
1716319840,SEC-UG-L3,0.29,21,0.08,1.81,29.6,63.0,120,0,NORMAL: Environmental telemetry within statutory parameters.
1716319960,SEC-MAGAZINE,0.09,5,0.3,1.7,28.8,73.5,96,0,NORMAL: Environmental telemetry within statutory parameters.
1716320080,SEC-PIT-B,0.06,4,0.23,0.9,30.0,74.5,104,0,NORMAL: Environmental telemetry within statutory parameters.
1716320200,SEC-MAGAZINE,0.59,32,1.15,0.1,34.2,78.8,147,1,ALERT: Air velocity dropped to 0.1 m/s (Statutory Minimum: 0.5 m/s).
1716320320,SEC-CRUSHER,0.11,9,0.16,1.83,25.3,77.2,73,0,NORMAL: Environmental telemetry within statutory parameters.
1716320440,SEC-CRUSHER,0.47,53,0.67,1.69,24.4,75.8,195,1,WARNING: Elevated Carbon Monoxide (53 ppm) detected. Probable spontaneous heating.
1716320560,SEC-WORKSHOP-3,0.07,5,0.18,2.39,32.1,76.7,49,0,NORMAL: Environmental telemetry within statutory parameters.
1716320680,SEC-PIT-A,0.05,8,0.25,1.04,35.4,64.0,85,0,NORMAL: Environmental telemetry within statutory parameters.
1716320800,SEC-CRUSHER,0.04,7,0.13,3.11,24.8,67.0,66,0,NORMAL: Environmental telemetry within statutory parameters.
1716320920,SEC-CRUSHER,0.13,8,0.37,1.76,25.6,63.2,35,0,NORMAL: Environmental telemetry within statutory parameters.
1716321040,SEC-HAUL-RD,0.12,11,0.29,1.89,27.2,60.3,136,0,NORMAL: Environmental telemetry within statutory parameters.
1716321160,SEC-HAUL-RD,0.12,8,0.24,2.61,27.4,79.1,140,0,NORMAL: Environmental telemetry within statutory parameters.
1716321280,SEC-HAUL-RD,0.04,8,0.21,2.92,33.8,73.4,76,0,NORMAL: Environmental telemetry within statutory parameters.
1716321400,SEC-CHP,0.08,6,0.31,2.49,24.3,64.6,50,0,NORMAL: Environmental telemetry within statutory parameters.
1716321520,SEC-PIT-B,0.14,4,0.13,2.1,25.0,69.3,59,0,NORMAL: Environmental telemetry within statutory parameters.
1716321640,SEC-MAGAZINE,0.1,10,0.25,0.83,27.9,81.2,63,0,NORMAL: Environmental telemetry within statutory parameters.
1716321760,SEC-HAUL-RD,0.09,10,0.1,1.97,26.2,69.7,38,0,NORMAL: Environmental telemetry within statutory parameters.
1716321880,SEC-MAGAZINE,0.05,12,0.17,1.11,28.4,69.2,124,0,NORMAL: Environmental telemetry within statutory parameters.
1716322000,SEC-CRUSHER,0.13,11,0.26,1.3,28.4,67.2,92,0,NORMAL: Environmental telemetry within statutory parameters.
1716322120,SEC-MAGAZINE,0.13,10,0.22,2.4,24.1,67.8,42,0,NORMAL: Environmental telemetry within statutory parameters.
1716322240,SEC-UG-L3,0.53,21,0.32,1.89,31.7,66.5,116,0,NORMAL: Environmental telemetry within statutory parameters.
1716322360,SEC-PIT-B,0.09,6,0.09,1.34,30.7,71.8,68,0,NORMAL: Environmental telemetry within statutory parameters.
1716322480,SEC-WORKSHOP-3,0.12,10,0.35,1.43,25.3,60.0,78,0,NORMAL: Environmental telemetry within statutory parameters.
1716322600,SEC-MAGAZINE,0.1,3,0.26,2.48,32.3,66.1,91,0,NORMAL: Environmental telemetry within statutory parameters.
1716322720,SEC-PIT-B,0.15,9,0.09,1.62,25.9,61.4,72,0,NORMAL: Environmental telemetry within statutory parameters.
1716322840,SEC-HAUL-RD,0.1,8,0.33,2.52,33.2,71.6,73,0,NORMAL: Environmental telemetry within statutory parameters.
1716322960,SEC-PIT-B,0.05,12,0.22,1.54,28.2,78.9,92,0,NORMAL: Environmental telemetry within statutory parameters.
1716323080,SEC-CHP,0.09,11,0.25,1.89,28.5,76.1,56,0,NORMAL: Environmental telemetry within statutory parameters.
1716323200,SEC-UG-L3,0.18,3,0.31,2.19,29.8,86.8,112,0,NORMAL: Environmental telemetry within statutory parameters.
1716323320,SEC-CRUSHER,0.08,9,0.08,1.84,30.8,76.7,127,0,NORMAL: Environmental telemetry within statutory parameters.
1716323440,SEC-CRUSHER,0.66,87,0.73,1.31,34.2,84.9,163,1,WARNING: Elevated Carbon Monoxide (87 ppm) detected. Probable spontaneous heating.
1716323560,SEC-WORKSHOP-3,0.09,6,0.25,2.94,25.7,66.2,87,0,NORMAL: Environmental telemetry within statutory parameters.
1716323680,SEC-WORKSHOP-3,0.14,10,0.1,2.68,34.9,81.3,42,0,NORMAL: Environmental telemetry within statutory parameters.
1716323800,SEC-CHP,0.1,9,0.13,2.39,28.7,87.1,39,0,NORMAL: Environmental telemetry within statutory parameters.
1716323920,SEC-UG-L1,0.12,9,0.29,2.66,33.1,66.0,41,0,NORMAL: Environmental telemetry within statutory parameters.
1716324040,SEC-HAUL-RD,0.07,9,0.09,1.76,34.2,83.4,125,0,NORMAL: Environmental telemetry within statutory parameters.
1716324160,SEC-CRUSHER,0.15,6,0.28,0.81,28.0,63.7,113,0,NORMAL: Environmental telemetry within statutory parameters.
1716324280,SEC-CHP,0.14,8,0.31,2.24,25.6,69.6,46,0,NORMAL: Environmental telemetry within statutory parameters.
1716324400,SEC-WORKSHOP-3,0.05,9,0.34,1.44,34.2,75.6,102,0,NORMAL: Environmental telemetry within statutory parameters.
1716324520,SEC-UG-L3,0.44,13,0.15,1.08,31.3,81.4,109,0,NORMAL: Environmental telemetry within statutory parameters.
1716324640,SEC-MAGAZINE,0.07,8,0.19,1.55,30.1,60.2,53,0,NORMAL: Environmental telemetry within statutory parameters.
1716324760,SEC-UG-L2,0.25,12,0.37,1.68,24.3,75.6,137,0,NORMAL: Environmental telemetry within statutory parameters.
1716324880,SEC-CRUSHER,0.11,10,0.24,0.87,24.5,80.2,58,0,NORMAL: Environmental telemetry within statutory parameters.
1716325000,SEC-UG-L1,0.17,5,0.36,0.88,31.1,80.1,46,0,NORMAL: Environmental telemetry within statutory parameters.
1716325120,SEC-CHP,0.15,6,0.37,2.66,25.5,82.7,119,0,NORMAL: Environmental telemetry within statutory parameters.
1716325240,SEC-HAUL-RD,0.09,11,0.23,2.78,24.9,82.4,124,0,NORMAL: Environmental telemetry within statutory parameters.
1716325360,SEC-UG-L3,0.45,8,0.25,1.07,30.6,68.7,120,0,NORMAL: Environmental telemetry within statutory parameters.
1716325480,SEC-PIT-B,0.07,5,0.24,2.02,24.1,69.1,95,0,NORMAL: Environmental telemetry within statutory parameters.
1716325600,SEC-PIT-A,0.09,8,0.29,1.16,25.7,64.5,37,0,NORMAL: Environmental telemetry within statutory parameters.
1716325720,SEC-PIT-A,0.14,8,0.17,3.07,28.6,74.8,43,0,NORMAL: Environmental telemetry within statutory parameters.
1716325840,SEC-HAUL-RD,0.14,4,0.1,2.93,28.8,84.5,86,0,NORMAL: Environmental telemetry within statutory parameters.
1716325960,SEC-CHP,0.04,4,0.19,1.77,30.6,67.1,122,0,NORMAL: Environmental telemetry within statutory parameters.
1716326080,SEC-UG-L1,0.16,15,0.1,2.08,27.9,80.6,133,0,NORMAL: Environmental telemetry within statutory parameters.
1716326200,SEC-UG-L2,0.33,14,0.23,1.98,31.9,66.1,65,0,NORMAL: Environmental telemetry within statutory parameters.
1716326320,SEC-MAGAZINE,0.04,3,0.32,2.87,29.1,76.6,77,0,NORMAL: Environmental telemetry within statutory parameters.
1716326440,SEC-UG-L2,0.29,11,0.3,2.08,32.1,77.4,99,0,NORMAL: Environmental telemetry within statutory parameters.
1716326560,SEC-WORKSHOP-3,0.54,23,0.95,0.16,35.2,78.7,306,1,ALERT: Air velocity dropped to 0.16 m/s (Statutory Minimum: 0.5 m/s).
1716326680,SEC-PIT-A,0.08,12,0.12,1.09,25.8,80.3,106,0,NORMAL: Environmental telemetry within statutory parameters.
1716326800,SEC-CHP,0.06,5,0.37,1.88,33.6,76.1,35,0,NORMAL: Environmental telemetry within statutory parameters.
1716326920,SEC-UG-L2,0.34,19,0.13,2.98,30.2,86.3,78,0,NORMAL: Environmental telemetry within statutory parameters.
1716327040,SEC-CHP,0.13,4,0.21,1.31,31.4,62.3,112,0,NORMAL: Environmental telemetry within statutory parameters.
1716327160,SEC-HAUL-RD,0.04,10,0.18,3.05,32.0,63.1,73,0,NORMAL: Environmental telemetry within statutory parameters.
1716327280,SEC-UG-L3,0.19,17,0.33,2.2,28.4,69.7,55,0,NORMAL: Environmental telemetry within statutory parameters.
1716327400,SEC-PIT-B,0.1,4,0.13,2.37,34.5,80.4,136,0,NORMAL: Environmental telemetry within statutory parameters.
1716327520,SEC-UG-L2,0.37,17,0.22,2.92,27.4,77.8,68,0,NORMAL: Environmental telemetry within statutory parameters.
1716327640,SEC-UG-L2,0.21,12,0.27,1.91,25.9,87.3,98,0,NORMAL: Environmental telemetry within statutory parameters.
1716327760,SEC-CRUSHER,0.05,9,0.31,2.84,34.3,84.3,63,0,NORMAL: Environmental telemetry within statutory parameters.
1716327880,SEC-PIT-A,0.11,12,0.09,2.73,34.7,78.1,69,0,NORMAL: Environmental telemetry within statutory parameters.
1716328000,SEC-UG-L3,0.28,16,0.37,2.3,24.6,68.0,127,0,NORMAL: Environmental telemetry within statutory parameters.
1716328120,SEC-HAUL-RD,0.93,35,0.83,0.12,28.7,79.4,132,1,ALERT: Air velocity dropped to 0.12 m/s (Statutory Minimum: 0.5 m/s).
1716328240,SEC-UG-L1,0.17,7,0.36,1.33,30.9,61.5,135,0,NORMAL: Environmental telemetry within statutory parameters.
1716328360,SEC-PIT-B,0.07,3,0.35,2.43,29.4,63.0,53,0,NORMAL: Environmental telemetry within statutory parameters.
1716328480,SEC-PIT-B,0.06,5,0.2,2.99,29.7,84.3,68,0,NORMAL: Environmental telemetry within statutory parameters.
1716328600,SEC-CRUSHER,0.13,3,0.27,2.05,34.6,82.3,51,0,NORMAL: Environmental telemetry within statutory parameters.
1716328720,SEC-UG-L2,0.35,11,0.21,1.53,30.6,77.8,55,0,NORMAL: Environmental telemetry within statutory parameters.
1716328840,SEC-CHP,0.12,10,0.32,2.71,35.3,67.0,45,0,NORMAL: Environmental telemetry within statutory parameters.
1716328960,SEC-HAUL-RD,0.2,62,0.92,1.1,28.6,60.3,110,1,WARNING: Elevated Carbon Monoxide (62 ppm) detected. Probable spontaneous heating.
1716329080,SEC-UG-L2,0.33,21,0.09,3.13,29.0,83.6,42,0,NORMAL: Environmental telemetry within statutory parameters.
1716329200,SEC-CRUSHER,0.77,34,0.9,0.11,32.1,68.9,278,1,ALERT: Air velocity dropped to 0.11 m/s (Statutory Minimum: 0.5 m/s).
1716329320,SEC-PIT-A,0.07,6,0.12,2.29,25.7,79.7,111,0,NORMAL: Environmental telemetry within statutory parameters.
1716329440,SEC-PIT-A,0.09,8,0.32,1.44,26.6,65.5,108,0,NORMAL: Environmental telemetry within statutory parameters.
1716329560,SEC-UG-L2,0.24,3,0.16,2.85,32.9,76.5,129,0,NORMAL: Environmental telemetry within statutory parameters.
1716329680,SEC-UG-L1,0.39,8,0.23,2.14,27.8,65.5,63,0,NORMAL: Environmental telemetry within statutory parameters.
1716329800,SEC-MAGAZINE,0.06,3,0.36,1.36,26.9,85.1,78,0,NORMAL: Environmental telemetry within statutory parameters.
1716329920,SEC-UG-L2,0.35,58,0.99,0.7,34.7,60.6,171,1,WARNING: Elevated Carbon Monoxide (58 ppm) detected. Probable spontaneous heating.
1716330040,SEC-HAUL-RD,0.06,10,0.13,1.38,24.5,85.6,79,0,NORMAL: Environmental telemetry within statutory parameters.
1716330160,SEC-CRUSHER,0.59,72,0.47,0.54,28.2,70.0,72,1,WARNING: Elevated Carbon Monoxide (72 ppm) detected. Probable spontaneous heating.
1716330280,SEC-MAGAZINE,0.05,12,0.37,1.44,24.6,64.3,124,0,NORMAL: Environmental telemetry within statutory parameters.
1716330400,SEC-UG-L3,0.24,5,0.1,2.29,33.3,84.0,82,0,NORMAL: Environmental telemetry within statutory parameters.
1716330520,SEC-UG-L1,0.3,4,0.36,2.65,30.7,83.6,44,0,NORMAL: Environmental telemetry within statutory parameters.
1716330640,SEC-CHP,0.08,6,0.3,1.54,34.7,87.3,67,0,NORMAL: Environmental telemetry within statutory parameters.
1716330760,SEC-HAUL-RD,0.09,8,0.29,2.86,28.1,86.6,75,0,NORMAL: Environmental telemetry within statutory parameters.
1716330880,SEC-CRUSHER,0.07,11,0.27,1.12,28.7,60.5,70,0,NORMAL: Environmental telemetry within statutory parameters.
1716331000,SEC-CRUSHER,0.09,4,0.28,2.89,28.2,86.6,119,0,NORMAL: Environmental telemetry within statutory parameters.
1716331120,SEC-CRUSHER,0.05,3,0.22,3.05,24.5,64.3,75,0,NORMAL: Environmental telemetry within statutory parameters.
1716331240,SEC-CHP,0.11,11,0.32,2.4,30.8,72.9,88,0,NORMAL: Environmental telemetry within statutory parameters.
1716331360,SEC-PIT-B,0.12,9,0.09,3.04,32.6,76.6,40,0,NORMAL: Environmental telemetry within statutory parameters.
1716331480,SEC-PIT-B,1.19,33,1.09,0.25,26.5,64.2,277,1,ALERT: Air velocity dropped to 0.25 m/s (Statutory Minimum: 0.5 m/s).
1716331600,SEC-MAGAZINE,0.1,11,0.26,0.89,35.2,70.9,137,0,NORMAL: Environmental telemetry within statutory parameters.
1716331720,SEC-PIT-B,0.07,11,0.11,3.12,32.1,80.5,95,0,NORMAL: Environmental telemetry within statutory parameters.
1716331840,SEC-PIT-B,0.12,9,0.36,0.91,31.2,78.5,79,0,NORMAL: Environmental telemetry within statutory parameters.
1716331960,SEC-CRUSHER,0.08,11,0.24,1.18,26.0,61.0,96,0,NORMAL: Environmental telemetry within statutory parameters.
1716332080,SEC-WORKSHOP-3,0.12,5,0.33,2.54,25.3,78.7,105,0,NORMAL: Environmental telemetry within statutory parameters.
1716332200,SEC-UG-L3,0.36,17,0.14,1.81,29.4,66.3,37,0,NORMAL: Environmental telemetry within statutory parameters.
1716332320,SEC-PIT-A,0.06,9,0.26,3.09,32.7,76.4,101,0,NORMAL: Environmental telemetry within statutory parameters.
1716332440,SEC-HAUL-RD,0.11,8,0.37,2.26,28.7,85.0,61,0,NORMAL: Environmental telemetry within statutory parameters.
1716332560,SEC-UG-L3,0.17,4,0.36,1.71,32.3,72.6,100,0,NORMAL: Environmental telemetry within statutory parameters.
1716332680,SEC-PIT-B,0.08,10,0.35,1.0,28.1,61.3,73,0,NORMAL: Environmental telemetry within statutory parameters.
1716332800,SEC-HAUL-RD,0.13,6,0.38,1.4,25.0,61.4,131,0,NORMAL: Environmental telemetry within statutory parameters.
1716332920,SEC-WORKSHOP-3,0.14,3,0.3,1.12,33.6,69.7,102,0,NORMAL: Environmental telemetry within statutory parameters.
1716333040,SEC-CHP,0.06,10,0.29,1.96,24.2,65.6,65,0,NORMAL: Environmental telemetry within statutory parameters.
1716333160,SEC-CRUSHER,0.1,4,0.26,1.19,25.2,67.9,88,0,NORMAL: Environmental telemetry within statutory parameters.
1716333280,SEC-WORKSHOP-3,0.04,4,0.12,2.4,35.0,86.7,52,0,NORMAL: Environmental telemetry within statutory parameters.
1716333400,SEC-UG-L3,0.05,4,0.38,1.51,29.8,80.8,39,0,NORMAL: Environmental telemetry within statutory parameters.
1716333520,SEC-PIT-A,0.1,11,0.33,2.16,28.6,72.8,98,0,NORMAL: Environmental telemetry within statutory parameters.
1716333640,SEC-MAGAZINE,0.05,9,0.11,1.31,33.2,81.6,60,0,NORMAL: Environmental telemetry within statutory parameters.
1716333760,SEC-UG-L2,0.43,4,0.09,2.19,26.6,64.4,72,0,NORMAL: Environmental telemetry within statutory parameters.
1716333880,SEC-UG-L3,0.16,3,0.23,3.14,25.2,87.8,70,0,NORMAL: Environmental telemetry within statutory parameters.
1716334000,SEC-HAUL-RD,0.09,7,0.2,1.73,31.1,79.4,100,0,NORMAL: Environmental telemetry within statutory parameters.
1716334120,SEC-CHP,0.11,9,0.13,1.61,32.9,77.7,92,0,NORMAL: Environmental telemetry within statutory parameters.
1716334240,SEC-PIT-A,0.25,60,0.56,1.74,28.3,80.8,59,1,WARNING: Elevated Carbon Monoxide (60 ppm) detected. Probable spontaneous heating.
1716334360,SEC-WORKSHOP-3,0.15,4,0.14,0.99,30.0,80.6,82,0,NORMAL: Environmental telemetry within statutory parameters.
1716334480,SEC-UG-L3,0.3,8,0.31,2.02,27.9,71.6,36,0,NORMAL: Environmental telemetry within statutory parameters.
1716334600,SEC-CRUSHER,2.14,21,0.59,1.28,32.9,73.6,115,1,CRITICAL: Methane concentration (2.14%) exceeded statutory limit (1.25%) in SEC-CRUSHER.
1716334720,SEC-HAUL-RD,0.34,18,0.12,1.28,31.0,83.2,680,1,ALERT: Airborne respirable dust concentration (680 mg/m³) exceeded DGMS permissible limits.
1716334840,SEC-UG-L3,0.12,7,0.13,3.14,30.4,67.0,123,0,NORMAL: Environmental telemetry within statutory parameters.
1716334960,SEC-MAGAZINE,0.06,4,0.15,1.91,24.9,70.3,94,0,NORMAL: Environmental telemetry within statutory parameters.
1716335080,SEC-UG-L2,0.47,6,0.35,0.88,28.4,70.7,54,0,NORMAL: Environmental telemetry within statutory parameters.
1716335200,SEC-HAUL-RD,0.14,4,0.26,1.4,28.7,70.7,108,0,NORMAL: Environmental telemetry within statutory parameters.
1716335320,SEC-PIT-A,0.14,4,0.34,2.16,25.4,62.9,130,0,NORMAL: Environmental telemetry within statutory parameters.
1716335440,SEC-HAUL-RD,0.11,8,0.33,1.71,31.8,64.0,119,0,NORMAL: Environmental telemetry within statutory parameters.
1716335560,SEC-UG-L3,0.25,20,0.28,1.31,35.1,66.2,43,0,NORMAL: Environmental telemetry within statutory parameters.
1716335680,SEC-PIT-B,0.06,4,0.23,1.07,31.3,68.7,106,0,NORMAL: Environmental telemetry within statutory parameters.
1716335800,SEC-CHP,0.12,6,0.13,2.33,34.0,78.7,91,0,NORMAL: Environmental telemetry within statutory parameters.
1716335920,SEC-UG-L3,0.06,14,0.2,2.17,33.1,82.6,70,0,NORMAL: Environmental telemetry within statutory parameters.
1716336040,SEC-CRUSHER,0.07,11,0.22,1.31,26.3,67.4,37,0,NORMAL: Environmental telemetry within statutory parameters.
1716336160,SEC-CHP,0.08,8,0.22,3.07,29.3,78.5,54,0,NORMAL: Environmental telemetry within statutory parameters.
1716336280,SEC-WORKSHOP-3,0.13,10,0.3,0.87,33.9,86.2,62,0,NORMAL: Environmental telemetry within statutory parameters.
1716336400,SEC-UG-L3,0.36,22,0.36,2.06,30.9,66.4,35,0,NORMAL: Environmental telemetry within statutory parameters.
1716336520,SEC-HAUL-RD,0.07,12,0.17,1.25,28.7,68.4,115,0,NORMAL: Environmental telemetry within statutory parameters.
1716336640,SEC-PIT-A,0.04,5,0.21,2.74,26.7,61.8,79,0,NORMAL: Environmental telemetry within statutory parameters.
1716336760,SEC-MAGAZINE,0.38,17,0.17,2.37,24.9,87.9,498,1,ALERT: Airborne respirable dust concentration (498 mg/m³) exceeded DGMS permissible limits.
1716336880,SEC-HAUL-RD,0.08,9,0.32,1.2,28.6,70.9,63,0,NORMAL: Environmental telemetry within statutory parameters.
1716337000,SEC-UG-L3,0.9,36,0.82,0.19,30.5,81.7,314,1,ALERT: Air velocity dropped to 0.19 m/s (Statutory Minimum: 0.5 m/s).
1716337120,SEC-HAUL-RD,0.11,11,0.16,0.97,34.3,66.9,36,0,NORMAL: Environmental telemetry within statutory parameters.
1716337240,SEC-PIT-B,2.22,29,0.7,0.61,29.1,86.6,58,1,CRITICAL: Methane concentration (2.22%) exceeded statutory limit (1.25%) in SEC-PIT-B.
1716337360,SEC-UG-L2,0.2,12,0.26,2.74,35.4,61.0,139,0,NORMAL: Environmental telemetry within statutory parameters.
1716337480,SEC-MAGAZINE,0.14,4,0.21,2.18,28.9,61.5,132,0,NORMAL: Environmental telemetry within statutory parameters.
1716337600,SEC-PIT-A,0.04,4,0.16,1.5,28.1,83.8,138,0,NORMAL: Environmental telemetry within statutory parameters.
1716337720,SEC-CRUSHER,0.07,6,0.28,2.05,30.5,71.4,119,0,NORMAL: Environmental telemetry within statutory parameters.
1716337840,SEC-CHP,0.06,12,0.38,1.95,24.3,65.9,122,0,NORMAL: Environmental telemetry within statutory parameters.
1716337960,SEC-UG-L2,0.5,4,0.17,2.47,30.7,70.8,109,0,NORMAL: Environmental telemetry within statutory parameters.
1716338080,SEC-CRUSHER,0.06,9,0.3,3.1,29.5,83.3,113,0,NORMAL: Environmental telemetry within statutory parameters.
1716338200,SEC-UG-L2,0.27,21,0.34,2.63,34.5,67.6,123,0,NORMAL: Environmental telemetry within statutory parameters.
1716338320,SEC-WORKSHOP-3,0.06,6,0.32,2.75,28.0,74.7,140,0,NORMAL: Environmental telemetry within statutory parameters.
1716338440,SEC-CHP,0.07,12,0.13,1.95,28.5,72.7,138,0,NORMAL: Environmental telemetry within statutory parameters.
1716338560,SEC-PIT-B,0.05,6,0.16,1.28,34.3,73.5,50,0,NORMAL: Environmental telemetry within statutory parameters.
1716338680,SEC-HAUL-RD,0.14,9,0.08,1.67,25.2,84.4,117,0,NORMAL: Environmental telemetry within statutory parameters.
1716338800,SEC-CHP,0.05,4,0.2,1.61,32.0,76.4,85,0,NORMAL: Environmental telemetry within statutory parameters.
1716338920,SEC-HAUL-RD,0.14,7,0.2,1.76,30.8,79.4,139,0,NORMAL: Environmental telemetry within statutory parameters.
1716339040,SEC-WORKSHOP-3,1.1,40,1.02,0.13,33.7,66.5,91,1,ALERT: Air velocity dropped to 0.13 m/s (Statutory Minimum: 0.5 m/s).
1716339160,SEC-UG-L2,0.11,6,0.3,3.17,35.0,76.3,85,0,NORMAL: Environmental telemetry within statutory parameters.
1716339280,SEC-UG-L1,0.1,4,0.18,2.29,28.5,61.5,57,0,NORMAL: Environmental telemetry within statutory parameters.
1716339400,SEC-PIT-A,0.13,4,0.28,2.6,33.4,71.9,45,0,NORMAL: Environmental telemetry within statutory parameters.
1716339520,SEC-CRUSHER,0.16,13,0.34,2.94,31.2,62.3,799,1,ALERT: Airborne respirable dust concentration (799 mg/m³) exceeded DGMS permissible limits.
1716339640,SEC-PIT-B,0.04,11,0.23,2.37,30.1,68.5,59,0,NORMAL: Environmental telemetry within statutory parameters.
1716339760,SEC-CRUSHER,0.11,11,0.34,1.95,31.7,66.1,60,0,NORMAL: Environmental telemetry within statutory parameters.
1716339880,SEC-PIT-A,0.07,4,0.23,2.93,34.9,66.9,94,0,NORMAL: Environmental telemetry within statutory parameters.
1716340000,SEC-CRUSHER,0.14,8,0.3,0.97,25.5,62.0,52,0,NORMAL: Environmental telemetry within statutory parameters.
1716340120,SEC-MAGAZINE,0.14,3,0.2,2.6,32.4,71.1,102,0,NORMAL: Environmental telemetry within statutory parameters.
1716340240,SEC-UG-L3,0.24,10,0.33,1.17,27.0,63.3,87,0,NORMAL: Environmental telemetry within statutory parameters.
1716340360,SEC-CRUSHER,0.09,6,0.18,2.3,24.8,83.7,110,0,NORMAL: Environmental telemetry within statutory parameters.
1716340480,SEC-CRUSHER,0.13,5,0.15,2.19,32.2,80.6,43,0,NORMAL: Environmental telemetry within statutory parameters.
1716340600,SEC-UG-L1,0.11,20,0.12,2.93,28.6,72.7,138,0,NORMAL: Environmental telemetry within statutory parameters.
1716340720,SEC-PIT-B,0.14,6,0.22,1.42,30.5,83.7,114,0,NORMAL: Environmental telemetry within statutory parameters.
1716340840,SEC-UG-L1,0.2,22,0.2,1.42,31.9,67.8,73,0,NORMAL: Environmental telemetry within statutory parameters.
1716340960,SEC-UG-L2,0.42,16,0.31,2.55,29.8,84.4,90,0,NORMAL: Environmental telemetry within statutory parameters.
1716341080,SEC-PIT-B,0.23,79,0.58,1.29,24.3,75.7,183,1,WARNING: Elevated Carbon Monoxide (79 ppm) detected. Probable spontaneous heating.
1716341200,SEC-WORKSHOP-3,0.08,8,0.26,2.38,24.6,77.9,123,0,NORMAL: Environmental telemetry within statutory parameters.
1716341320,SEC-CRUSHER,0.06,10,0.24,3.03,26.0,70.0,41,0,NORMAL: Environmental telemetry within statutory parameters.
1716341440,SEC-PIT-B,0.04,7,0.37,3.09,25.9,71.5,94,0,NORMAL: Environmental telemetry within statutory parameters.
1716341560,SEC-CRUSHER,0.04,5,0.14,2.02,30.2,60.2,44,0,NORMAL: Environmental telemetry within statutory parameters.
1716341680,SEC-HAUL-RD,0.11,12,0.25,1.98,26.6,72.8,133,0,NORMAL: Environmental telemetry within statutory parameters.
1716341800,SEC-HAUL-RD,0.13,10,0.34,1.56,24.8,86.9,79,0,NORMAL: Environmental telemetry within statutory parameters.
1716341920,SEC-UG-L1,0.27,5,0.1,1.95,35.4,87.0,62,0,NORMAL: Environmental telemetry within statutory parameters.
1716342040,SEC-WORKSHOP-3,0.14,16,0.22,2.31,25.2,64.5,700,1,ALERT: Airborne respirable dust concentration (700 mg/m³) exceeded DGMS permissible limits.
1716342160,SEC-MAGAZINE,0.13,6,0.14,2.71,24.5,71.1,104,0,NORMAL: Environmental telemetry within statutory parameters.
1716342280,SEC-UG-L2,0.45,62,0.84,1.79,25.6,73.1,193,1,WARNING: Elevated Carbon Monoxide (62 ppm) detected. Probable spontaneous heating.
1716342400,SEC-UG-L1,0.06,18,0.28,2.05,25.0,77.8,60,0,NORMAL: Environmental telemetry within statutory parameters.
1716342520,SEC-UG-L2,0.54,12,0.24,1.16,29.4,60.2,35,0,NORMAL: Environmental telemetry within statutory parameters.
1716342640,SEC-HAUL-RD,0.04,7,0.12,1.93,24.8,79.1,121,0,NORMAL: Environmental telemetry within statutory parameters.
1716342760,SEC-UG-L1,0.4,9,0.27,1.58,31.2,80.5,55,0,NORMAL: Environmental telemetry within statutory parameters.
1716342880,SEC-CHP,0.12,3,0.09,1.67,24.4,63.2,45,0,NORMAL: Environmental telemetry within statutory parameters.
1716343000,SEC-UG-L3,0.43,7,0.12,2.91,31.9,60.4,61,0,NORMAL: Environmental telemetry within statutory parameters.
1716343120,SEC-CRUSHER,0.14,12,0.2,1.31,30.1,60.1,814,1,ALERT: Airborne respirable dust concentration (814 mg/m³) exceeded DGMS permissible limits.
1716343240,SEC-UG-L2,0.39,11,0.14,1.9,26.4,63.2,138,0,NORMAL: Environmental telemetry within statutory parameters.
1716343360,SEC-CRUSHER,0.06,11,0.09,2.25,32.2,66.2,88,0,NORMAL: Environmental telemetry within statutory parameters.
1716343480,SEC-CRUSHER,0.13,12,0.2,2.14,31.8,60.3,128,0,NORMAL: Environmental telemetry within statutory parameters.
1716343600,SEC-UG-L2,0.17,11,0.35,0.95,28.5,72.2,37,0,NORMAL: Environmental telemetry within statutory parameters.
1716343720,SEC-UG-L3,0.04,20,0.17,2.69,30.4,62.8,77,0,NORMAL: Environmental telemetry within statutory parameters.
1716343840,SEC-PIT-B,0.07,12,0.36,2.79,29.9,76.4,56,0,NORMAL: Environmental telemetry within statutory parameters.
1716343960,SEC-UG-L3,0.22,13,0.33,2.37,28.7,76.0,138,0,NORMAL: Environmental telemetry within statutory parameters.
1716344080,SEC-CRUSHER,0.12,6,0.12,2.81,27.8,64.5,125,0,NORMAL: Environmental telemetry within statutory parameters.
1716344200,SEC-UG-L2,0.11,20,0.36,1.58,26.2,72.8,105,0,NORMAL: Environmental telemetry within statutory parameters.
1716344320,SEC-WORKSHOP-3,0.07,7,0.3,3.09,27.5,87.9,126,0,NORMAL: Environmental telemetry within statutory parameters.
1716344440,SEC-UG-L1,0.42,9,0.26,0.91,25.0,85.6,48,0,NORMAL: Environmental telemetry within statutory parameters.
1716344560,SEC-UG-L1,0.2,16,0.33,1.91,30.2,75.1,125,0,NORMAL: Environmental telemetry within statutory parameters.
1716344680,SEC-CRUSHER,2.28,23,0.57,0.63,24.2,85.4,100,1,CRITICAL: Methane concentration (2.28%) exceeded statutory limit (1.25%) in SEC-CRUSHER.
1716344800,SEC-CHP,0.1,11,0.08,2.62,25.4,75.2,95,0,NORMAL: Environmental telemetry within statutory parameters.
1716344920,SEC-PIT-B,0.13,7,0.33,1.11,35.4,66.2,112,0,NORMAL: Environmental telemetry within statutory parameters.
1716345040,SEC-CHP,0.12,8,0.26,1.23,32.5,69.9,76,0,NORMAL: Environmental telemetry within statutory parameters.
1716345160,SEC-CRUSHER,0.09,12,0.26,2.85,31.8,82.0,48,0,NORMAL: Environmental telemetry within statutory parameters.
1716345280,SEC-HAUL-RD,0.06,7,0.31,1.92,29.1,67.0,53,0,NORMAL: Environmental telemetry within statutory parameters.
1716345400,SEC-PIT-B,0.08,11,0.25,2.94,35.1,76.0,80,0,NORMAL: Environmental telemetry within statutory parameters.
1716345520,SEC-PIT-A,0.05,8,0.28,3.11,25.3,65.7,58,0,NORMAL: Environmental telemetry within statutory parameters.
1716345640,SEC-CRUSHER,0.11,9,0.1,3.0,27.1,72.1,60,0,NORMAL: Environmental telemetry within statutory parameters.
1716345760,SEC-PIT-B,0.1,12,0.35,2.21,26.6,79.2,127,0,NORMAL: Environmental telemetry within statutory parameters.
1716345880,SEC-WORKSHOP-3,0.14,4,0.3,2.55,30.9,77.9,108,0,NORMAL: Environmental telemetry within statutory parameters.
1716346000,SEC-HAUL-RD,0.13,5,0.22,2.32,32.0,86.2,77,0,NORMAL: Environmental telemetry within statutory parameters.
1716346120,SEC-UG-L2,0.39,20,0.34,2.42,29.9,80.5,53,0,NORMAL: Environmental telemetry within statutory parameters.
1716346240,SEC-MAGAZINE,0.1,11,0.28,2.11,27.0,66.6,133,0,NORMAL: Environmental telemetry within statutory parameters.
1716346360,SEC-HAUL-RD,0.12,3,0.29,2.95,31.4,73.2,36,0,NORMAL: Environmental telemetry within statutory parameters.
1716346480,SEC-WORKSHOP-3,0.11,12,0.33,3.06,33.5,81.9,118,0,NORMAL: Environmental telemetry within statutory parameters.
1716346600,SEC-CHP,0.14,7,0.34,1.54,33.8,61.2,49,0,NORMAL: Environmental telemetry within statutory parameters.
1716346720,SEC-CRUSHER,0.13,9,0.12,2.34,27.3,66.5,78,0,NORMAL: Environmental telemetry within statutory parameters.
1716346840,SEC-WORKSHOP-3,0.15,4,0.29,0.87,32.4,67.0,137,0,NORMAL: Environmental telemetry within statutory parameters.
1716346960,SEC-HAUL-RD,0.1,12,0.23,3.09,32.2,75.9,116,0,NORMAL: Environmental telemetry within statutory parameters.
1716347080,SEC-PIT-A,0.11,12,0.37,1.67,29.2,81.2,75,0,NORMAL: Environmental telemetry within statutory parameters.
1716347200,SEC-WORKSHOP-3,0.11,11,0.1,1.94,35.5,66.1,74,0,NORMAL: Environmental telemetry within statutory parameters.
1716347320,SEC-UG-L3,0.29,9,0.1,1.86,25.1,79.2,120,0,NORMAL: Environmental telemetry within statutory parameters.
1716347440,SEC-WORKSHOP-3,0.08,6,0.17,0.86,24.0,74.2,115,0,NORMAL: Environmental telemetry within statutory parameters.
1716347560,SEC-UG-L2,0.12,9,0.14,2.51,27.2,66.6,76,0,NORMAL: Environmental telemetry within statutory parameters.
1716347680,SEC-UG-L2,0.34,13,0.12,2.13,32.8,80.4,122,0,NORMAL: Environmental telemetry within statutory parameters.
1716347800,SEC-UG-L2,0.55,7,0.36,2.44,27.6,64.4,85,0,NORMAL: Environmental telemetry within statutory parameters.
1716347920,SEC-UG-L2,0.38,13,0.32,1.48,25.8,76.6,92,0,NORMAL: Environmental telemetry within statutory parameters.
1716348040,SEC-PIT-A,0.15,6,0.16,1.97,28.9,77.1,72,0,NORMAL: Environmental telemetry within statutory parameters.
1716348160,SEC-PIT-A,0.12,8,0.19,2.47,34.5,64.2,40,0,NORMAL: Environmental telemetry within statutory parameters.
1716348280,SEC-PIT-A,0.09,4,0.14,3.14,34.8,82.2,68,0,NORMAL: Environmental telemetry within statutory parameters.
1716348400,SEC-HAUL-RD,0.09,9,0.11,1.18,30.5,86.0,105,0,NORMAL: Environmental telemetry within statutory parameters.
1716348520,SEC-HAUL-RD,0.11,10,0.28,2.61,33.7,69.1,36,0,NORMAL: Environmental telemetry within statutory parameters.
1716348640,SEC-WORKSHOP-3,0.05,5,0.13,1.16,31.5,78.4,104,0,NORMAL: Environmental telemetry within statutory parameters.
1716348760,SEC-PIT-A,0.07,9,0.25,1.65,24.1,67.2,120,0,NORMAL: Environmental telemetry within statutory parameters.
1716348880,SEC-CHP,0.14,12,0.18,1.1,26.4,69.3,87,0,NORMAL: Environmental telemetry within statutory parameters.
1716349000,SEC-PIT-A,0.09,11,0.26,2.41,26.5,78.1,136,0,NORMAL: Environmental telemetry within statutory parameters.
1716349120,SEC-WORKSHOP-3,0.15,12,0.3,0.95,33.5,61.0,121,0,NORMAL: Environmental telemetry within statutory parameters.
1716349240,SEC-MAGAZINE,0.12,6,0.2,1.7,35.3,83.4,119,0,NORMAL: Environmental telemetry within statutory parameters.
1716349360,SEC-CRUSHER,0.1,5,0.36,1.24,30.5,70.5,42,0,NORMAL: Environmental telemetry within statutory parameters.
1716349480,SEC-CHP,0.08,10,0.31,0.89,34.8,72.9,117,0,NORMAL: Environmental telemetry within statutory parameters.
1716349600,SEC-PIT-B,0.11,5,0.09,1.3,26.9,77.1,61,0,NORMAL: Environmental telemetry within statutory parameters.
1716349720,SEC-WORKSHOP-3,0.09,5,0.35,1.72,24.8,78.2,128,0,NORMAL: Environmental telemetry within statutory parameters.
1716349840,SEC-UG-L2,0.46,21,0.3,2.85,32.5,64.4,44,0,NORMAL: Environmental telemetry within statutory parameters.
1716349960,SEC-CRUSHER,0.11,4,0.08,1.61,29.5,64.5,38,0,NORMAL: Environmental telemetry within statutory parameters.
1716350080,SEC-CRUSHER,2.19,19,0.74,1.32,29.1,67.8,158,1,CRITICAL: Methane concentration (2.19%) exceeded statutory limit (1.25%) in SEC-CRUSHER.
1716350200,SEC-WORKSHOP-3,0.07,12,0.25,1.98,30.2,72.5,104,0,NORMAL: Environmental telemetry within statutory parameters.
1716350320,SEC-UG-L1,0.52,4,0.2,1.16,31.6,83.3,123,0,NORMAL: Environmental telemetry within statutory parameters.
1716350440,SEC-PIT-A,0.15,5,0.21,2.18,34.4,67.2,41,0,NORMAL: Environmental telemetry within statutory parameters.
1716350560,SEC-CRUSHER,0.1,5,0.3,1.45,24.2,75.9,87,0,NORMAL: Environmental telemetry within statutory parameters.
1716350680,SEC-PIT-A,0.14,7,0.21,2.47,34.5,88.0,67,0,NORMAL: Environmental telemetry within statutory parameters.
1716350800,SEC-UG-L1,0.15,20,0.22,1.4,30.3,75.0,98,0,NORMAL: Environmental telemetry within statutory parameters.
1716350920,SEC-PIT-A,0.13,12,0.16,1.56,29.3,84.3,94,0,NORMAL: Environmental telemetry within statutory parameters.
1716351040,SEC-CRUSHER,0.14,11,0.23,1.89,30.3,64.3,54,0,NORMAL: Environmental telemetry within statutory parameters.
1716351160,SEC-MAGAZINE,0.41,61,1.03,1.39,32.1,81.2,68,1,WARNING: Elevated Carbon Monoxide (61 ppm) detected. Probable spontaneous heating.
1716351280,SEC-UG-L3,0.05,13,0.14,1.98,29.9,71.9,117,0,NORMAL: Environmental telemetry within statutory parameters.
1716351400,SEC-CHP,0.12,11,0.23,2.71,31.9,87.0,44,0,NORMAL: Environmental telemetry within statutory parameters.
1716351520,SEC-CRUSHER,0.15,12,0.33,2.33,29.4,74.7,53,0,NORMAL: Environmental telemetry within statutory parameters.
1716351640,SEC-PIT-B,0.12,7,0.12,2.44,35.3,78.8,65,0,NORMAL: Environmental telemetry within statutory parameters.
1716351760,SEC-UG-L3,0.24,3,0.11,2.25,30.4,67.3,113,0,NORMAL: Environmental telemetry within statutory parameters.
1716351880,SEC-PIT-A,0.04,4,0.22,2.46,32.3,71.2,134,0,NORMAL: Environmental telemetry within statutory parameters.
1716352000,SEC-PIT-B,0.04,10,0.27,2.54,29.4,68.0,42,0,NORMAL: Environmental telemetry within statutory parameters.
1716352120,SEC-UG-L3,0.26,20,0.25,2.56,28.4,79.6,111,0,NORMAL: Environmental telemetry within statutory parameters.
1716352240,SEC-UG-L3,0.38,13,0.37,1.02,34.6,61.4,108,0,NORMAL: Environmental telemetry within statutory parameters.
1716352360,SEC-WORKSHOP-3,1.77,26,0.31,0.85,24.6,69.7,135,1,CRITICAL: Methane concentration (1.77%) exceeded statutory limit (1.25%) in SEC-WORKSHOP-3.
1716352480,SEC-UG-L3,0.12,10,0.29,2.28,24.9,87.7,39,0,NORMAL: Environmental telemetry within statutory parameters.
1716352600,SEC-UG-L1,0.49,14,0.35,2.7,27.1,72.9,95,0,NORMAL: Environmental telemetry within statutory parameters.
1716352720,SEC-CHP,0.14,9,0.18,2.88,32.6,67.1,92,0,NORMAL: Environmental telemetry within statutory parameters.
1716352840,SEC-UG-L1,0.24,22,0.31,1.42,25.9,67.9,118,0,NORMAL: Environmental telemetry within statutory parameters.
1716352960,SEC-CRUSHER,0.08,6,0.21,0.89,33.0,83.8,136,0,NORMAL: Environmental telemetry within statutory parameters.
1716353080,SEC-PIT-B,0.15,6,0.22,2.67,32.8,84.3,113,0,NORMAL: Environmental telemetry within statutory parameters.
1716353200,SEC-CRUSHER,0.08,12,0.31,2.45,28.4,63.2,92,0,NORMAL: Environmental telemetry within statutory parameters.
1716353320,SEC-CRUSHER,0.04,11,0.18,1.99,33.3,72.8,46,0,NORMAL: Environmental telemetry within statutory parameters.
1716353440,SEC-HAUL-RD,0.13,11,0.17,2.54,29.9,67.7,101,0,NORMAL: Environmental telemetry within statutory parameters.
1716353560,SEC-HAUL-RD,0.1,6,0.37,2.71,28.6,67.9,99,0,NORMAL: Environmental telemetry within statutory parameters.
1716353680,SEC-PIT-A,0.09,7,0.18,2.16,30.4,65.9,108,0,NORMAL: Environmental telemetry within statutory parameters.
1716353800,SEC-UG-L3,0.16,7,0.37,2.57,25.1,63.3,48,0,NORMAL: Environmental telemetry within statutory parameters.
1716353920,SEC-PIT-A,0.1,4,0.37,1.4,28.9,74.3,121,0,NORMAL: Environmental telemetry within statutory parameters.
1716354040,SEC-MAGAZINE,0.12,12,0.15,1.2,28.1,76.2,66,0,NORMAL: Environmental telemetry within statutory parameters.
1716354160,SEC-PIT-B,0.06,10,0.3,1.28,32.0,83.8,70,0,NORMAL: Environmental telemetry within statutory parameters.
1716354280,SEC-PIT-A,0.04,5,0.12,2.86,25.8,77.3,68,0,NORMAL: Environmental telemetry within statutory parameters.
1716354400,SEC-WORKSHOP-3,0.05,8,0.34,1.51,25.9,76.1,140,0,NORMAL: Environmental telemetry within statutory parameters.
1716354520,SEC-WORKSHOP-3,0.1,4,0.3,1.14,33.8,82.5,43,0,NORMAL: Environmental telemetry within statutory parameters.
1716354640,SEC-WORKSHOP-3,0.07,11,0.16,1.53,27.4,76.3,35,0,NORMAL: Environmental telemetry within statutory parameters.
1716354760,SEC-WORKSHOP-3,0.09,11,0.36,2.44,34.1,62.3,136,0,NORMAL: Environmental telemetry within statutory parameters.
1716354880,SEC-CRUSHER,0.4,86,0.43,0.85,31.1,85.1,86,1,WARNING: Elevated Carbon Monoxide (86 ppm) detected. Probable spontaneous heating.
1716355000,SEC-CRUSHER,0.14,9,0.27,2.01,31.1,76.5,118,0,NORMAL: Environmental telemetry within statutory parameters.
1716355120,SEC-MAGAZINE,0.14,8,0.17,1.59,34.2,81.2,68,0,NORMAL: Environmental telemetry within statutory parameters.
1716355240,SEC-PIT-B,0.04,12,0.36,1.13,35.4,87.5,109,0,NORMAL: Environmental telemetry within statutory parameters.
1716355360,SEC-CRUSHER,0.14,8,0.37,1.84,29.2,78.6,124,0,NORMAL: Environmental telemetry within statutory parameters.
1716355480,SEC-PIT-B,0.1,7,0.19,1.4,24.3,64.3,112,0,NORMAL: Environmental telemetry within statutory parameters.
1716355600,SEC-UG-L3,0.31,12,0.22,1.38,33.1,69.8,127,0,NORMAL: Environmental telemetry within statutory parameters.
1716355720,SEC-PIT-B,0.05,8,0.2,2.73,32.1,79.6,52,0,NORMAL: Environmental telemetry within statutory parameters.
1716355840,SEC-UG-L2,0.07,17,0.09,1.81,26.9,60.8,113,0,NORMAL: Environmental telemetry within statutory parameters.
1716355960,SEC-CHP,0.05,3,0.12,1.11,34.6,66.8,116,0,NORMAL: Environmental telemetry within statutory parameters.
1716356080,SEC-PIT-A,0.09,5,0.32,2.99,32.6,73.8,126,0,NORMAL: Environmental telemetry within statutory parameters.
1716356200,SEC-MAGAZINE,0.11,7,0.17,2.89,28.8,84.1,80,0,NORMAL: Environmental telemetry within statutory parameters.
1716356320,SEC-PIT-B,0.05,11,0.29,1.98,30.4,73.7,58,0,NORMAL: Environmental telemetry within statutory parameters.
1716356440,SEC-PIT-A,0.09,8,0.29,1.52,33.9,69.3,114,0,NORMAL: Environmental telemetry within statutory parameters.
1716356560,SEC-CRUSHER,0.08,8,0.29,1.51,34.7,64.6,101,0,NORMAL: Environmental telemetry within statutory parameters.
1716356680,SEC-MAGAZINE,0.06,5,0.1,1.21,30.0,75.1,119,0,NORMAL: Environmental telemetry within statutory parameters.
1716356800,SEC-CRUSHER,0.14,8,0.33,2.27,30.8,80.0,84,0,NORMAL: Environmental telemetry within statutory parameters.
1716356920,SEC-MAGAZINE,0.06,11,0.35,3.18,35.4,72.6,103,0,NORMAL: Environmental telemetry within statutory parameters.
1716357040,SEC-PIT-A,0.04,4,0.28,2.82,33.4,75.1,56,0,NORMAL: Environmental telemetry within statutory parameters.
1716357160,SEC-WORKSHOP-3,0.12,5,0.14,1.18,26.4,72.1,37,0,NORMAL: Environmental telemetry within statutory parameters.
1716357280,SEC-CRUSHER,0.15,5,0.32,3.03,29.5,70.9,130,0,NORMAL: Environmental telemetry within statutory parameters.
1716357400,SEC-CRUSHER,0.12,8,0.14,1.15,32.5,87.5,94,0,NORMAL: Environmental telemetry within statutory parameters.
1716357520,SEC-UG-L2,0.3,18,0.21,1.34,29.0,62.2,69,0,NORMAL: Environmental telemetry within statutory parameters.
1716357640,SEC-PIT-A,0.11,6,0.33,1.44,28.0,84.4,116,0,NORMAL: Environmental telemetry within statutory parameters.
1716357760,SEC-CHP,0.08,9,0.13,3.09,33.9,83.8,51,0,NORMAL: Environmental telemetry within statutory parameters.
1716357880,SEC-WORKSHOP-3,0.12,3,0.1,1.59,30.1,79.8,78,0,NORMAL: Environmental telemetry within statutory parameters.
1716358000,SEC-WORKSHOP-3,0.14,10,0.15,2.33,25.5,75.4,140,0,NORMAL: Environmental telemetry within statutory parameters.
1716358120,SEC-WORKSHOP-3,0.04,5,0.32,0.9,35.2,69.3,128,0,NORMAL: Environmental telemetry within statutory parameters.
1716358240,SEC-CHP,0.09,12,0.3,2.48,35.3,82.3,63,0,NORMAL: Environmental telemetry within statutory parameters.
1716358360,SEC-WORKSHOP-3,0.07,4,0.2,3.13,33.8,61.9,103,0,NORMAL: Environmental telemetry within statutory parameters.
1716358480,SEC-HAUL-RD,0.13,7,0.2,2.35,30.1,83.6,64,0,NORMAL: Environmental telemetry within statutory parameters.
1716358600,SEC-CHP,0.04,7,0.23,3.03,32.6,72.1,68,0,NORMAL: Environmental telemetry within statutory parameters.
1716358720,SEC-UG-L2,0.4,22,0.33,3.12,27.3,76.9,55,0,NORMAL: Environmental telemetry within statutory parameters.
1716358840,SEC-CHP,0.14,10,0.09,2.38,34.2,66.7,89,0,NORMAL: Environmental telemetry within statutory parameters.
1716358960,SEC-HAUL-RD,0.07,12,0.28,1.47,28.9,60.9,55,0,NORMAL: Environmental telemetry within statutory parameters.
1716359080,SEC-CRUSHER,0.69,22,0.6,0.22,33.9,66.9,147,1,ALERT: Air velocity dropped to 0.22 m/s (Statutory Minimum: 0.5 m/s).
1716359200,SEC-MAGAZINE,1.5,31,0.55,1.81,25.7,66.3,136,1,CRITICAL: Methane concentration (1.5%) exceeded statutory limit (1.25%) in SEC-MAGAZINE.
1716359320,SEC-CHP,0.11,8,0.35,2.12,24.4,78.9,44,0,NORMAL: Environmental telemetry within statutory parameters.
1716359440,SEC-PIT-B,0.06,10,0.16,2.74,28.6,60.6,76,0,NORMAL: Environmental telemetry within statutory parameters.
1716359560,SEC-WORKSHOP-3,0.1,10,0.1,1.57,28.2,72.1,83,0,NORMAL: Environmental telemetry within statutory parameters.
1716359680,SEC-HAUL-RD,0.12,12,0.28,1.51,27.9,69.6,98,0,NORMAL: Environmental telemetry within statutory parameters.
1716359800,SEC-HAUL-RD,0.08,8,0.18,2.36,31.2,63.8,123,0,NORMAL: Environmental telemetry within statutory parameters.
1716359920,SEC-PIT-B,0.07,8,0.34,3.1,34.3,75.7,71,0,NORMAL: Environmental telemetry within statutory parameters.
1716360040,SEC-HAUL-RD,0.06,8,0.12,2.85,25.6,86.1,81,0,NORMAL: Environmental telemetry within statutory parameters.
1716360160,SEC-WORKSHOP-3,0.13,11,0.13,2.62,31.5,62.7,85,0,NORMAL: Environmental telemetry within statutory parameters.
1716360280,SEC-PIT-B,0.12,4,0.17,2.98,27.4,68.3,97,0,NORMAL: Environmental telemetry within statutory parameters.
1716360400,SEC-UG-L1,0.12,94,0.49,1.32,34.1,73.0,209,1,WARNING: Elevated Carbon Monoxide (94 ppm) detected. Probable spontaneous heating.
1716360520,SEC-PIT-A,0.13,5,0.17,0.94,32.4,79.1,140,0,NORMAL: Environmental telemetry within statutory parameters.
1716360640,SEC-UG-L2,0.52,8,0.3,1.48,24.1,79.7,71,0,NORMAL: Environmental telemetry within statutory parameters.
1716360760,SEC-HAUL-RD,0.13,6,0.17,2.81,24.3,67.0,135,0,NORMAL: Environmental telemetry within statutory parameters.
1716360880,SEC-UG-L1,0.09,20,0.35,1.67,25.9,73.4,119,0,NORMAL: Environmental telemetry within statutory parameters.
1716361000,SEC-CHP,0.05,3,0.16,2.76,34.5,62.5,112,0,NORMAL: Environmental telemetry within statutory parameters.
1716361120,SEC-UG-L2,0.21,16,0.08,2.13,25.0,87.1,111,0,NORMAL: Environmental telemetry within statutory parameters.
1716361240,SEC-PIT-B,0.07,6,0.16,2.01,29.4,65.7,81,0,NORMAL: Environmental telemetry within statutory parameters.
1716361360,SEC-HAUL-RD,0.11,5,0.35,1.83,25.0,73.8,88,0,NORMAL: Environmental telemetry within statutory parameters.
1716361480,SEC-UG-L3,0.1,6,0.13,2.66,25.0,79.5,114,0,NORMAL: Environmental telemetry within statutory parameters.
1716361600,SEC-UG-L2,0.55,4,0.11,2.22,30.4,64.6,74,0,NORMAL: Environmental telemetry within statutory parameters.
1716361720,SEC-MAGAZINE,0.05,11,0.27,2.51,28.4,71.5,109,0,NORMAL: Environmental telemetry within statutory parameters.
1716361840,SEC-CHP,0.05,12,0.11,2.18,24.4,64.3,110,0,NORMAL: Environmental telemetry within statutory parameters.
1716361960,SEC-UG-L2,0.24,20,0.3,2.47,29.1,64.2,47,0,NORMAL: Environmental telemetry within statutory parameters.
1716362080,SEC-CRUSHER,0.11,10,0.1,1.52,34.1,87.7,126,0,NORMAL: Environmental telemetry within statutory parameters.
1716362200,SEC-WORKSHOP-3,0.13,6,0.29,2.96,31.1,84.9,46,0,NORMAL: Environmental telemetry within statutory parameters.
1716362320,SEC-WORKSHOP-3,0.08,3,0.11,2.53,25.8,81.4,135,0,NORMAL: Environmental telemetry within statutory parameters.
1716362440,SEC-UG-L2,0.45,21,0.19,0.87,24.9,85.0,98,0,NORMAL: Environmental telemetry within statutory parameters.
1716362560,SEC-WORKSHOP-3,0.08,10,0.22,2.6,28.1,84.1,54,0,NORMAL: Environmental telemetry within statutory parameters.
1716362680,SEC-WORKSHOP-3,0.05,9,0.31,1.3,24.3,65.5,85,0,NORMAL: Environmental telemetry within statutory parameters.
1716362800,SEC-WORKSHOP-3,0.1,4,0.11,3.13,32.6,81.5,120,0,NORMAL: Environmental telemetry within statutory parameters.
1716362920,SEC-CHP,0.12,10,0.37,3.13,32.7,76.1,59,0,NORMAL: Environmental telemetry within statutory parameters.
1716363040,SEC-CRUSHER,0.06,9,0.2,1.91,28.0,77.0,36,0,NORMAL: Environmental telemetry within statutory parameters.
1716363160,SEC-CRUSHER,0.13,9,0.2,2.25,25.6,81.4,126,0,NORMAL: Environmental telemetry within statutory parameters.
1716363280,SEC-UG-L2,0.07,18,0.11,2.43,33.4,81.9,101,0,NORMAL: Environmental telemetry within statutory parameters.
1716363400,SEC-HAUL-RD,0.14,7,0.28,2.14,26.9,66.1,60,0,NORMAL: Environmental telemetry within statutory parameters.
1716363520,SEC-UG-L2,0.45,15,0.18,2.08,27.4,84.7,97,0,NORMAL: Environmental telemetry within statutory parameters.
1716363640,SEC-MAGAZINE,0.1,12,0.34,1.21,27.9,80.5,94,0,NORMAL: Environmental telemetry within statutory parameters.
1716363760,SEC-HAUL-RD,0.06,8,0.35,2.81,31.9,75.4,53,0,NORMAL: Environmental telemetry within statutory parameters.
1716363880,SEC-CHP,0.08,4,0.14,2.65,35.0,81.9,108,0,NORMAL: Environmental telemetry within statutory parameters.
1716364000,SEC-UG-L2,0.3,8,0.31,1.36,30.2,85.4,98,0,NORMAL: Environmental telemetry within statutory parameters.
1716364120,SEC-MAGAZINE,0.06,12,0.33,1.26,30.1,60.9,65,0,NORMAL: Environmental telemetry within statutory parameters.
1716364240,SEC-UG-L2,0.26,19,0.17,1.81,27.1,72.1,137,0,NORMAL: Environmental telemetry within statutory parameters.
1716364360,SEC-WORKSHOP-3,0.07,9,0.15,2.64,24.4,66.4,51,0,NORMAL: Environmental telemetry within statutory parameters.
1716364480,SEC-WORKSHOP-3,0.14,12,0.21,1.76,27.0,74.4,50,0,NORMAL: Environmental telemetry within statutory parameters.
1716364600,SEC-PIT-A,0.05,7,0.16,0.99,26.1,63.2,91,0,NORMAL: Environmental telemetry within statutory parameters.
1716364720,SEC-UG-L3,0.4,5,0.1,2.09,25.2,70.8,50,0,NORMAL: Environmental telemetry within statutory parameters.
1716364840,SEC-PIT-A,0.14,4,0.11,2.26,32.6,60.6,86,0,NORMAL: Environmental telemetry within statutory parameters.
1716364960,SEC-CHP,0.12,7,0.19,1.64,26.0,71.2,68,0,NORMAL: Environmental telemetry within statutory parameters.
1716365080,SEC-UG-L2,0.42,10,0.23,1.01,33.3,65.6,69,0,NORMAL: Environmental telemetry within statutory parameters.
1716365200,SEC-UG-L3,0.2,13,0.33,1.65,33.1,60.8,87,0,NORMAL: Environmental telemetry within statutory parameters.
1716365320,SEC-UG-L2,0.47,5,0.26,1.79,25.8,81.7,52,0,NORMAL: Environmental telemetry within statutory parameters.
1716365440,SEC-UG-L2,0.23,21,0.22,1.44,31.9,78.2,51,0,NORMAL: Environmental telemetry within statutory parameters.
1716365560,SEC-WORKSHOP-3,0.13,9,0.32,1.36,31.6,84.5,82,0,NORMAL: Environmental telemetry within statutory parameters.
1716365680,SEC-HAUL-RD,0.11,10,0.09,2.7,27.0,81.9,59,0,NORMAL: Environmental telemetry within statutory parameters.
1716365800,SEC-HAUL-RD,0.08,8,0.09,1.07,28.7,79.4,59,0,NORMAL: Environmental telemetry within statutory parameters.
1716365920,SEC-UG-L3,0.42,3,0.15,2.76,26.9,67.6,115,0,NORMAL: Environmental telemetry within statutory parameters.
1716366040,SEC-WORKSHOP-3,0.04,9,0.13,1.97,27.8,78.5,108,0,NORMAL: Environmental telemetry within statutory parameters.
1716366160,SEC-CHP,0.05,5,0.26,1.65,31.1,70.8,71,0,NORMAL: Environmental telemetry within statutory parameters.
1716366280,SEC-HAUL-RD,0.06,4,0.37,2.6,33.7,79.5,95,0,NORMAL: Environmental telemetry within statutory parameters.
1716366400,SEC-CHP,0.05,8,0.13,0.82,25.3,87.1,36,0,NORMAL: Environmental telemetry within statutory parameters.
1716366520,SEC-PIT-B,0.09,7,0.17,2.19,27.3,81.0,135,0,NORMAL: Environmental telemetry within statutory parameters.
1716366640,SEC-HAUL-RD,0.07,4,0.32,2.51,26.6,64.5,105,0,NORMAL: Environmental telemetry within statutory parameters.
1716366760,SEC-UG-L3,0.3,18,0.3,2.45,33.8,61.5,122,0,NORMAL: Environmental telemetry within statutory parameters.
1716366880,SEC-WORKSHOP-3,1.38,34,0.44,1.52,28.7,62.1,154,1,CRITICAL: Methane concentration (1.38%) exceeded statutory limit (1.25%) in SEC-WORKSHOP-3.
1716367000,SEC-UG-L2,1.29,44,1.26,0.18,27.2,79.6,233,1,ALERT: Air velocity dropped to 0.18 m/s (Statutory Minimum: 0.5 m/s).
1716367120,SEC-UG-L3,0.4,10,0.17,1.64,33.1,84.8,54,0,NORMAL: Environmental telemetry within statutory parameters.
1716367240,SEC-MAGAZINE,0.06,5,0.28,2.74,28.1,71.4,126,0,NORMAL: Environmental telemetry within statutory parameters.
1716367360,SEC-WORKSHOP-3,0.1,6,0.09,1.13,28.4,77.8,76,0,NORMAL: Environmental telemetry within statutory parameters.
1716367480,SEC-WORKSHOP-3,0.05,11,0.25,2.92,35.3,83.4,128,0,NORMAL: Environmental telemetry within statutory parameters.
1716367600,SEC-WORKSHOP-3,0.11,11,0.32,1.47,34.8,73.7,127,0,NORMAL: Environmental telemetry within statutory parameters.
1716367720,SEC-HAUL-RD,0.15,4,0.1,3.04,26.9,80.0,67,0,NORMAL: Environmental telemetry within statutory parameters.
1716367840,SEC-PIT-B,0.15,11,0.15,2.62,28.2,68.5,93,0,NORMAL: Environmental telemetry within statutory parameters.
1716367960,SEC-UG-L3,0.29,19,0.36,2.86,27.9,79.9,132,0,NORMAL: Environmental telemetry within statutory parameters.
1716368080,SEC-UG-L2,0.41,18,0.37,2.14,29.7,60.1,128,0,NORMAL: Environmental telemetry within statutory parameters.
1716368200,SEC-WORKSHOP-3,0.14,5,0.18,1.21,25.8,81.0,47,0,NORMAL: Environmental telemetry within statutory parameters.
1716368320,SEC-MAGAZINE,0.1,5,0.31,1.77,35.2,61.7,108,0,NORMAL: Environmental telemetry within statutory parameters.
1716368440,SEC-CRUSHER,0.09,3,0.12,1.83,33.7,75.4,127,0,NORMAL: Environmental telemetry within statutory parameters.
1716368560,SEC-UG-L2,0.37,14,0.22,1.78,32.7,78.7,86,0,NORMAL: Environmental telemetry within statutory parameters.
1716368680,SEC-UG-L1,0.43,3,0.33,1.25,29.4,83.3,130,0,NORMAL: Environmental telemetry within statutory parameters.
1716368800,SEC-HAUL-RD,0.04,3,0.32,1.97,24.7,77.7,134,0,NORMAL: Environmental telemetry within statutory parameters.
1716368920,SEC-CRUSHER,0.12,9,0.31,3.05,25.9,74.0,63,0,NORMAL: Environmental telemetry within statutory parameters.
1716369040,SEC-PIT-A,0.14,11,0.15,2.01,25.8,79.5,111,0,NORMAL: Environmental telemetry within statutory parameters.
1716369160,SEC-CRUSHER,0.07,10,0.34,3.04,31.1,69.7,57,0,NORMAL: Environmental telemetry within statutory parameters.
1716369280,SEC-WORKSHOP-3,0.11,7,0.32,1.75,25.5,73.2,91,0,NORMAL: Environmental telemetry within statutory parameters.
1716369400,SEC-CHP,0.05,12,0.23,2.01,35.5,67.6,92,0,NORMAL: Environmental telemetry within statutory parameters.
1716369520,SEC-WORKSHOP-3,0.04,3,0.14,1.6,32.7,61.7,51,0,NORMAL: Environmental telemetry within statutory parameters.
1716369640,SEC-CRUSHER,0.08,6,0.1,1.1,28.5,86.7,130,0,NORMAL: Environmental telemetry within statutory parameters.
1716369760,SEC-UG-L3,0.53,14,0.37,1.33,31.0,80.0,36,0,NORMAL: Environmental telemetry within statutory parameters.
1716369880,SEC-PIT-A,0.09,7,0.31,0.89,26.6,62.4,83,0,NORMAL: Environmental telemetry within statutory parameters.
1716370000,SEC-MAGAZINE,0.11,7,0.22,2.59,25.4,69.6,82,0,NORMAL: Environmental telemetry within statutory parameters.
1716370120,SEC-MAGAZINE,0.12,12,0.26,0.86,33.2,83.5,127,0,NORMAL: Environmental telemetry within statutory parameters.
1716370240,SEC-UG-L2,0.51,16,0.26,1.3,29.7,66.5,52,0,NORMAL: Environmental telemetry within statutory parameters.
1716370360,SEC-UG-L3,0.31,14,0.29,1.18,30.0,73.0,133,0,NORMAL: Environmental telemetry within statutory parameters.
1716370480,SEC-UG-L2,0.13,13,0.31,1.3,26.7,66.4,39,0,NORMAL: Environmental telemetry within statutory parameters.
1716370600,SEC-WORKSHOP-3,0.12,3,0.08,2.46,25.6,65.8,74,0,NORMAL: Environmental telemetry within statutory parameters.
1716370720,SEC-PIT-A,0.09,7,0.14,1.36,26.3,63.5,132,0,NORMAL: Environmental telemetry within statutory parameters.
1716370840,SEC-MAGAZINE,0.1,11,0.16,1.76,35.1,63.6,133,0,NORMAL: Environmental telemetry within statutory parameters.
1716370960,SEC-WORKSHOP-3,0.11,3,0.16,1.33,30.8,82.4,47,0,NORMAL: Environmental telemetry within statutory parameters.
1716371080,SEC-CHP,0.12,4,0.22,1.81,28.4,60.5,119,0,NORMAL: Environmental telemetry within statutory parameters.
1716371200,SEC-CRUSHER,0.13,8,0.17,2.55,25.7,70.3,123,0,NORMAL: Environmental telemetry within statutory parameters.
1716371320,SEC-MAGAZINE,0.09,5,0.21,0.87,32.2,77.6,61,0,NORMAL: Environmental telemetry within statutory parameters.
1716371440,SEC-WORKSHOP-3,0.15,12,0.21,2.07,26.3,80.3,113,0,NORMAL: Environmental telemetry within statutory parameters.
1716371560,SEC-UG-L1,0.32,21,0.09,2.25,34.5,73.1,113,0,NORMAL: Environmental telemetry within statutory parameters.
1716371680,SEC-MAGAZINE,0.11,4,0.29,0.85,25.1,74.3,56,0,NORMAL: Environmental telemetry within statutory parameters.
1716371800,SEC-HAUL-RD,0.09,8,0.32,2.67,31.9,60.8,122,0,NORMAL: Environmental telemetry within statutory parameters.
1716371920,SEC-CHP,0.23,17,0.29,2.53,31.4,66.2,686,1,ALERT: Airborne respirable dust concentration (686 mg/m³) exceeded DGMS permissible limits.
1716372040,SEC-UG-L3,0.28,12,0.33,2.18,28.9,64.0,103,0,NORMAL: Environmental telemetry within statutory parameters.
1716372160,SEC-HAUL-RD,0.11,3,0.15,1.6,25.7,73.2,74,0,NORMAL: Environmental telemetry within statutory parameters.
1716372280,SEC-UG-L1,0.21,21,0.31,1.38,29.1,65.8,121,0,NORMAL: Environmental telemetry within statutory parameters.
1716372400,SEC-CRUSHER,0.11,12,0.18,2.23,26.3,75.8,35,0,NORMAL: Environmental telemetry within statutory parameters.
1716372520,SEC-CHP,0.07,8,0.21,2.39,26.3,73.2,82,0,NORMAL: Environmental telemetry within statutory parameters.
1716372640,SEC-MAGAZINE,0.04,5,0.3,1.02,25.7,82.6,119,0,NORMAL: Environmental telemetry within statutory parameters.
1716372760,SEC-WORKSHOP-3,0.08,9,0.15,2.58,28.0,70.9,56,0,NORMAL: Environmental telemetry within statutory parameters.
1716372880,SEC-WORKSHOP-3,0.12,5,0.13,2.55,34.6,72.7,71,0,NORMAL: Environmental telemetry within statutory parameters.
1716373000,SEC-HAUL-RD,0.15,9,0.28,0.81,30.7,60.9,47,0,NORMAL: Environmental telemetry within statutory parameters.
1716373120,SEC-PIT-A,0.1,9,0.3,2.55,29.1,87.3,130,0,NORMAL: Environmental telemetry within statutory parameters.
1716373240,SEC-UG-L1,0.2,17,0.31,2.14,31.2,65.5,108,0,NORMAL: Environmental telemetry within statutory parameters.
1716373360,SEC-WORKSHOP-3,0.11,7,0.11,3.18,24.7,82.9,136,0,NORMAL: Environmental telemetry within statutory parameters.
1716373480,SEC-PIT-A,0.09,9,0.17,3.05,31.6,70.2,125,0,NORMAL: Environmental telemetry within statutory parameters.
1716373600,SEC-MAGAZINE,0.07,10,0.32,2.52,29.0,76.1,88,0,NORMAL: Environmental telemetry within statutory parameters.
1716373720,SEC-UG-L3,0.29,9,0.29,3.12,29.1,75.4,104,0,NORMAL: Environmental telemetry within statutory parameters.
1716373840,SEC-PIT-A,0.13,8,0.12,3.06,31.6,70.9,38,0,NORMAL: Environmental telemetry within statutory parameters.
1716373960,SEC-CHP,0.05,6,0.21,2.72,32.5,72.4,73,0,NORMAL: Environmental telemetry within statutory parameters.
1716374080,SEC-HAUL-RD,0.12,11,0.15,1.87,33.4,69.9,66,0,NORMAL: Environmental telemetry within statutory parameters.
1716374200,SEC-HAUL-RD,0.1,12,0.14,0.9,32.6,61.6,55,0,NORMAL: Environmental telemetry within statutory parameters.
1716374320,SEC-UG-L2,0.18,10,0.18,1.44,28.1,74.8,598,1,ALERT: Airborne respirable dust concentration (598 mg/m³) exceeded DGMS permissible limits.
1716374440,SEC-HAUL-RD,0.15,5,0.33,2.45,24.4,66.6,84,0,NORMAL: Environmental telemetry within statutory parameters.
1716374560,SEC-WORKSHOP-3,1.47,24,0.51,1.01,24.0,68.4,149,1,CRITICAL: Methane concentration (1.47%) exceeded statutory limit (1.25%) in SEC-WORKSHOP-3.
1716374680,SEC-PIT-A,0.08,10,0.16,1.83,25.4,80.8,109,0,NORMAL: Environmental telemetry within statutory parameters.
1716374800,SEC-PIT-B,0.06,4,0.32,0.91,26.7,76.1,131,0,NORMAL: Environmental telemetry within statutory parameters.
1716374920,SEC-CRUSHER,0.15,11,0.32,2.5,34.7,62.0,126,0,NORMAL: Environmental telemetry within statutory parameters.
1716375040,SEC-HAUL-RD,0.04,7,0.12,2.05,26.5,70.4,63,0,NORMAL: Environmental telemetry within statutory parameters.
1716375160,SEC-MAGAZINE,0.12,9,0.08,2.76,27.6,81.0,100,0,NORMAL: Environmental telemetry within statutory parameters.
1716375280,SEC-PIT-A,0.08,10,0.14,2.04,35.4,84.8,48,0,NORMAL: Environmental telemetry within statutory parameters.
1716375400,SEC-PIT-B,0.07,8,0.34,1.03,25.1,70.5,104,0,NORMAL: Environmental telemetry within statutory parameters.
1716375520,SEC-PIT-A,0.14,4,0.26,2.26,30.7,65.3,133,0,NORMAL: Environmental telemetry within statutory parameters.
1716375640,SEC-CRUSHER,0.12,3,0.34,1.61,25.1,82.8,108,0,NORMAL: Environmental telemetry within statutory parameters.
1716375760,SEC-HAUL-RD,0.14,9,0.24,1.0,33.1,73.8,90,0,NORMAL: Environmental telemetry within statutory parameters.
1716375880,SEC-WORKSHOP-3,1.92,34,0.77,1.44,32.1,81.0,92,1,CRITICAL: Methane concentration (1.92%) exceeded statutory limit (1.25%) in SEC-WORKSHOP-3.
1716376000,SEC-MAGAZINE,0.14,8,0.09,3.0,25.2,71.8,124,0,NORMAL: Environmental telemetry within statutory parameters.
1716376120,SEC-UG-L1,0.15,7,0.1,1.27,28.1,86.9,108,0,NORMAL: Environmental telemetry within statutory parameters.
1716376240,SEC-PIT-A,0.14,7,0.09,0.93,26.5,84.4,140,0,NORMAL: Environmental telemetry within statutory parameters.
1716376360,SEC-PIT-B,0.09,8,0.24,1.64,32.2,67.1,54,0,NORMAL: Environmental telemetry within statutory parameters.
1716376480,SEC-PIT-A,0.05,5,0.35,2.69,25.5,60.9,129,0,NORMAL: Environmental telemetry within statutory parameters.
1716376600,SEC-UG-L2,0.55,21,0.38,1.69,28.9,73.7,44,0,NORMAL: Environmental telemetry within statutory parameters.
1716376720,SEC-PIT-B,0.05,9,0.09,2.34,24.9,63.4,104,0,NORMAL: Environmental telemetry within statutory parameters.
1716376840,SEC-UG-L1,0.4,10,0.34,2.27,34.7,65.5,112,0,NORMAL: Environmental telemetry within statutory parameters.
1716376960,SEC-UG-L1,0.34,19,0.31,2.19,24.7,82.1,52,0,NORMAL: Environmental telemetry within statutory parameters.
1716377080,SEC-UG-L2,0.19,13,0.26,2.13,29.8,76.9,123,0,NORMAL: Environmental telemetry within statutory parameters.
1716377200,SEC-PIT-B,0.14,9,0.27,2.17,33.9,61.4,86,0,NORMAL: Environmental telemetry within statutory parameters.
1716377320,SEC-UG-L3,0.22,5,0.1,2.61,33.1,60.2,62,0,NORMAL: Environmental telemetry within statutory parameters.
1716377440,SEC-PIT-B,0.07,4,0.36,2.94,24.2,67.1,133,0,NORMAL: Environmental telemetry within statutory parameters.
1716377560,SEC-CRUSHER,0.14,4,0.29,2.0,27.0,82.5,48,0,NORMAL: Environmental telemetry within statutory parameters.
1716377680,SEC-MAGAZINE,0.07,12,0.18,1.47,24.3,71.3,80,0,NORMAL: Environmental telemetry within statutory parameters.
1716377800,SEC-HAUL-RD,0.13,8,0.33,2.99,28.8,63.7,39,0,NORMAL: Environmental telemetry within statutory parameters.
1716377920,SEC-WORKSHOP-3,0.08,12,0.25,2.44,30.3,83.3,116,0,NORMAL: Environmental telemetry within statutory parameters.
1716378040,SEC-HAUL-RD,0.09,5,0.26,1.46,25.6,77.3,74,0,NORMAL: Environmental telemetry within statutory parameters.
1716378160,SEC-PIT-A,0.08,10,0.35,1.23,31.8,77.6,59,0,NORMAL: Environmental telemetry within statutory parameters.
1716378280,SEC-UG-L3,0.42,22,0.11,2.24,26.2,62.7,79,0,NORMAL: Environmental telemetry within statutory parameters.
1716378400,SEC-UG-L3,0.31,15,0.12,3.17,32.2,84.9,121,0,NORMAL: Environmental telemetry within statutory parameters.
1716378520,SEC-CHP,0.04,9,0.12,2.74,25.0,81.2,84,0,NORMAL: Environmental telemetry within statutory parameters.
1716378640,SEC-CRUSHER,0.12,9,0.21,2.64,30.9,63.6,74,0,NORMAL: Environmental telemetry within statutory parameters.
1716378760,SEC-CRUSHER,0.11,9,0.22,0.91,28.3,64.4,85,0,NORMAL: Environmental telemetry within statutory parameters.
1716378880,SEC-WORKSHOP-3,0.13,7,0.09,0.95,33.5,73.9,81,0,NORMAL: Environmental telemetry within statutory parameters.
1716379000,SEC-UG-L1,0.41,7,0.18,1.46,27.9,69.6,60,0,NORMAL: Environmental telemetry within statutory parameters.
1716379120,SEC-CRUSHER,0.04,8,0.3,2.05,27.6,70.9,114,0,NORMAL: Environmental telemetry within statutory parameters.
1716379240,SEC-PIT-B,0.05,3,0.18,1.16,28.1,80.5,115,0,NORMAL: Environmental telemetry within statutory parameters.
1716379360,SEC-UG-L2,0.43,9,0.3,2.04,34.6,60.5,82,0,NORMAL: Environmental telemetry within statutory parameters.
1716379480,SEC-HAUL-RD,0.11,7,0.28,1.38,32.3,79.9,51,0,NORMAL: Environmental telemetry within statutory parameters.
1716379600,SEC-PIT-A,0.14,12,0.16,1.42,26.6,63.1,130,0,NORMAL: Environmental telemetry within statutory parameters.
1716379720,SEC-UG-L3,0.37,5,0.16,0.87,34.7,73.6,103,0,NORMAL: Environmental telemetry within statutory parameters.
1716379840,SEC-UG-L2,0.5,9,0.28,2.32,30.8,75.2,96,0,NORMAL: Environmental telemetry within statutory parameters.
1716379960,SEC-UG-L3,0.16,59,0.7,1.19,25.1,73.8,108,1,WARNING: Elevated Carbon Monoxide (59 ppm) detected. Probable spontaneous heating.
1716380080,SEC-HAUL-RD,0.14,11,0.1,1.06,35.0,82.5,36,0,NORMAL: Environmental telemetry within statutory parameters.
1716380200,SEC-HAUL-RD,0.13,5,0.37,1.63,30.0,77.3,94,0,NORMAL: Environmental telemetry within statutory parameters.
1716380320,SEC-CRUSHER,0.11,8,0.23,1.88,32.9,84.4,71,0,NORMAL: Environmental telemetry within statutory parameters.
1716380440,SEC-UG-L1,0.43,12,0.23,3.08,26.2,81.2,53,0,NORMAL: Environmental telemetry within statutory parameters.
1716380560,SEC-WORKSHOP-3,0.06,7,0.17,1.25,27.7,69.2,116,0,NORMAL: Environmental telemetry within statutory parameters.
1716380680,SEC-PIT-B,0.15,11,0.31,2.13,24.5,67.0,77,0,NORMAL: Environmental telemetry within statutory parameters.
1716380800,SEC-CHP,0.1,11,0.14,3.11,24.1,67.3,55,0,NORMAL: Environmental telemetry within statutory parameters.
1716380920,SEC-CRUSHER,0.08,9,0.29,2.08,30.3,73.9,104,0,NORMAL: Environmental telemetry within statutory parameters.
1716381040,SEC-CHP,0.13,10,0.1,2.4,31.2,68.8,42,0,NORMAL: Environmental telemetry within statutory parameters.
1716381160,SEC-PIT-B,0.13,9,0.25,2.25,28.3,81.0,48,0,NORMAL: Environmental telemetry within statutory parameters.
1716381280,SEC-UG-L1,0.09,4,0.22,1.51,27.0,86.7,45,0,NORMAL: Environmental telemetry within statutory parameters.
1716381400,SEC-UG-L2,1.27,27,0.34,1.89,25.6,82.1,131,1,CRITICAL: Methane concentration (1.27%) exceeded statutory limit (1.25%) in SEC-UG-L2.
1716381520,SEC-HAUL-RD,0.07,10,0.17,3.04,24.8,82.3,62,0,NORMAL: Environmental telemetry within statutory parameters.
1716381640,SEC-WORKSHOP-3,0.05,8,0.15,2.76,33.0,86.1,70,0,NORMAL: Environmental telemetry within statutory parameters.
1716381760,SEC-UG-L1,0.47,17,0.09,0.86,32.6,82.2,40,0,NORMAL: Environmental telemetry within statutory parameters.
1716381880,SEC-UG-L3,0.19,22,0.23,2.57,32.1,82.8,104,0,NORMAL: Environmental telemetry within statutory parameters.
1716382000,SEC-CRUSHER,0.12,11,0.23,2.81,29.9,61.5,95,0,NORMAL: Environmental telemetry within statutory parameters.
1716382120,SEC-UG-L1,0.33,7,0.23,1.41,29.0,85.7,93,0,NORMAL: Environmental telemetry within statutory parameters.
1716382240,SEC-MAGAZINE,0.14,12,0.34,3.09,26.5,64.5,61,0,NORMAL: Environmental telemetry within statutory parameters.
1716382360,SEC-UG-L1,0.35,11,0.25,3.03,24.2,72.6,91,0,NORMAL: Environmental telemetry within statutory parameters.
1716382480,SEC-PIT-B,0.12,11,0.15,1.75,27.6,73.2,94,0,NORMAL: Environmental telemetry within statutory parameters.
1716382600,SEC-WORKSHOP-3,0.09,6,0.2,1.79,28.1,60.4,132,0,NORMAL: Environmental telemetry within statutory parameters.
1716382720,SEC-WORKSHOP-3,0.12,5,0.34,2.12,25.4,87.1,54,0,NORMAL: Environmental telemetry within statutory parameters.
1716382840,SEC-MAGAZINE,0.1,6,0.34,2.01,25.9,75.6,103,0,NORMAL: Environmental telemetry within statutory parameters.
1716382960,SEC-UG-L3,0.11,11,0.29,1.32,26.3,60.3,61,0,NORMAL: Environmental telemetry within statutory parameters.
1716383080,SEC-UG-L3,0.22,21,0.38,1.83,31.6,61.0,56,0,NORMAL: Environmental telemetry within statutory parameters.
1716383200,SEC-CRUSHER,0.15,3,0.35,2.1,25.1,65.7,64,0,NORMAL: Environmental telemetry within statutory parameters.
1716383320,SEC-UG-L3,0.21,11,0.25,3.2,25.3,74.6,46,0,NORMAL: Environmental telemetry within statutory parameters.
1716383440,SEC-UG-L3,0.45,14,0.11,3.12,25.4,84.4,58,0,NORMAL: Environmental telemetry within statutory parameters.
1716383560,SEC-UG-L2,0.39,18,0.31,0.85,32.2,86.3,106,0,NORMAL: Environmental telemetry within statutory parameters.
1716383680,SEC-CRUSHER,0.14,4,0.1,1.79,30.7,85.9,78,0,NORMAL: Environmental telemetry within statutory parameters.
1716383800,SEC-MAGAZINE,0.12,12,0.36,1.2,26.8,76.1,114,0,NORMAL: Environmental telemetry within statutory parameters.
1716383920,SEC-UG-L2,0.15,16,0.14,2.45,30.6,65.0,78,0,NORMAL: Environmental telemetry within statutory parameters.
1716384040,SEC-CRUSHER,0.1,10,0.23,2.16,33.1,71.9,81,0,NORMAL: Environmental telemetry within statutory parameters.
1716384160,SEC-UG-L2,0.2,18,0.16,2.23,28.0,81.7,109,0,NORMAL: Environmental telemetry within statutory parameters.
1716384280,SEC-MAGAZINE,0.66,45,0.89,0.08,31.0,60.4,141,1,ALERT: Air velocity dropped to 0.08 m/s (Statutory Minimum: 0.5 m/s).
1716384400,SEC-WORKSHOP-3,0.05,3,0.09,0.98,31.0,69.4,63,0,NORMAL: Environmental telemetry within statutory parameters.
1716384520,SEC-MAGAZINE,0.07,5,0.3,1.79,29.7,64.4,67,0,NORMAL: Environmental telemetry within statutory parameters.
1716384640,SEC-PIT-B,0.1,3,0.11,2.87,34.9,62.7,102,0,NORMAL: Environmental telemetry within statutory parameters.
1716384760,SEC-CRUSHER,0.14,7,0.33,2.49,27.6,77.6,37,0,NORMAL: Environmental telemetry within statutory parameters.
1716384880,SEC-HAUL-RD,0.05,10,0.15,2.39,28.4,77.2,38,0,NORMAL: Environmental telemetry within statutory parameters.
1716385000,SEC-HAUL-RD,0.11,9,0.22,3.15,31.8,63.3,109,0,NORMAL: Environmental telemetry within statutory parameters.
1716385120,SEC-UG-L1,0.27,16,0.17,2.42,28.2,82.4,42,0,NORMAL: Environmental telemetry within statutory parameters.
1716385240,SEC-HAUL-RD,0.15,7,0.35,2.29,25.2,83.6,95,0,NORMAL: Environmental telemetry within statutory parameters.
1716385360,SEC-CHP,0.12,12,0.14,2.64,29.4,63.3,97,0,NORMAL: Environmental telemetry within statutory parameters.
1716385480,SEC-CHP,0.11,10,0.28,1.29,26.1,83.4,138,0,NORMAL: Environmental telemetry within statutory parameters.
1716385600,SEC-CRUSHER,0.25,18,0.25,2.38,31.9,71.8,808,1,ALERT: Airborne respirable dust concentration (808 mg/m³) exceeded DGMS permissible limits.
1716385720,SEC-PIT-B,1.11,35,0.66,0.13,35.3,73.4,186,1,ALERT: Air velocity dropped to 0.13 m/s (Statutory Minimum: 0.5 m/s).
1716385840,SEC-HAUL-RD,0.06,6,0.38,1.79,34.2,61.4,69,0,NORMAL: Environmental telemetry within statutory parameters.
1716385960,SEC-CRUSHER,0.09,10,0.28,2.92,34.1,76.6,132,0,NORMAL: Environmental telemetry within statutory parameters.
1716386080,SEC-UG-L3,0.3,15,0.2,1.42,31.3,87.2,109,0,NORMAL: Environmental telemetry within statutory parameters.
1716386200,SEC-PIT-B,0.13,6,0.16,1.86,33.9,78.1,67,0,NORMAL: Environmental telemetry within statutory parameters.
1716386320,SEC-UG-L1,0.44,10,0.21,1.21,24.1,80.3,117,0,NORMAL: Environmental telemetry within statutory parameters.
1716386440,SEC-MAGAZINE,0.07,6,0.27,1.42,26.7,82.5,38,0,NORMAL: Environmental telemetry within statutory parameters.
1716386560,SEC-CHP,0.14,3,0.31,1.96,28.3,74.9,35,0,NORMAL: Environmental telemetry within statutory parameters.
1716386680,SEC-UG-L2,0.23,15,0.25,1.25,25.4,71.4,112,0,NORMAL: Environmental telemetry within statutory parameters.
1716386800,SEC-CRUSHER,0.12,3,0.29,1.46,24.3,66.2,134,0,NORMAL: Environmental telemetry within statutory parameters.
1716386920,SEC-UG-L2,0.58,20,1.08,0.14,33.3,79.8,135,1,ALERT: Air velocity dropped to 0.14 m/s (Statutory Minimum: 0.5 m/s).
1716387040,SEC-PIT-A,0.05,5,0.2,2.04,29.2,76.3,103,0,NORMAL: Environmental telemetry within statutory parameters.
1716387160,SEC-UG-L2,0.19,15,0.22,2.35,32.0,87.9,69,0,NORMAL: Environmental telemetry within statutory parameters.
1716387280,SEC-CRUSHER,0.12,6,0.15,2.86,34.4,65.5,52,0,NORMAL: Environmental telemetry within statutory parameters.
1716387400,SEC-HAUL-RD,0.07,8,0.26,2.68,35.0,76.1,125,0,NORMAL: Environmental telemetry within statutory parameters.
1716387520,SEC-PIT-B,1.27,35,0.54,0.66,25.3,84.5,176,1,CRITICAL: Methane concentration (1.27%) exceeded statutory limit (1.25%) in SEC-PIT-B.
1716387640,SEC-CHP,0.07,11,0.16,2.91,30.5,73.1,95,0,NORMAL: Environmental telemetry within statutory parameters.
1716387760,SEC-MAGAZINE,0.07,3,0.21,1.43,34.2,72.5,62,0,NORMAL: Environmental telemetry within statutory parameters.
1716387880,SEC-CHP,0.14,11,0.26,2.85,34.9,85.5,37,0,NORMAL: Environmental telemetry within statutory parameters.
1716388000,SEC-UG-L1,0.13,17,0.09,1.77,29.4,72.1,102,0,NORMAL: Environmental telemetry within statutory parameters.
1716388120,SEC-WORKSHOP-3,1.92,32,0.64,0.77,30.9,66.7,80,1,CRITICAL: Methane concentration (1.92%) exceeded statutory limit (1.25%) in SEC-WORKSHOP-3.
1716388240,SEC-CRUSHER,0.13,12,0.11,1.25,26.9,76.8,94,0,NORMAL: Environmental telemetry within statutory parameters.
1716388360,SEC-HAUL-RD,0.07,4,0.29,3.12,29.7,86.2,66,0,NORMAL: Environmental telemetry within statutory parameters.
1716388480,SEC-WORKSHOP-3,1.76,17,0.68,1.48,33.7,70.2,143,1,CRITICAL: Methane concentration (1.76%) exceeded statutory limit (1.25%) in SEC-WORKSHOP-3.
1716388600,SEC-PIT-A,0.07,10,0.09,1.89,32.8,79.1,61,0,NORMAL: Environmental telemetry within statutory parameters.
1716388720,SEC-UG-L3,0.41,19,0.37,2.73,26.9,83.6,64,0,NORMAL: Environmental telemetry within statutory parameters.
1716388840,SEC-CHP,0.09,8,0.28,2.46,34.0,84.6,35,0,NORMAL: Environmental telemetry within statutory parameters.
1716388960,SEC-HAUL-RD,0.06,3,0.26,1.25,30.4,82.9,92,0,NORMAL: Environmental telemetry within statutory parameters.
1716389080,SEC-UG-L2,0.44,11,0.15,3.08,29.7,74.5,89,0,NORMAL: Environmental telemetry within statutory parameters.
1716389200,SEC-HAUL-RD,0.07,7,0.38,2.93,30.5,76.0,105,0,NORMAL: Environmental telemetry within statutory parameters.
1716389320,SEC-CHP,0.1,3,0.14,1.25,24.4,77.5,115,0,NORMAL: Environmental telemetry within statutory parameters.
1716389440,SEC-CHP,0.13,8,0.13,2.29,24.6,80.8,134,0,NORMAL: Environmental telemetry within statutory parameters.
1716389560,SEC-UG-L1,0.51,4,0.35,2.26,31.6,71.3,111,0,NORMAL: Environmental telemetry within statutory parameters.
1716389680,SEC-UG-L2,0.53,8,0.35,1.66,28.1,87.1,86,0,NORMAL: Environmental telemetry within statutory parameters.
1716389800,SEC-UG-L2,2.09,23,0.7,1.78,31.9,65.8,86,1,CRITICAL: Methane concentration (2.09%) exceeded statutory limit (1.25%) in SEC-UG-L2.
1716389920,SEC-UG-L1,0.62,92,0.83,0.78,35.2,69.1,192,1,WARNING: Elevated Carbon Monoxide (92 ppm) detected. Probable spontaneous heating.
1716390040,SEC-PIT-A,0.06,11,0.12,0.89,33.8,86.1,123,0,NORMAL: Environmental telemetry within statutory parameters.
1716390160,SEC-UG-L1,0.07,19,0.34,2.68,30.5,85.5,39,0,NORMAL: Environmental telemetry within statutory parameters.
1716390280,SEC-PIT-A,0.08,11,0.17,1.88,28.1,81.2,101,0,NORMAL: Environmental telemetry within statutory parameters.
1716390400,SEC-WORKSHOP-3,0.14,12,0.32,3.06,27.1,80.1,54,0,NORMAL: Environmental telemetry within statutory parameters.
1716390520,SEC-CHP,0.13,8,0.34,2.09,25.7,79.0,97,0,NORMAL: Environmental telemetry within statutory parameters.
1716390640,SEC-MAGAZINE,0.09,7,0.34,2.21,29.8,65.2,47,0,NORMAL: Environmental telemetry within statutory parameters.
1716390760,SEC-CHP,0.09,9,0.31,2.68,32.3,69.4,119,0,NORMAL: Environmental telemetry within statutory parameters.
1716390880,SEC-CHP,0.07,11,0.12,1.82,33.8,77.4,128,0,NORMAL: Environmental telemetry within statutory parameters.
1716391000,SEC-UG-L3,0.3,15,0.11,2.72,33.5,81.3,36,0,NORMAL: Environmental telemetry within statutory parameters.
1716391120,SEC-MAGAZINE,0.1,4,0.35,2.83,24.4,76.0,129,0,NORMAL: Environmental telemetry within statutory parameters.
1716391240,SEC-UG-L3,0.4,4,0.15,1.6,34.7,71.6,91,0,NORMAL: Environmental telemetry within statutory parameters.
1716391360,SEC-CHP,0.08,6,0.19,1.6,24.9,61.7,100,0,NORMAL: Environmental telemetry within statutory parameters.
1716391480,SEC-UG-L1,0.27,13,0.17,2.64,31.2,86.1,92,0,NORMAL: Environmental telemetry within statutory parameters.
1716391600,SEC-UG-L3,0.49,14,0.17,2.5,26.5,72.5,51,0,NORMAL: Environmental telemetry within statutory parameters.
1716391720,SEC-UG-L3,0.45,10,0.22,1.93,24.2,61.7,39,0,NORMAL: Environmental telemetry within statutory parameters.
1716391840,SEC-UG-L3,0.5,22,0.37,2.11,30.5,80.6,74,0,NORMAL: Environmental telemetry within statutory parameters.
1716391960,SEC-WORKSHOP-3,0.14,4,0.21,1.12,30.5,82.1,121,0,NORMAL: Environmental telemetry within statutory parameters.
1716392080,SEC-WORKSHOP-3,0.08,12,0.15,2.96,32.9,72.1,56,0,NORMAL: Environmental telemetry within statutory parameters.
1716392200,SEC-UG-L3,0.44,15,0.17,2.68,35.3,73.7,134,0,NORMAL: Environmental telemetry within statutory parameters.
1716392320,SEC-WORKSHOP-3,0.06,4,0.36,2.76,32.0,65.7,49,0,NORMAL: Environmental telemetry within statutory parameters.
1716392440,SEC-PIT-B,0.14,3,0.1,1.48,27.9,66.7,81,0,NORMAL: Environmental telemetry within statutory parameters.
1716392560,SEC-UG-L3,0.36,13,0.35,1.67,33.2,86.8,90,0,NORMAL: Environmental telemetry within statutory parameters.
1716392680,SEC-CRUSHER,0.15,6,0.14,2.71,29.6,87.2,119,0,NORMAL: Environmental telemetry within statutory parameters.
1716392800,SEC-CRUSHER,0.05,12,0.19,0.82,32.6,62.6,137,0,NORMAL: Environmental telemetry within statutory parameters.
1716392920,SEC-MAGAZINE,0.12,7,0.14,1.94,34.5,79.1,82,0,NORMAL: Environmental telemetry within statutory parameters.
1716393040,SEC-MAGAZINE,0.06,12,0.22,1.36,30.4,84.8,85,0,NORMAL: Environmental telemetry within statutory parameters.
1716393160,SEC-HAUL-RD,0.07,4,0.28,1.81,30.6,87.0,102,0,NORMAL: Environmental telemetry within statutory parameters.
1716393280,SEC-MAGAZINE,0.1,3,0.37,0.88,33.1,75.5,82,0,NORMAL: Environmental telemetry within statutory parameters.
1716393400,SEC-HAUL-RD,1.64,21,0.39,0.83,24.6,77.1,112,1,CRITICAL: Methane concentration (1.64%) exceeded statutory limit (1.25%) in SEC-HAUL-RD.
1716393520,SEC-UG-L2,0.41,9,0.36,1.84,30.8,65.2,98,0,NORMAL: Environmental telemetry within statutory parameters.
1716393640,SEC-PIT-A,0.14,11,0.25,1.87,34.9,87.8,56,0,NORMAL: Environmental telemetry within statutory parameters.
1716393760,SEC-PIT-B,0.11,11,0.17,3.09,30.0,81.1,92,0,NORMAL: Environmental telemetry within statutory parameters.
1716393880,SEC-CRUSHER,0.09,6,0.3,1.46,25.6,60.2,137,0,NORMAL: Environmental telemetry within statutory parameters.
1716394000,SEC-UG-L2,0.4,8,0.17,2.58,29.0,73.5,86,0,NORMAL: Environmental telemetry within statutory parameters.
1716394120,SEC-UG-L1,0.25,11,0.33,1.42,30.4,81.5,117,0,NORMAL: Environmental telemetry within statutory parameters.
1716394240,SEC-UG-L1,0.35,16,0.2,1.86,31.5,74.5,135,0,NORMAL: Environmental telemetry within statutory parameters.
1716394360,SEC-MAGAZINE,0.13,7,0.16,2.16,28.5,72.5,74,0,NORMAL: Environmental telemetry within statutory parameters.
1716394480,SEC-PIT-B,0.14,9,0.32,1.32,30.5,79.7,136,0,NORMAL: Environmental telemetry within statutory parameters.
1716394600,SEC-UG-L2,0.21,16,0.2,2.37,31.1,60.3,60,0,NORMAL: Environmental telemetry within statutory parameters.
1716394720,SEC-UG-L1,0.44,21,0.31,2.83,33.3,67.5,107,0,NORMAL: Environmental telemetry within statutory parameters.
1716394840,SEC-HAUL-RD,0.09,11,0.1,2.95,35.3,65.1,119,0,NORMAL: Environmental telemetry within statutory parameters.
1716394960,SEC-UG-L1,0.44,10,0.28,2.36,25.6,70.7,117,0,NORMAL: Environmental telemetry within statutory parameters.
1716395080,SEC-WORKSHOP-3,0.14,6,0.22,1.35,30.4,67.6,125,0,NORMAL: Environmental telemetry within statutory parameters.
1716395200,SEC-CRUSHER,0.05,11,0.2,3.01,34.2,74.6,125,0,NORMAL: Environmental telemetry within statutory parameters.
1716395320,SEC-CHP,0.07,7,0.32,1.59,31.9,85.6,84,0,NORMAL: Environmental telemetry within statutory parameters.
1716395440,SEC-CHP,0.09,9,0.28,2.4,35.3,83.1,136,0,NORMAL: Environmental telemetry within statutory parameters.
1716395560,SEC-WORKSHOP-3,0.1,3,0.1,1.65,33.8,63.7,43,0,NORMAL: Environmental telemetry within statutory parameters.
1716395680,SEC-CRUSHER,0.09,9,0.16,1.41,27.0,87.1,112,0,NORMAL: Environmental telemetry within statutory parameters.
1716395800,SEC-UG-L2,0.06,16,0.11,3.11,26.2,67.0,80,0,NORMAL: Environmental telemetry within statutory parameters.
1716395920,SEC-UG-L3,0.07,7,0.11,2.44,29.1,72.8,90,0,NORMAL: Environmental telemetry within statutory parameters.
1716396040,SEC-PIT-B,0.06,6,0.18,2.32,30.6,74.8,46,0,NORMAL: Environmental telemetry within statutory parameters.
1716396160,SEC-PIT-A,0.08,4,0.15,1.56,27.7,75.2,105,0,NORMAL: Environmental telemetry within statutory parameters.
1716396280,SEC-UG-L3,0.51,8,0.29,2.0,34.3,71.5,95,0,NORMAL: Environmental telemetry within statutory parameters.
1716396400,SEC-UG-L2,0.29,21,0.29,0.91,25.5,65.7,70,0,NORMAL: Environmental telemetry within statutory parameters.
1716396520,SEC-PIT-B,2.22,31,0.61,0.71,24.5,70.2,165,1,CRITICAL: Methane concentration (2.22%) exceeded statutory limit (1.25%) in SEC-PIT-B.
1716396640,SEC-UG-L1,0.31,14,0.22,2.81,33.6,68.3,134,0,NORMAL: Environmental telemetry within statutory parameters.
1716396760,SEC-CRUSHER,0.11,8,0.33,1.94,26.1,77.3,125,0,NORMAL: Environmental telemetry within statutory parameters.
1716396880,SEC-CRUSHER,0.05,7,0.14,2.97,33.4,61.3,99,0,NORMAL: Environmental telemetry within statutory parameters.
1716397000,SEC-PIT-A,0.09,8,0.12,0.9,24.1,81.0,44,0,NORMAL: Environmental telemetry within statutory parameters.
1716397120,SEC-UG-L1,0.32,17,0.17,2.73,33.5,63.1,60,0,NORMAL: Environmental telemetry within statutory parameters.
1716397240,SEC-WORKSHOP-3,0.13,3,0.17,1.0,29.1,67.0,51,0,NORMAL: Environmental telemetry within statutory parameters.
1716397360,SEC-PIT-B,0.09,8,0.2,0.9,26.3,62.4,63,0,NORMAL: Environmental telemetry within statutory parameters.
1716397480,SEC-CRUSHER,0.08,3,0.21,1.15,27.7,69.5,93,0,NORMAL: Environmental telemetry within statutory parameters.
1716397600,SEC-CRUSHER,0.06,3,0.28,1.77,32.6,64.0,95,0,NORMAL: Environmental telemetry within statutory parameters.
1716397720,SEC-CHP,0.04,8,0.35,2.83,34.6,75.4,122,0,NORMAL: Environmental telemetry within statutory parameters.
1716397840,SEC-PIT-A,0.04,10,0.37,2.65,25.0,74.6,57,0,NORMAL: Environmental telemetry within statutory parameters.
1716397960,SEC-CRUSHER,0.12,6,0.32,3.13,33.2,65.3,81,0,NORMAL: Environmental telemetry within statutory parameters.
1716398080,SEC-UG-L2,0.51,3,0.27,1.69,27.2,76.3,102,0,NORMAL: Environmental telemetry within statutory parameters.
1716398200,SEC-CHP,0.14,9,0.18,2.76,30.7,65.3,91,0,NORMAL: Environmental telemetry within statutory parameters.
1716398320,SEC-PIT-B,0.06,5,0.16,1.75,28.7,74.8,68,0,NORMAL: Environmental telemetry within statutory parameters.
1716398440,SEC-CHP,0.12,4,0.25,1.14,27.5,84.0,39,0,NORMAL: Environmental telemetry within statutory parameters.
1716398560,SEC-PIT-B,0.07,11,0.09,1.56,31.0,65.3,41,0,NORMAL: Environmental telemetry within statutory parameters.
1716398680,SEC-CRUSHER,0.12,6,0.37,1.29,24.1,73.5,65,0,NORMAL: Environmental telemetry within statutory parameters.
1716398800,SEC-CHP,0.06,3,0.08,2.77,25.4,81.6,71,0,NORMAL: Environmental telemetry within statutory parameters.
1716398920,SEC-UG-L3,0.51,4,0.27,1.15,29.3,83.2,135,0,NORMAL: Environmental telemetry within statutory parameters.
1716399040,SEC-UG-L3,0.1,8,0.18,2.48,26.0,85.2,114,0,NORMAL: Environmental telemetry within statutory parameters.
1716399160,SEC-UG-L2,0.51,21,0.3,1.02,33.7,75.1,117,0,NORMAL: Environmental telemetry within statutory parameters.
1716399280,SEC-CRUSHER,0.09,12,0.21,0.89,25.1,86.7,112,0,NORMAL: Environmental telemetry within statutory parameters.
1716399400,SEC-UG-L2,0.43,10,0.09,2.48,31.9,80.2,42,0,NORMAL: Environmental telemetry within statutory parameters.
1716399520,SEC-HAUL-RD,0.08,11,0.14,2.52,29.6,65.9,44,0,NORMAL: Environmental telemetry within statutory parameters.
1716399640,SEC-CRUSHER,0.09,11,0.26,2.76,27.4,70.8,127,0,NORMAL: Environmental telemetry within statutory parameters.
1716399760,SEC-UG-L3,0.48,7,0.37,1.6,34.7,70.3,60,0,NORMAL: Environmental telemetry within statutory parameters.
1716399880,SEC-PIT-A,0.13,9,0.34,0.82,28.5,84.3,68,0,NORMAL: Environmental telemetry within statutory parameters.
